id,date_of_birth,address_id,name_id,gender,language
3,2005-04-06,3,3,,
4,1985-06-15,4,4,Male,English
5,1990-11-23,5,5,Female,Spanish
6,1982-09-03,6,6,Male,Hindi
7,1993-04-12,7,7,Female,English
8,1978-12-10,8,8,Male,Arabic
9,1995-07-18,9,9,Female,Spanish
10,1988-03-25,10,10,Male,Mandarin
11,1991-09-28,11,11,Female,Bengali
12,1980-02-14,12,12,Male,French
13,1987-11-30,13,13,Female,Japanese
14,1987-11-30,14,14,Female,Japanese
15,1987-11-30,15,15,Female,Japanese
16,1987-11-30,16,16,Female,Japanese
17,1983-07-22,17,17,Female,Russian
18,1990-05-15,18,18,Male,Twi
19,1992-12-08,19,19,Female,Italian
20,1986-08-17,20,20,Male,Portuguese
21,1989-03-29,21,21,Female,Arabic
22,1975-10-14,22,22,Male,Swedish
23,1994-01-25,23,23,Female,Korean
24,1984-04-02,24,24,Male,Arabic
25,1993-09-12,25,25,Female,Romanian
26,1988-07-05,26,26,Male,Vietnamese
27,1990-08-26,27,27,Prefer not to say,Hindi
28,1973-06-16,28,28,Female,English
29,1968-08-05,29,29,Non-binary,Hindi
30,1989-10-19,30,30,Female,English
31,1975-01-19,31,31,Male,French
32,1981-06-22,32,32,Male,English
33,1971-10-19,33,33,Male,Russian
34,1970-06-14,34,34,Prefer not to say,Vietnamese
35,1990-07-20,35,35,Prefer not to say,Romanian
36,1969-03-21,36,36,Female,Italian
37,1996-07-20,37,37,Male,Italian
38,1974-03-31,38,38,Non-binary,Romanian
39,1995-12-24,39,39,Female,Arabic
40,1973-11-10,40,40,Female,German
41,1983-12-22,41,41,Prefer not to say,Portuguese
42,1986-07-19,42,42,Female,Hindi
43,1969-01-22,43,43,Prefer not to say,Greek
44,1965-06-09,44,44,Non-binary,Vietnamese
45,1967-03-22,45,45,Male,Dutch
46,1989-02-11,46,46,Non-binary,Polish
47,2000-07-24,47,47,Female,Thai
48,1964-12-04,48,48,Non-binary,Hindi
49,1960-03-29,49,49,Prefer not to say,French
50,1961-12-02,50,50,Female,Polish
51,1969-08-05,51,51,Male,Korean
52,1969-10-16,52,52,Prefer not to say,Portuguese
53,1989-07-26,53,53,Prefer not to say,Mandarin
54,1976-03-11,54,54,Non-binary,French
55,1970-11-19,55,55,Male,Dutch
56,1983-05-23,56,56,Prefer not to say,Greek
57,1991-07-27,57,57,Non-binary,German
58,1978-07-29,58,58,Female,Hindi
59,1983-12-27,59,59,Prefer not to say,Polish
60,1992-08-12,60,60,Non-binary,German
61,1985-11-26,61,61,Male,Portuguese
62,1985-02-28,62,62,Prefer not to say,German
63,1989-04-01,63,63,Male,Portuguese
64,1967-04-21,64,64,Female,Arabic
65,1963-09-24,65,65,Prefer not to say,Hindi
66,1971-02-23,66,66,Male,Mandarin
67,1991-10-29,67,67,Female,Mandarin
68,1997-04-09,68,68,Male,Romanian
69,1997-07-04,69,69,Non-binary,Italian
70,1970-01-06,70,70,Female,Mandarin
71,2000-01-28,71,71,Female,Greek
72,1985-12-25,72,72,Prefer not to say,Greek
73,1968-06-21,73,73,Female,Greek
74,1990-03-02,74,74,Non-binary,Hindi
75,1995-11-05,75,75,Non-binary,Russian
76,1986-11-15,76,76,Female,Turkish
77,2000-04-29,77,77,Non-binary,Thai
78,1969-10-27,78,78,Female,Polish
79,1999-03-14,79,79,Prefer not to say,Swedish
80,1978-09-08,80,80,Prefer not to say,Japanese
81,1969-11-01,81,81,Female,Hindi
82,1973-04-21,82,82,Non-binary,Polish
83,1988-12-05,83,83,Female,Thai
84,1966-01-21,84,84,Prefer not to say,English
85,1972-12-24,85,85,Non-binary,English
86,1985-09-27,86,86,Male,Russian
87,1990-10-26,87,87,Male,Greek
88,1974-12-19,88,88,Non-binary,Spanish
89,1978-07-20,89,89,Prefer not to say,French
90,2000-09-17,90,90,Prefer not to say,Thai
91,1960-06-29,91,91,Male,Arabic
92,1972-07-17,92,92,Non-binary,Romanian
93,1980-07-10,93,93,Female,Swedish
94,1974-03-07,94,94,Female,Japanese
95,1989-08-06,95,95,Male,Romanian
96,1994-01-30,96,96,Non-binary,Korean
97,1977-09-17,97,97,Female,Korean
98,1976-02-02,98,98,Prefer not to say,Vietnamese
99,1978-11-07,99,99,Non-binary,Japanese
100,1985-06-07,100,100,Prefer not to say,Russian
101,1970-07-24,101,101,Female,Russian
102,1986-10-11,102,102,Male,Mandarin
103,1982-04-15,103,103,Prefer not to say,German
104,1992-12-28,104,104,Non-binary,English
105,1969-11-02,105,105,Male,Hindi
106,1981-04-02,106,106,Prefer not to say,Polish
107,1978-05-15,107,107,Male,Japanese
108,1986-03-25,108,108,Female,Turkish
109,1966-12-12,109,109,Male,Swedish
110,1981-04-29,110,110,Non-binary,Japanese
111,1985-11-19,111,111,Prefer not to say,Portuguese
112,1979-04-15,112,112,Male,Italian
113,1960-05-08,113,113,Male,Vietnamese
114,1976-10-11,114,114,Non-binary,Romanian
115,1976-11-28,115,115,Male,German
116,1973-08-02,116,116,Non-binary,French
117,1968-08-28,117,117,Female,Arabic
118,1974-07-09,118,118,Female,Romanian
119,1970-08-04,119,119,Female,German
120,1988-11-18,120,120,Female,Turkish
121,1992-09-01,121,121,Prefer not to say,Italian
122,1984-06-01,122,122,Female,Spanish
123,1966-10-16,123,123,Female,Romanian
124,1977-10-02,124,124,Prefer not to say,Vietnamese
125,1982-05-14,125,125,Male,Romanian
126,1963-07-21,126,126,Prefer not to say,Portuguese
127,1966-01-10,127,127,Non-binary,Greek
128,1973-09-10,128,128,Non-binary,English
129,1967-05-23,129,129,Non-binary,Korean
130,1972-01-21,130,130,Non-binary,Vietnamese
131,1966-11-18,131,131,Prefer not to say,Mandarin
132,1987-06-03,132,132,Prefer not to say,Thai
133,1970-06-10,133,133,Female,Greek
134,1995-06-21,134,134,Non-binary,Thai
135,1990-07-07,135,135,Non-binary,Dutch
136,1981-09-28,136,136,Male,Korean
137,1987-03-22,137,137,Non-binary,Greek
138,1985-06-09,138,138,Non-binary,Portuguese
139,1964-10-24,139,139,Non-binary,Italian
140,1991-02-02,140,140,Non-binary,Thai
141,1997-02-18,141,141,Female,Thai
142,1970-12-04,142,142,Male,Turkish
143,1987-02-19,143,143,Non-binary,Arabic
144,1985-02-03,144,144,Female,Turkish
145,1968-01-12,145,145,Prefer not to say,Greek
146,1971-05-05,146,146,Prefer not to say,English
147,1999-02-17,147,147,Male,Greek
148,1960-10-31,148,148,Non-binary,Romanian
149,1962-03-17,149,149,Non-binary,Swedish
150,1967-09-15,150,150,Male,Dutch
151,1976-12-07,151,151,Female,Romanian
152,1974-02-06,152,152,Non-binary,Mandarin
153,1987-02-05,153,153,Prefer not to say,Spanish
154,1979-10-16,154,154,Prefer not to say,Romanian
155,1990-08-20,155,155,Non-binary,English
156,1984-09-26,156,156,Male,Mandarin
157,1968-08-12,157,157,Non-binary,Hindi
158,1984-01-26,158,158,Female,German
159,1974-04-09,159,159,Prefer not to say,Russian
160,1983-09-16,160,160,Non-binary,Turkish
161,1989-07-10,161,161,Male,German
162,1968-08-28,162,162,Prefer not to say,Spanish
163,1974-06-12,163,163,Male,Dutch
164,1973-07-21,164,164,Male,Turkish
165,1977-07-21,165,165,Male,Russian
166,1991-02-10,166,166,Female,Korean
167,1984-01-01,167,167,Prefer not to say,Spanish
168,1986-11-05,168,168,Male,Turkish
169,1970-06-15,169,169,Prefer not to say,Portuguese
170,1986-03-20,170,170,Prefer not to say,Japanese
171,1991-04-04,171,171,Prefer not to say,Turkish
172,1967-04-04,172,172,Non-binary,Thai
173,1965-10-25,173,173,Male,Arabic
174,1965-08-22,174,174,Non-binary,Vietnamese
175,1966-09-30,175,175,Prefer not to say,Mandarin
176,1982-08-15,176,176,Male,Italian
177,1985-10-12,177,177,Male,Greek
178,1997-01-23,178,178,Non-binary,Russian
179,1978-09-10,179,179,Male,Italian
180,1970-10-09,180,180,Non-binary,Italian
181,1975-04-27,181,181,Male,Greek
182,1987-11-27,182,182,Female,Japanese
183,1998-06-08,183,183,Female,Greek
184,1962-03-26,184,184,Prefer not to say,Vietnamese
185,1978-07-28,185,185,Female,Russian
186,1968-12-04,186,186,Male,Dutch
187,1976-01-05,187,187,Non-binary,French
188,1969-01-26,188,188,Female,Vietnamese
189,1993-02-16,189,189,Male,Dutch
190,1978-09-13,190,190,Prefer not to say,German
191,1987-08-16,191,191,Male,Arabic
192,1971-11-28,192,192,Prefer not to say,Polish
193,1965-11-18,193,193,Female,Romanian
194,1987-11-06,194,194,Female,German
195,1995-07-30,195,195,Female,Arabic
196,1970-08-06,196,196,Male,French
197,1972-03-30,197,197,Male,Romanian
198,1995-11-16,198,198,Non-binary,Vietnamese
199,1972-09-18,199,199,Prefer not to say,Romanian
200,1990-03-08,200,200,Non-binary,Greek
201,1997-08-16,201,201,Male,Russian
202,1996-08-25,202,202,Female,Dutch
203,1967-04-23,203,203,Prefer not to say,Swedish
204,1992-06-26,204,204,Female,Swedish
205,1965-05-17,205,205,Non-binary,Japanese
206,1960-10-26,206,206,Non-binary,Mandarin
207,1965-10-28,207,207,Non-binary,Romanian
208,1994-08-06,208,208,Prefer not to say,Thai
209,1961-07-30,209,209,Prefer not to say,German
210,1993-11-01,210,210,Non-binary,Dutch
211,1980-04-17,211,211,Female,Turkish
212,1960-09-06,212,212,Non-binary,Swedish
213,1964-06-22,213,213,Non-binary,Hindi
214,1991-10-19,214,214,Male,Polish
215,1997-05-30,215,215,Non-binary,Korean
216,1971-09-29,216,216,Non-binary,Romanian
217,1968-01-11,217,217,Male,Dutch
218,1983-03-25,218,218,Prefer not to say,Swedish
219,1978-02-11,219,219,Male,Korean
220,1977-05-14,220,220,Male,Thai
221,1996-01-05,221,221,Female,Turkish
222,1988-10-13,222,222,Prefer not to say,French
223,2000-12-28,223,223,Female,Portuguese
224,1991-01-18,224,224,Prefer not to say,Thai
225,1989-02-03,225,225,Female,Italian
226,1969-03-20,226,226,Female,Korean
227,1960-10-09,227,227,Non-binary,Russian
228,1996-10-23,228,228,Female,Arabic
229,2000-11-27,229,229,Prefer not to say,Arabic
230,1978-09-19,230,230,Prefer not to say,German
231,1997-01-15,231,231,Prefer not to say,Korean
232,1992-01-26,232,232,Non-binary,Portuguese
233,1988-05-16,233,233,Non-binary,English
234,1986-07-10,234,234,Non-binary,Hindi
235,1969-11-13,235,235,Prefer not to say,German
236,1972-02-03,236,236,Male,Spanish
237,1996-08-05,237,237,Male,German
238,1984-10-06,238,238,Female,Japanese
239,1989-11-01,239,239,Male,French
240,1985-10-19,240,240,Prefer not to say,Russian
241,1986-12-11,241,241,Female,Japanese
242,1970-07-01,242,242,Female,Thai
243,1961-08-07,243,243,Prefer not to say,French
244,1961-05-22,244,244,Non-binary,Portuguese
245,1995-08-20,245,245,Non-binary,Arabic
246,1976-10-16,246,246,Male,Italian
247,1988-12-29,247,247,Prefer not to say,French
248,1997-01-05,248,248,Non-binary,Korean
249,1975-09-06,249,249,Female,Russian
250,1989-06-18,250,250,Non-binary,Vietnamese
251,1983-06-21,251,251,Prefer not to say,Spanish
252,1992-11-12,252,252,Male,Swedish
253,1974-06-29,253,253,Male,Russian
254,1996-03-30,254,254,Male,Turkish
255,1999-11-16,255,255,Female,Swedish
256,1995-11-21,256,256,Female,Korean
257,1965-03-12,257,257,Female,Arabic
258,1994-01-18,258,258,Female,Romanian
259,1983-08-17,259,259,Male,Turkish
260,1984-04-25,260,260,Male,English
261,1963-02-04,261,261,Male,Vietnamese
262,1998-02-21,262,262,Non-binary,Arabic
263,1970-01-31,263,263,Female,Vietnamese
264,1960-08-30,264,264,Prefer not to say,Hindi
265,1992-04-15,265,265,Male,Portuguese
266,1981-10-23,266,266,Female,Dutch
267,1986-07-09,267,267,Male,Swedish
268,1979-06-25,268,268,Prefer not to say,Romanian
269,1997-07-05,269,269,Prefer not to say,Italian
270,1963-05-22,270,270,Non-binary,Romanian
271,1975-09-11,271,271,Female,Thai
272,1967-01-08,272,272,Male,Spanish
273,1987-03-20,273,273,Female,Vietnamese
274,1963-09-26,274,274,Prefer not to say,Thai
275,1985-07-31,275,275,Non-binary,Russian
276,1969-08-29,276,276,Female,Thai
277,1977-12-05,277,277,Prefer not to say,Portuguese
278,1970-01-30,278,278,Prefer not to say,Portuguese
279,1963-09-16,279,279,Female,Dutch
280,1962-08-01,280,280,Non-binary,Portuguese
281,1961-01-15,281,281,Male,Thai
282,2000-05-02,282,282,Female,Polish
283,1999-02-19,283,283,Female,Greek
284,1968-06-26,284,284,Male,Spanish
285,1973-06-27,285,285,Male,Spanish
286,2000-11-21,286,286,Non-binary,French
287,1982-03-21,287,287,Prefer not to say,Greek
288,1966-03-05,288,288,Non-binary,Spanish
289,1980-03-30,289,289,Male,English
290,1993-03-10,290,290,Male,Romanian
291,1980-08-10,291,291,Male,English
292,1982-07-17,292,292,Non-binary,English
293,1962-04-11,293,293,Female,Turkish
294,1989-05-24,294,294,Prefer not to say,Arabic
295,1985-05-02,295,295,Female,Korean
296,1993-06-25,296,296,Female,Greek
297,1981-02-21,297,297,Male,Turkish
298,1991-01-17,298,298,Non-binary,Russian
299,1971-09-05,299,299,Male,Hindi
300,1993-06-12,300,300,Female,Italian
301,1981-05-28,301,301,Prefer not to say,Polish
302,1996-04-27,302,302,Prefer not to say,Swedish
303,1962-06-26,303,303,Male,Mandarin
304,1981-09-10,304,304,Male,German
305,1986-05-07,305,305,Female,German
306,1999-10-03,306,306,Non-binary,Mandarin
307,1996-10-04,307,307,Male,Polish
308,1976-10-03,308,308,Prefer not to say,Arabic
309,1990-12-29,309,309,Male,French
310,1993-09-25,310,310,Female,Swedish
311,1994-07-08,311,311,Male,Mandarin
312,1982-08-06,312,312,Non-binary,Dutch
313,1974-03-13,313,313,Non-binary,French
314,1997-12-20,314,314,Prefer not to say,German
315,1992-11-24,315,315,Male,Hindi
316,1971-11-23,316,316,Male,Portuguese
317,1984-08-12,317,317,Male,Portuguese
318,1997-12-06,318,318,Female,Greek
319,2000-07-18,319,319,Prefer not to say,Russian
320,1969-01-16,320,320,Female,Dutch
321,1980-05-20,321,321,Female,Spanish
322,1969-03-23,322,322,Male,Spanish
323,1962-04-12,323,323,Prefer not to say,Portuguese
324,1967-07-23,324,324,Male,Arabic
325,1985-11-21,325,325,Female,Mandarin
326,1977-07-05,326,326,Female,Italian
327,1981-10-08,327,327,Male,Spanish
328,1985-03-02,328,328,Male,Russian
329,1962-03-31,329,329,Female,English
330,1982-04-10,330,330,Male,French
331,1998-10-25,331,331,Non-binary,Swedish
332,1998-07-25,332,332,Female,Turkish
333,1983-03-26,333,333,Female,Hindi
334,1991-07-30,334,334,Male,Portuguese
335,1960-10-02,335,335,Female,Korean
336,1978-11-24,336,336,Non-binary,Mandarin
337,1999-12-13,337,337,Female,Italian
338,1966-10-29,338,338,Male,Italian
339,1996-03-03,339,339,Female,Korean
340,1969-06-16,340,340,Male,Polish
341,1970-11-14,341,341,Female,Korean
342,1967-01-23,342,342,Female,German
343,1981-10-17,343,343,Prefer not to say,Spanish
344,1992-02-06,344,344,Female,Portuguese
345,1965-03-15,345,345,Male,Thai
346,1978-07-25,346,346,Prefer not to say,Mandarin
347,1989-08-29,347,347,Female,Portuguese
348,1966-11-27,348,348,Prefer not to say,German
349,1963-07-01,349,349,Female,Portuguese
350,1998-02-17,350,350,Female,Hindi
351,1965-09-28,351,351,Prefer not to say,Vietnamese
352,1990-09-01,352,352,Female,Polish
353,1970-04-24,353,353,Male,Mandarin
354,1988-08-21,354,354,Non-binary,Swedish
355,1998-12-16,355,355,Non-binary,Spanish
356,1971-11-19,356,356,Female,Arabic
357,1987-11-30,357,357,Prefer not to say,Thai
358,1964-02-18,358,358,Male,Hindi
359,1962-06-17,359,359,Non-binary,Greek
360,1995-07-19,360,360,Prefer not to say,Spanish
361,1997-05-11,361,361,Non-binary,Korean
362,1970-07-20,362,362,Male,Mandarin
363,1960-05-18,363,363,Male,Romanian
364,1960-10-08,364,364,Prefer not to say,Polish
365,1982-10-01,365,365,Female,Vietnamese
366,1994-05-26,366,366,Prefer not to say,Romanian
367,1968-01-16,367,367,Male,Spanish
368,1969-12-10,368,368,Non-binary,Polish
369,1980-07-10,369,369,Prefer not to say,English
370,1962-06-01,370,370,Female,Russian
371,1985-04-10,371,371,Prefer not to say,Swedish
372,1990-11-28,372,372,Female,English
373,2000-05-18,373,373,Female,French
374,1968-08-02,374,374,Non-binary,Polish
375,1996-12-10,375,375,Female,Spanish
376,1999-10-31,376,376,Male,Polish
377,1965-07-03,377,377,Non-binary,German
378,1967-10-04,378,378,Prefer not to say,Italian
379,1961-11-09,379,379,Female,Thai
380,1972-03-12,380,380,Prefer not to say,Portuguese
381,1975-04-08,381,381,Prefer not to say,Polish
382,1996-10-26,382,382,Female,Spanish
383,1990-05-26,383,383,Non-binary,Thai
384,1966-08-04,384,384,Prefer not to say,Turkish
385,1992-10-05,385,385,Male,Polish
386,1989-10-07,386,386,Non-binary,Dutch
387,2000-02-13,387,387,Non-binary,Portuguese
388,1990-03-19,388,388,Non-binary,Turkish
389,1966-07-26,389,389,Male,English
390,1970-05-27,390,390,Non-binary,English
391,1966-04-08,391,391,Female,Romanian
392,1965-11-23,392,392,Non-binary,Arabic
393,1995-07-26,393,393,Non-binary,Portuguese
394,1973-08-08,394,394,Female,Korean
395,1965-05-09,395,395,Non-binary,Romanian
396,1999-03-10,396,396,Non-binary,Portuguese
397,1978-09-09,397,397,Non-binary,German
398,1984-05-16,398,398,Female,Polish
399,1974-08-17,399,399,Non-binary,English
400,1972-11-29,400,400,Male,Vietnamese
401,1967-02-05,401,401,Female,Dutch
402,1998-12-15,402,402,Female,French
403,2000-03-10,403,403,Male,Hindi
404,1974-12-02,404,404,Male,Greek
405,1968-02-11,405,405,Prefer not to say,Thai
406,1990-05-28,406,406,Female,French
407,1976-07-31,407,407,Female,Spanish
408,1966-06-12,408,408,Prefer not to say,Hindi
409,1988-07-12,409,409,Prefer not to say,Polish
410,1972-12-20,410,410,Male,French
411,1973-12-09,411,411,Non-binary,German
412,1982-03-23,412,412,Non-binary,Greek
413,1982-10-13,413,413,Non-binary,German
414,1994-04-16,414,414,Prefer not to say,English
415,1972-05-14,415,415,Male,Dutch
416,1961-12-31,416,416,Non-binary,French
417,1960-09-25,417,417,Prefer not to say,Dutch
418,1999-06-10,418,418,Non-binary,English
419,1962-11-09,419,419,Non-binary,German
420,1969-12-05,420,420,Female,Japanese
421,1994-11-29,421,421,Female,Vietnamese
422,1978-02-17,422,422,Non-binary,Turkish
423,1972-07-20,423,423,Non-binary,Russian
424,1964-01-01,424,424,Female,Mandarin
425,1971-10-25,425,425,Male,Thai
426,1967-05-02,426,426,Prefer not to say,Dutch
427,1985-08-02,427,427,Male,English
428,1969-03-06,428,428,Prefer not to say,Polish
429,1960-02-03,429,429,Non-binary,Spanish
430,1999-03-13,430,430,Male,Mandarin
431,1998-02-11,431,431,Male,Portuguese
432,1979-10-07,432,432,Prefer not to say,Arabic
433,2000-05-03,433,433,Prefer not to say,English
434,1987-03-17,434,434,Female,French
435,1988-02-23,435,435,Prefer not to say,German
436,1973-08-14,436,436,Male,Romanian
437,1979-02-28,437,437,Prefer not to say,Swedish
438,1974-06-25,438,438,Male,Arabic
439,1997-04-12,439,439,Female,Italian
440,1987-07-21,440,440,Prefer not to say,Vietnamese
441,1972-09-03,441,441,Non-binary,Korean
442,1994-09-07,442,442,Female,Portuguese
443,1969-01-06,443,443,Male,Russian
444,1994-02-11,444,444,Male,Vietnamese
445,1998-09-21,445,445,Male,Greek
446,1964-07-22,446,446,Male,English
447,1973-03-17,447,447,Male,Romanian
448,1987-09-26,448,448,Prefer not to say,Dutch
449,1995-05-03,449,449,Female,Korean
450,1998-11-03,450,450,Female,Turkish
451,1968-04-09,451,451,Male,Polish
452,1982-01-03,452,452,Non-binary,Dutch
453,1967-09-08,453,453,Non-binary,French
454,1994-05-07,454,454,Prefer not to say,Portuguese
455,1976-11-24,455,455,Male,Thai
456,1996-08-28,456,456,Female,Japanese
457,1983-08-16,457,457,Female,Polish
458,1989-03-16,458,458,Prefer not to say,Italian
459,1962-06-17,459,459,Male,Hindi
460,1990-04-02,460,460,Male,Romanian
461,1967-11-05,461,461,Male,French
462,1963-01-18,462,462,Male,Thai
463,1995-07-11,463,463,Male,Greek
464,1994-02-07,464,464,Female,Italian
465,2000-06-20,465,465,Prefer not to say,Thai
466,1964-11-25,466,466,Male,Greek
467,1970-07-06,467,467,Female,Vietnamese
468,1969-01-10,468,468,Female,German
469,1971-01-11,469,469,Prefer not to say,English
470,1967-01-11,470,470,Non-binary,Mandarin
471,1974-10-08,471,471,Female,French
472,1991-07-17,472,472,Non-binary,French
473,1979-09-10,473,473,Non-binary,Swedish
474,1993-01-15,474,474,Female,German
475,1983-07-03,475,475,Non-binary,Dutch
476,1985-04-25,476,476,Male,German
477,1999-03-16,477,477,Male,Polish
478,1966-05-05,478,478,Female,Thai
479,1975-06-23,479,479,Prefer not to say,Thai
480,1989-10-08,480,480,Female,Swedish
481,1987-08-17,481,481,Male,Dutch
482,1993-03-07,482,482,Non-binary,Vietnamese
483,1968-09-21,483,483,Non-binary,Thai
484,1976-06-21,484,484,Non-binary,Mandarin
485,1971-11-19,485,485,Prefer not to say,Turkish
486,1987-05-11,486,486,Male,English
487,1978-03-01,487,487,Female,Russian
488,1996-05-30,488,488,Male,English
489,1973-04-06,489,489,Female,Hindi
490,1965-11-22,490,490,Prefer not to say,German
491,1972-06-15,491,491,Prefer not to say,Mandarin
492,1975-04-06,492,492,Non-binary,German
493,1989-08-16,493,493,Female,Thai
494,1977-09-17,494,494,Non-binary,Korean
495,1972-01-15,495,495,Prefer not to say,Spanish
496,1962-07-01,496,496,Prefer not to say,Swedish
497,1989-06-05,497,497,Prefer not to say,German
498,1969-07-12,498,498,Female,Romanian
499,1981-06-02,499,499,Female,German
500,1994-08-25,500,500,Male,Swedish
501,1984-09-30,501,501,Male,Russian
502,1964-07-21,502,502,Prefer not to say,Swedish
503,1979-10-21,503,503,Male,Mandarin
504,1983-12-09,504,504,Prefer not to say,Hindi
505,1962-11-28,505,505,Female,Thai
506,1996-09-22,506,506,Male,Greek
507,1977-12-20,507,507,Male,Portuguese
508,1986-01-29,508,508,Male,Vietnamese
509,1996-12-04,509,509,Prefer not to say,Turkish
510,1968-10-14,510,510,Prefer not to say,Japanese
511,1991-12-05,511,511,Non-binary,German
512,1983-04-30,512,512,Male,Mandarin
513,1986-07-05,513,513,Non-binary,Mandarin
514,1970-12-29,514,514,Prefer not to say,Italian
515,1968-05-16,515,515,Male,Korean
516,1962-08-11,516,516,Non-binary,Russian
517,1970-08-28,517,517,Female,English
518,1985-01-14,518,518,Male,German
519,1983-05-06,519,519,Male,Romanian
520,1996-11-29,520,520,Female,Portuguese
521,1992-01-30,521,521,Prefer not to say,Vietnamese
522,1974-11-17,522,522,Non-binary,Vietnamese
523,1971-11-12,523,523,Non-binary,Greek
524,1992-09-26,524,524,Female,Russian
525,1991-10-11,525,525,Male,Mandarin
526,1969-09-29,526,526,Female,English
527,1979-04-16,527,527,Female,Korean
528,1963-05-07,528,528,Prefer not to say,Swedish
529,1993-12-07,529,529,Female,Vietnamese
530,1996-04-08,530,530,Prefer not to say,Russian
531,1996-01-28,531,531,Non-binary,Polish
532,1978-12-11,532,532,Non-binary,Polish
533,1963-12-05,533,533,Prefer not to say,Thai
534,1987-08-15,534,534,Non-binary,Spanish
535,1989-12-31,535,535,Non-binary,Polish
536,1987-01-10,536,536,Prefer not to say,Russian
537,1980-12-16,537,537,Female,Arabic
538,1996-08-01,538,538,Prefer not to say,German
539,1995-12-12,539,539,Female,Portuguese
540,1968-04-21,540,540,Male,Vietnamese
541,1988-07-12,541,541,Prefer not to say,Portuguese
542,1983-06-23,542,542,Female,Arabic
543,1992-06-05,543,543,Prefer not to say,Spanish
544,1960-04-04,544,544,Male,Dutch
545,1995-12-27,545,545,Female,German
546,1984-07-20,546,546,Non-binary,Italian
547,1983-07-24,547,547,Prefer not to say,Portuguese
548,1963-03-13,548,548,Female,German
549,1988-05-16,549,549,Male,Greek
550,1980-05-27,550,550,Prefer not to say,Swedish
551,1969-01-20,551,551,Prefer not to say,Turkish
552,1982-10-23,552,552,Non-binary,Russian
553,1976-05-09,553,553,Female,Russian
554,2000-05-22,554,554,Non-binary,Korean
555,1971-11-27,555,555,Male,Portuguese
556,1987-08-14,556,556,Non-binary,English
557,1976-04-25,557,557,Prefer not to say,Vietnamese
558,1989-08-02,558,558,Prefer not to say,Japanese
559,1987-03-03,559,559,Prefer not to say,French
560,1982-05-27,560,560,Male,Russian
561,1987-05-13,561,561,Female,Turkish
562,1972-01-03,562,562,Non-binary,Greek
563,1990-01-13,563,563,Female,Italian
564,1961-10-08,564,564,Male,Japanese
565,1992-04-25,565,565,Prefer not to say,Russian
566,1973-05-16,566,566,Male,Japanese
567,1996-11-19,567,567,Non-binary,Turkish
568,1999-08-09,568,568,Male,Greek
569,1995-11-19,569,569,Prefer not to say,Russian
570,1998-09-27,570,570,Female,Romanian
571,1984-12-06,571,571,Non-binary,Japanese
572,1984-01-29,572,572,Non-binary,Thai
573,2000-03-05,573,573,Prefer not to say,Italian
574,1988-11-30,574,574,Male,French
575,1971-12-26,575,575,Prefer not to say,Swedish
576,1969-02-05,576,576,Female,Hindi
577,1963-10-27,577,577,Female,Greek
578,1981-09-04,578,578,Non-binary,Swedish
579,1977-08-21,579,579,Non-binary,Arabic
580,1987-06-03,580,580,Prefer not to say,Mandarin
581,1973-03-08,581,581,Male,Arabic
582,1982-12-08,582,582,Female,Korean
583,1983-08-14,583,583,Female,Portuguese
584,1988-12-05,584,584,Prefer not to say,English
585,1979-04-07,585,585,Non-binary,Italian
586,1986-04-03,586,586,Male,Polish
587,1981-09-12,587,587,Female,Turkish
588,1970-04-07,588,588,Female,Romanian
589,1973-07-07,589,589,Prefer not to say,Hindi
590,1996-08-05,590,590,Non-binary,Italian
591,1966-03-24,591,591,Prefer not to say,Japanese
592,1984-06-07,592,592,Non-binary,Vietnamese
593,1960-01-31,593,593,Prefer not to say,Hindi
594,1983-04-28,594,594,Male,German
595,1979-05-26,595,595,Non-binary,Arabic
596,1967-05-23,596,596,Male,Portuguese
597,1967-05-12,597,597,Male,Greek
598,2000-02-18,598,598,Female,Mandarin
599,1978-05-01,599,599,Prefer not to say,Swedish
600,1976-12-24,600,600,Male,Hindi
601,1984-12-15,601,601,Male,Portuguese
602,1974-06-23,602,602,Prefer not to say,Hindi
603,1978-04-09,603,603,Female,Arabic
604,1990-05-13,604,604,Non-binary,Portuguese
605,1974-11-28,605,605,Non-binary,Spanish
606,1985-05-11,606,606,Prefer not to say,Swedish
607,1998-09-28,607,607,Prefer not to say,German
608,1986-06-13,608,608,Non-binary,Thai
609,1985-12-08,609,609,Non-binary,Turkish
610,1996-11-14,610,610,Non-binary,Spanish
611,1991-10-02,611,611,Male,Polish
612,1970-03-03,612,612,Non-binary,Thai
613,1985-08-02,613,613,Non-binary,Romanian
614,1999-11-13,614,614,Prefer not to say,English
615,1991-08-24,615,615,Female,Polish
616,1985-05-18,616,616,Non-binary,Italian
617,1971-05-03,617,617,Prefer not to say,French
618,1963-10-22,618,618,Non-binary,Japanese
619,1975-10-04,619,619,Non-binary,Dutch
620,1975-11-29,620,620,Male,Vietnamese
621,1986-05-31,621,621,Non-binary,Romanian
622,1960-06-29,622,622,Non-binary,German
623,1992-07-12,623,623,Non-binary,Japanese
624,1994-12-01,624,624,Male,Thai
625,1985-04-15,625,625,Male,German
626,1996-05-10,626,626,Female,Korean
627,1986-04-16,627,627,Male,Romanian
628,1990-02-28,628,628,Non-binary,Greek
629,1995-08-07,629,629,Prefer not to say,Romanian
630,1983-06-25,630,630,Female,German
631,1977-08-13,631,631,Female,Korean
632,1973-10-11,632,632,Prefer not to say,Turkish
633,1991-05-08,633,633,Male,Portuguese
634,1980-03-07,634,634,Non-binary,Romanian
635,1987-12-21,635,635,Non-binary,Turkish
636,1988-01-16,636,636,Female,Arabic
637,1970-06-29,637,637,Female,English
638,1969-11-15,638,638,Non-binary,Spanish
639,1990-11-12,639,639,Female,Japanese
640,1974-12-01,640,640,Prefer not to say,Spanish
641,1993-11-26,641,641,Male,Dutch
642,1994-07-25,642,642,Prefer not to say,Polish
643,1996-03-11,643,643,Male,Dutch
644,1981-07-12,644,644,Female,Thai
645,1992-10-29,645,645,Female,Portuguese
646,1965-08-22,646,646,Prefer not to say,Polish
647,1991-10-29,647,647,Male,Spanish
648,1986-11-15,648,648,Non-binary,Romanian
649,1967-06-17,649,649,Male,Portuguese
650,1985-08-22,650,650,Male,Hindi
651,1983-11-29,651,651,Prefer not to say,Vietnamese
652,1964-01-31,652,652,Prefer not to say,English
653,1970-11-17,653,653,Male,French
654,1990-10-26,654,654,Male,Korean
655,1973-01-16,655,655,Male,Japanese
656,1972-04-29,656,656,Prefer not to say,Korean
657,1986-12-17,657,657,Female,Spanish
658,1989-05-15,658,658,Prefer not to say,Turkish
659,1970-07-23,659,659,Male,Korean
660,1966-11-28,660,660,Female,Hindi
661,1975-02-12,661,661,Male,French
662,1960-09-13,662,662,Non-binary,Turkish
663,1972-11-08,663,663,Female,German
664,1963-07-29,664,664,Prefer not to say,German
665,1971-10-11,665,665,Prefer not to say,Thai
666,1966-01-26,666,666,Male,Mandarin
667,1989-07-03,667,667,Male,Thai
668,2000-07-17,668,668,Prefer not to say,Hindi
669,1991-06-29,669,669,Prefer not to say,Mandarin
670,2000-07-18,670,670,Non-binary,Romanian
671,1983-06-06,671,671,Prefer not to say,Vietnamese
672,1981-10-13,672,672,Female,Japanese
673,2000-04-20,673,673,Prefer not to say,Portuguese
674,1974-06-19,674,674,Female,Portuguese
675,1973-03-10,675,675,Male,Mandarin
676,1995-11-14,676,676,Non-binary,Polish
677,1997-05-18,677,677,Female,Hindi
678,1962-05-22,678,678,Male,Italian
679,1980-01-18,679,679,Male,Italian
680,1986-08-23,680,680,Male,Thai
681,1972-02-05,681,681,Male,English
682,1976-03-06,682,682,Male,Mandarin
683,1964-03-20,683,683,Prefer not to say,Thai
684,1964-11-15,684,684,Non-binary,French
685,2000-03-04,685,685,Non-binary,Japanese
686,1960-07-25,686,686,Male,German
687,1975-09-16,687,687,Male,Mandarin
688,1985-03-12,688,688,Non-binary,Greek
689,1982-09-19,689,689,Female,Romanian
690,1968-03-07,690,690,Female,Thai
691,1984-09-29,691,691,Male,Hindi
692,1987-12-22,692,692,Female,French
693,1986-09-03,693,693,Prefer not to say,Portuguese
694,1989-02-04,694,694,Male,Swedish
695,1998-12-25,695,695,Male,Greek
696,1988-03-03,696,696,Male,Portuguese
697,1994-07-04,697,697,Non-binary,Greek
698,1998-06-16,698,698,Prefer not to say,Arabic
699,1975-11-29,699,699,Male,Polish
700,1988-07-14,700,700,Male,German
701,1997-07-14,701,701,Male,Japanese
702,1961-11-19,702,702,Non-binary,Spanish
703,1985-01-28,703,703,Male,Japanese
704,1975-08-12,704,704,Female,Japanese
705,1983-05-28,705,705,Prefer not to say,Portuguese
706,1992-03-22,706,706,Female,Turkish
707,1983-12-15,707,707,Prefer not to say,German
708,2000-03-28,708,708,Prefer not to say,Portuguese
709,1992-03-30,709,709,Female,Spanish
710,1990-12-04,710,710,Non-binary,Thai
711,1995-05-24,711,711,Prefer not to say,Russian
712,1986-08-30,712,712,Prefer not to say,Mandarin
713,1977-12-23,713,713,Prefer not to say,Hindi
714,1979-01-08,714,714,Male,Turkish
715,1993-02-21,715,715,Non-binary,Swedish
716,1990-06-24,716,716,Prefer not to say,Dutch
717,1988-05-10,717,717,Female,Dutch
718,1971-03-26,718,718,Female,Greek
719,1974-08-03,719,719,Non-binary,Thai
720,1978-08-16,720,720,Male,German
721,1963-02-13,721,721,Prefer not to say,Italian
722,1967-04-14,722,722,Male,Italian
723,1969-05-28,723,723,Non-binary,Portuguese
724,1964-01-20,724,724,Non-binary,Swedish
725,1986-06-06,725,725,Prefer not to say,French
726,1982-08-17,726,726,Female,Vietnamese
727,1964-01-20,727,727,Prefer not to say,Thai
728,1985-12-26,728,728,Male,Japanese
729,1973-07-18,729,729,Non-binary,Hindi
730,1992-12-30,730,730,Female,English
731,1969-10-31,731,731,Non-binary,German
732,1968-03-03,732,732,Non-binary,French
733,1978-07-02,733,733,Prefer not to say,English
734,1970-01-24,734,734,Prefer not to say,English
735,1960-06-01,735,735,Male,Thai
736,1972-11-25,736,736,Prefer not to say,Portuguese
737,1981-07-28,737,737,Male,Korean
738,1965-08-04,738,738,Non-binary,Swedish
739,1987-08-12,739,739,Non-binary,German
740,1967-06-27,740,740,Prefer not to say,German
741,1970-07-20,741,741,Male,Portuguese
742,1982-12-11,742,742,Male,Polish
743,1978-04-21,743,743,Female,Thai
744,1977-06-06,744,744,Male,Polish
745,1979-08-01,745,745,Female,Thai
746,1995-01-05,746,746,Male,Arabic
747,1994-02-04,747,747,Male,English
748,1996-10-14,748,748,Female,Romanian
749,1989-03-17,749,749,Male,Dutch
750,1975-02-17,750,750,Male,Polish
751,1970-09-17,751,751,Prefer not to say,Portuguese
752,1998-07-02,752,752,Female,Mandarin
753,1998-04-12,753,753,Non-binary,Vietnamese
754,1980-04-12,754,754,Female,French
755,1991-01-30,755,755,Prefer not to say,Mandarin
756,1992-12-16,756,756,Non-binary,Vietnamese
757,1986-02-15,757,757,Non-binary,Swedish
758,1960-12-15,758,758,Male,German
759,1982-03-25,759,759,Male,Polish
760,1967-09-24,760,760,Male,Portuguese
761,1999-05-17,761,761,Male,Turkish
762,1995-04-09,762,762,Prefer not to say,Hindi
763,1973-11-16,763,763,Prefer not to say,Korean
764,1968-01-14,764,764,Male,English
765,1979-10-27,765,765,Prefer not to say,Greek
766,1966-06-01,766,766,Non-binary,Thai
767,1991-10-09,767,767,Female,English
768,1999-03-28,768,768,Non-binary,German
769,1999-01-04,769,769,Prefer not to say,Polish
770,1982-10-18,770,770,Male,Portuguese
771,1990-01-03,771,771,Prefer not to say,Greek
772,1969-08-28,772,772,Non-binary,Italian
773,1991-12-02,773,773,Prefer not to say,Japanese
774,1976-08-13,774,774,Female,Polish
775,1961-01-15,775,775,Non-binary,Portuguese
776,1962-04-06,776,776,Female,Arabic
777,1969-12-24,777,777,Prefer not to say,Romanian
778,1971-04-04,778,778,Female,German
779,1984-12-01,779,779,Non-binary,Vietnamese
780,1994-06-27,780,780,Prefer not to say,Hindi
781,1977-02-20,781,781,Male,Spanish
782,1977-05-18,782,782,Non-binary,Hindi
783,1994-12-18,783,783,Prefer not to say,Polish
784,1967-06-14,784,784,Non-binary,Dutch
785,1977-08-09,785,785,Prefer not to say,Polish
786,1979-10-26,786,786,Non-binary,Dutch
787,1986-04-12,787,787,Male,German
788,1991-04-12,788,788,Female,Romanian
789,1984-08-09,789,789,Prefer not to say,Italian
790,1971-08-15,790,790,Male,English
791,1989-02-01,791,791,Non-binary,Swedish
792,1990-12-19,792,792,Non-binary,Spanish
793,1999-06-23,793,793,Non-binary,Greek
794,1982-12-05,794,794,Female,Portuguese
795,1975-06-24,795,795,Female,Swedish
796,1980-12-06,796,796,Prefer not to say,Vietnamese
797,1966-10-02,797,797,Female,Italian
798,1996-03-14,798,798,Non-binary,Spanish
799,1969-02-05,799,799,Non-binary,Russian
800,1968-10-15,800,800,Female,Greek
801,1973-06-23,801,801,Non-binary,English
802,1962-01-03,802,802,Prefer not to say,German
803,1986-01-13,803,803,Female,Portuguese
804,1960-06-18,804,804,Female,English
805,1980-04-26,805,805,Non-binary,Mandarin
806,1994-10-09,806,806,Non-binary,Japanese
807,1984-05-07,807,807,Non-binary,Italian
808,1977-07-03,808,808,Female,Thai
809,2000-02-01,809,809,Male,Japanese
810,1983-07-27,810,810,Prefer not to say,Hindi
811,1978-01-14,811,811,Prefer not to say,Swedish
812,1962-10-28,812,812,Non-binary,Arabic
813,1997-10-22,813,813,Female,Japanese
814,1965-02-01,814,814,Male,Greek
815,1995-02-19,815,815,Non-binary,Hindi
816,1983-12-07,816,816,Male,Hindi
817,1997-06-05,817,817,Non-binary,Romanian
818,1994-01-30,818,818,Male,Dutch
819,1996-03-22,819,819,Male,Arabic
820,1968-07-02,820,820,Male,Arabic
821,1971-12-28,821,821,Prefer not to say,English
822,1977-08-24,822,822,Prefer not to say,Greek
823,1976-04-18,823,823,Prefer not to say,Spanish
824,1970-09-21,824,824,Female,Swedish
825,1994-05-14,825,825,Female,Swedish
826,1961-04-27,826,826,Female,Spanish
827,1975-05-13,827,827,Male,German
828,1994-08-23,828,828,Non-binary,Thai
829,1986-10-07,829,829,Prefer not to say,Turkish
830,1979-02-03,830,830,Male,German
831,1964-03-23,831,831,Prefer not to say,Arabic
832,2000-07-04,832,832,Non-binary,Swedish
833,1966-08-11,833,833,Prefer not to say,Turkish
834,1961-04-08,834,834,Male,Hindi
835,1986-08-07,835,835,Male,Mandarin
836,1960-02-14,836,836,Female,Thai
837,1989-09-07,837,837,Prefer not to say,Korean
838,1962-09-11,838,838,Non-binary,Greek
839,2000-02-10,839,839,Female,Vietnamese
840,1975-03-20,840,840,Non-binary,Italian
841,1978-12-31,841,841,Non-binary,Korean
842,1995-10-13,842,842,Male,Mandarin
843,1982-11-13,843,843,Non-binary,Hindi
844,1981-02-05,844,844,Male,Swedish
845,1978-08-29,845,845,Female,Italian
846,1963-05-19,846,846,Male,Romanian
847,1960-03-23,847,847,Female,French
848,1988-02-13,848,848,Female,Spanish
849,1981-10-03,849,849,Female,French
850,1999-07-14,850,850,Male,Turkish
851,2000-11-08,851,851,Female,Dutch
852,1977-02-01,852,852,Male,Korean
853,1978-07-12,853,853,Female,Swedish
854,1996-05-12,854,854,Male,Hindi
855,1977-12-20,855,855,Non-binary,Thai
856,1969-06-21,856,856,Female,Greek
857,1998-04-02,857,857,Male,Russian
858,1960-07-11,858,858,Non-binary,German
859,1977-11-27,859,859,Female,Spanish
860,1977-04-16,860,860,Prefer not to say,Russian
861,1979-06-07,861,861,Female,Turkish
862,1975-06-03,862,862,Female,Dutch
863,1962-06-01,863,863,Female,Romanian
864,1963-06-06,864,864,Non-binary,German
865,1977-02-19,865,865,Non-binary,Japanese
866,1988-08-20,866,866,Non-binary,Arabic
867,1964-09-27,867,867,Female,French
868,1993-05-02,868,868,Male,Japanese
869,1983-08-09,869,869,Prefer not to say,Korean
870,1996-04-03,870,870,Prefer not to say,Turkish
871,1994-05-09,871,871,Female,Arabic
872,1981-06-27,872,872,Prefer not to say,Portuguese
873,1984-02-01,873,873,Non-binary,Portuguese
874,1974-08-08,874,874,Female,English
875,1965-08-07,875,875,Prefer not to say,Turkish
876,1993-07-12,876,876,Prefer not to say,German
877,1969-03-04,877,877,Male,Vietnamese
878,1977-09-27,878,878,Prefer not to say,French
879,1961-10-19,879,879,Non-binary,Portuguese
880,1968-07-27,880,880,Non-binary,Mandarin
881,1986-09-08,881,881,Non-binary,Spanish
882,1984-01-22,882,882,Prefer not to say,Polish
883,1990-03-10,883,883,Prefer not to say,Arabic
884,1983-11-16,884,884,Female,Polish
885,1973-10-10,885,885,Non-binary,Hindi
886,1973-07-11,886,886,Prefer not to say,Arabic
887,1986-07-31,887,887,Non-binary,English
888,1982-02-25,888,888,Non-binary,Vietnamese
889,1982-11-06,889,889,Female,Polish
890,1996-08-29,890,890,Prefer not to say,English
891,1998-06-20,891,891,Male,Italian
892,1969-12-14,892,892,Male,Russian
893,1998-07-05,893,893,Male,English
894,1967-09-27,894,894,Non-binary,Dutch
895,1975-10-19,895,895,Female,Mandarin
896,1992-11-05,896,896,Non-binary,Italian
897,1990-11-02,897,897,Prefer not to say,French
898,1988-02-29,898,898,Male,Thai
899,1966-02-12,899,899,Prefer not to say,English
900,1992-07-19,900,900,Prefer not to say,Hindi
901,1980-02-28,901,901,Male,Greek
902,1986-05-31,902,902,Non-binary,Arabic
903,1994-01-29,903,903,Female,French
904,1985-06-20,904,904,Non-binary,German
905,1971-12-25,905,905,Prefer not to say,Swedish
906,1974-03-11,906,906,Male,German
907,1993-04-25,907,907,Prefer not to say,Mandarin
908,1960-12-13,908,908,Female,Turkish
909,1981-10-20,909,909,Male,Portuguese
910,1966-05-17,910,910,Female,Dutch
911,1998-04-16,911,911,Prefer not to say,Hindi
912,1971-06-21,912,912,Male,Swedish
913,1987-04-25,913,913,Non-binary,Russian
914,1971-11-07,914,914,Male,Greek
915,1960-05-23,915,915,Female,Korean
916,1986-05-22,916,916,Male,German
917,1974-12-08,917,917,Male,Greek
918,1992-03-08,918,918,Prefer not to say,Romanian
919,1966-09-30,919,919,Prefer not to say,Mandarin
920,1997-10-06,920,920,Male,English
921,1999-11-29,921,921,Prefer not to say,Arabic
922,1982-07-16,922,922,Male,Swedish
923,1962-10-06,923,923,Female,Mandarin
924,1988-09-19,924,924,Male,Dutch
925,1963-08-06,925,925,Prefer not to say,Portuguese
926,1993-12-20,926,926,Non-binary,Hindi
927,1983-09-23,927,927,Male,Korean
928,1983-05-10,928,928,Non-binary,Polish
929,1977-07-22,929,929,Prefer not to say,Korean
930,1993-12-24,930,930,Female,Mandarin
931,1976-03-20,931,931,Male,Greek
932,1984-05-31,932,932,Prefer not to say,Korean
933,1986-03-27,933,933,Male,Italian
934,1960-06-02,934,934,Male,Arabic
935,1999-07-24,935,935,Prefer not to say,English
936,1980-04-09,936,936,Prefer not to say,French
937,1964-07-27,937,937,Prefer not to say,Spanish
938,1976-06-27,938,938,Non-binary,Japanese
939,1990-12-02,939,939,Non-binary,Russian
940,1973-02-22,940,940,Female,Polish
941,1988-09-12,941,941,Non-binary,Thai
942,1981-04-20,942,942,Non-binary,Japanese
943,1979-04-16,943,943,Male,Romanian
944,1989-01-02,944,944,Male,Greek
945,1974-09-12,945,945,Female,Swedish
946,1992-08-05,946,946,Prefer not to say,Dutch
947,1974-09-17,947,947,Female,Swedish
948,1992-01-03,948,948,Prefer not to say,Turkish
949,1990-04-10,949,949,Non-binary,Vietnamese
950,1982-07-06,950,950,Male,Mandarin
951,1964-12-13,951,951,Male,Vietnamese
952,1964-09-02,952,952,Female,Italian
953,1960-06-03,953,953,Female,French
954,1972-11-19,954,954,Prefer not to say,Korean
955,1972-02-24,955,955,Prefer not to say,English
956,1961-03-14,956,956,Male,Italian
957,1997-12-25,957,957,Female,Italian
958,1963-08-13,958,958,Male,Mandarin
959,1963-11-15,959,959,Female,Greek
960,1965-03-02,960,960,Non-binary,Swedish
961,1960-02-04,961,961,Female,Japanese
962,1992-06-24,962,962,Non-binary,Japanese
963,1965-07-24,963,963,Male,Italian
964,1970-11-20,964,964,Prefer not to say,Polish
965,1973-09-26,965,965,Male,French
966,1985-12-26,966,966,Prefer not to say,Thai
967,1982-03-19,967,967,Prefer not to say,Portuguese
968,1966-11-17,968,968,Prefer not to say,Japanese
969,1996-08-16,969,969,Non-binary,French
970,1976-04-06,970,970,Prefer not to say,English
971,1981-01-15,971,971,Non-binary,Polish
972,1998-11-06,972,972,Male,Hindi
973,1971-08-04,973,973,Non-binary,Vietnamese
974,1966-02-12,974,974,Prefer not to say,Vietnamese
975,1993-10-05,975,975,Female,Italian
976,1982-11-23,976,976,Non-binary,Turkish
977,1972-05-12,977,977,Non-binary,Japanese
978,1972-09-12,978,978,Prefer not to say,Korean
979,1960-12-19,979,979,Non-binary,German
980,1994-05-19,980,980,Female,French
981,1961-05-03,981,981,Non-binary,Italian
982,1993-12-25,982,982,Prefer not to say,German
983,1991-11-03,983,983,Prefer not to say,Hindi
984,1972-04-09,984,984,Female,English
985,1992-12-03,985,985,Female,Japanese
986,1985-04-22,986,986,Female,Portuguese
987,1994-10-04,987,987,Male,Thai
988,1971-03-26,988,988,Female,Vietnamese
989,1998-04-03,989,989,Male,Thai
990,1987-08-03,990,990,Male,French
991,1967-08-21,991,991,Female,Hindi
992,1981-11-15,992,992,Non-binary,Spanish
993,1966-03-21,993,993,Non-binary,Spanish
994,1989-10-21,994,994,Non-binary,Arabic
995,1966-11-17,995,995,Prefer not to say,Romanian
996,1975-04-08,996,996,Female,Dutch
997,1999-11-23,997,997,Non-binary,Thai
998,1967-12-27,998,998,Male,Italian
999,1987-11-02,999,999,Male,Portuguese
1000,1983-12-22,1000,1000,Non-binary,Portuguese
1001,1975-11-28,1001,1001,Non-binary,Polish
1002,1988-02-04,1002,1002,Female,Spanish
1003,1971-07-10,1003,1003,Male,Dutch
1004,1996-02-19,1004,1004,Female,Romanian
1005,1968-09-11,1005,1005,Female,Thai
1006,1968-04-12,1006,1006,Non-binary,Swedish
1007,1983-03-27,1007,1007,Prefer not to say,English
1008,1996-08-26,1008,1008,Non-binary,Thai
1009,1982-06-21,1009,1009,Female,Spanish
1010,1983-11-19,1010,1010,Female,Mandarin
1011,1974-03-27,1011,1011,Male,Italian
1012,1971-04-13,1012,1012,Female,Polish
1013,1977-01-04,1013,1013,Prefer not to say,Korean
1014,1985-09-10,1014,1014,Non-binary,Vietnamese
1015,1996-07-06,1015,1015,Male,Spanish
1016,1969-06-26,1016,1016,Prefer not to say,Korean
1017,1970-01-07,1017,1017,Prefer not to say,German
1018,1972-11-18,1018,1018,Male,Vietnamese
1019,1985-10-10,1019,1019,Male,French
1020,1977-08-11,1020,1020,Non-binary,Swedish
1021,1999-08-24,1021,1021,Prefer not to say,Japanese
1022,1974-06-27,1022,1022,Non-binary,Romanian
1023,1995-03-15,1023,1023,Female,Romanian
1024,1971-07-14,1024,1024,Prefer not to say,Italian
1025,1997-01-30,1025,1025,Male,German
1026,1998-11-15,1026,1026,Male,Thai
1027,1960-03-05,1027,1027,Male,Turkish
1028,1982-11-22,1028,1028,Non-binary,Spanish
1029,1982-09-23,1029,1029,Female,Turkish
1030,1998-03-11,1030,1030,Female,Korean
1031,1972-05-28,1031,1031,Prefer not to say,Polish
1032,1998-04-21,1032,1032,Prefer not to say,Portuguese
1033,2000-01-13,1033,1033,Non-binary,Hindi
1034,1991-07-13,1034,1034,Male,Italian
1035,1990-10-22,1035,1035,Male,Japanese
1036,1968-09-29,1036,1036,Non-binary,Japanese
1037,1971-12-08,1037,1037,Male,Swedish
1038,1989-05-10,1038,1038,Female,Romanian
1039,1962-06-18,1039,1039,Non-binary,Thai
1040,1980-09-06,1040,1040,Non-binary,Spanish
1041,1997-02-03,1041,1041,Prefer not to say,Swedish
1042,1996-03-19,1042,1042,Prefer not to say,Arabic
1043,1969-08-02,1043,1043,Female,Russian
1044,1981-01-22,1044,1044,Female,Swedish
1045,1973-05-11,1045,1045,Non-binary,Thai
1046,1969-06-18,1046,1046,Female,Japanese
1047,1989-10-07,1047,1047,Non-binary,Greek
1048,1971-07-15,1048,1048,Female,Polish
1049,1972-09-07,1049,1049,Female,Italian
1050,1987-04-09,1050,1050,Male,Russian
1051,1971-06-23,1051,1051,Male,English
1052,1977-10-16,1052,1052,Female,German
1053,1962-03-29,1053,1053,Female,German
1054,1980-01-10,1054,1054,Female,Vietnamese
1055,2000-02-23,1055,1055,Female,Korean
1056,1996-06-09,1056,1056,Prefer not to say,Greek
1057,1995-10-22,1057,1057,Male,Greek
1058,1969-07-23,1058,1058,Female,Romanian
1059,1994-07-15,1059,1059,Male,Romanian
1060,1966-03-17,1060,1060,Male,Thai
1061,1976-04-07,1061,1061,Prefer not to say,Polish
1062,1989-03-08,1062,1062,Female,Italian
1063,2000-01-23,1063,1063,Male,Hindi
1064,1994-01-12,1064,1064,Non-binary,Mandarin
1065,1983-02-10,1065,1065,Female,Turkish
1066,1969-02-12,1066,1066,Male,Greek
1067,1986-09-28,1067,1067,Female,Mandarin
1068,1991-04-19,1068,1068,Prefer not to say,French
1069,1961-06-30,1069,1069,Non-binary,Korean
1070,1995-02-22,1070,1070,Prefer not to say,Swedish
1071,1987-04-24,1071,1071,Prefer not to say,Korean
1072,1962-11-11,1072,1072,Male,Mandarin
1073,1980-12-22,1073,1073,Male,Hindi
1074,1973-01-25,1074,1074,Non-binary,Russian
1075,1980-08-15,1075,1075,Non-binary,Romanian
1076,2000-01-11,1076,1076,Non-binary,Romanian
1077,1987-02-17,1077,1077,Prefer not to say,Arabic
1078,1968-10-26,1078,1078,Male,Russian
1079,1998-04-19,1079,1079,Non-binary,Korean
1080,1961-08-18,1080,1080,Male,Polish
1081,1992-11-26,1081,1081,Male,Italian
1082,1987-06-09,1082,1082,Female,Japanese
1083,1995-11-22,1083,1083,Prefer not to say,Hindi
1084,1969-07-30,1084,1084,Prefer not to say,French
1085,1987-11-05,1085,1085,Female,Swedish
1086,1963-02-12,1086,1086,Male,Turkish
1087,1988-05-26,1087,1087,Male,Swedish
1088,1975-05-18,1088,1088,Female,Arabic
1089,1969-02-14,1089,1089,Female,Russian
1090,1972-12-19,1090,1090,Non-binary,Greek
1091,1969-02-04,1091,1091,Male,Dutch
1092,1962-04-24,1092,1092,Non-binary,Spanish
1093,1967-08-17,1093,1093,Female,Italian
1094,1979-02-20,1094,1094,Prefer not to say,Korean
1095,1973-01-12,1095,1095,Male,Turkish
1096,1987-12-29,1096,1096,Female,German
1097,1961-05-08,1097,1097,Prefer not to say,French
1098,1991-01-08,1098,1098,Prefer not to say,Mandarin
1099,1967-07-15,1099,1099,Female,French
1100,1999-09-24,1100,1100,Female,Greek
1101,1977-09-19,1101,1101,Male,Spanish
1102,1992-09-19,1102,1102,Non-binary,Portuguese
1103,1978-09-23,1103,1103,Female,Russian
1104,1992-10-29,1104,1104,Non-binary,Russian
1105,1987-12-24,1105,1105,Non-binary,Korean
1106,1967-12-25,1106,1106,Female,Thai
1107,1969-09-08,1107,1107,Male,Italian
1108,1992-05-11,1108,1108,Male,Korean
1109,1996-08-13,1109,1109,Male,English
1110,1973-05-10,1110,1110,Non-binary,Korean
1111,1989-05-08,1111,1111,Prefer not to say,English
1112,1984-02-15,1112,1112,Non-binary,Hindi
1113,1961-08-05,1113,1113,Non-binary,Romanian
1114,1972-04-14,1114,1114,Female,Swedish
1115,1962-01-06,1115,1115,Female,Italian
1116,2000-03-10,1116,1116,Prefer not to say,English
1117,1995-09-03,1117,1117,Female,Russian
1118,1962-02-12,1118,1118,Male,English
1119,1974-07-16,1119,1119,Female,Turkish
1120,1995-07-24,1120,1120,Prefer not to say,Swedish
1121,1986-01-14,1121,1121,Non-binary,Portuguese
1122,1993-03-29,1122,1122,Prefer not to say,Russian
1123,1995-07-04,1123,1123,Non-binary,English
1124,1989-01-29,1124,1124,Female,Thai
1125,1998-08-01,1125,1125,Female,Swedish
1126,1966-05-18,1126,1126,Female,French
1127,1991-06-17,1127,1127,Non-binary,Polish
1128,1960-02-12,1128,1128,Non-binary,Swedish
1129,1969-09-15,1129,1129,Prefer not to say,German
1130,1985-07-05,1130,1130,Prefer not to say,French
1131,1983-03-08,1131,1131,Non-binary,Arabic
1132,1980-07-26,1132,1132,Prefer not to say,Vietnamese
1133,1976-05-11,1133,1133,Male,Turkish
1134,1997-04-03,1134,1134,Prefer not to say,Arabic
1135,1990-07-20,1135,1135,Male,Vietnamese
1136,1981-07-04,1136,1136,Female,Japanese
1137,1979-06-19,1137,1137,Male,German
1138,1984-04-29,1138,1138,Prefer not to say,German
1139,1960-01-21,1139,1139,Non-binary,Italian
1140,1995-11-30,1140,1140,Non-binary,Mandarin
1141,1977-12-22,1141,1141,Female,Hindi
1142,1961-09-25,1142,1142,Prefer not to say,Portuguese
1143,1981-09-05,1143,1143,Prefer not to say,Spanish
1144,1997-07-11,1144,1144,Prefer not to say,Polish
1145,1995-10-09,1145,1145,Non-binary,Romanian
1146,1980-10-16,1146,1146,Female,Japanese
1147,1976-12-25,1147,1147,Non-binary,German
1148,1987-10-05,1148,1148,Prefer not to say,Vietnamese
1149,1963-12-15,1149,1149,Male,Thai
1150,1968-01-23,1150,1150,Male,German
1151,1996-11-14,1151,1151,Male,Thai
1152,1961-09-25,1152,1152,Prefer not to say,Polish
1153,1976-09-02,1153,1153,Prefer not to say,Swedish
1154,1984-09-11,1154,1154,Male,Greek
1155,1970-03-13,1155,1155,Male,Japanese
1156,1984-12-21,1156,1156,Female,Italian
1157,1993-08-21,1157,1157,Prefer not to say,Thai
1158,2000-07-25,1158,1158,Prefer not to say,Italian
1159,1983-09-06,1159,1159,Non-binary,Greek
1160,1987-07-08,1160,1160,Prefer not to say,Spanish
1161,1983-07-06,1161,1161,Female,Greek
1162,1967-10-17,1162,1162,Prefer not to say,Korean
1163,1986-08-20,1163,1163,Prefer not to say,English
1164,1972-11-29,1164,1164,Prefer not to say,Hindi
1165,1999-10-05,1165,1165,Non-binary,Turkish
1166,1976-04-03,1166,1166,Female,Hindi
1167,1969-02-20,1167,1167,Non-binary,Portuguese
1168,1995-08-30,1168,1168,Non-binary,Polish
1169,1962-08-09,1169,1169,Female,Mandarin
1170,1965-12-11,1170,1170,Female,Greek
1171,1966-07-28,1171,1171,Non-binary,English
1172,1969-05-11,1172,1172,Male,Vietnamese
1173,1960-01-06,1173,1173,Male,Swedish
1174,1989-10-20,1174,1174,Male,English
1175,1994-02-17,1175,1175,Non-binary,Vietnamese
1176,1963-01-01,1176,1176,Male,Japanese
1177,2000-01-07,1177,1177,Prefer not to say,English
1178,1997-07-04,1178,1178,Prefer not to say,Mandarin
1179,1971-06-21,1179,1179,Male,Mandarin
1180,1999-09-18,1180,1180,Prefer not to say,English
1181,1960-12-16,1181,1181,Non-binary,Romanian
1182,1996-11-12,1182,1182,Male,Romanian
1183,1961-05-24,1183,1183,Male,Russian
1184,1961-09-27,1184,1184,Female,Polish
1185,1995-04-10,1185,1185,Male,Vietnamese
1186,1976-02-25,1186,1186,Female,Swedish
1187,1977-06-20,1187,1187,Prefer not to say,Vietnamese
1188,1984-02-11,1188,1188,Male,Portuguese
1189,1985-11-12,1189,1189,Male,Dutch
1190,1999-10-22,1190,1190,Prefer not to say,Mandarin
1191,1970-10-07,1191,1191,Prefer not to say,French
1192,1992-03-07,1192,1192,Prefer not to say,Swedish
1193,1981-07-28,1193,1193,Male,Dutch
1194,1980-03-22,1194,1194,Female,French
1195,1972-04-15,1195,1195,Prefer not to say,Portuguese
1196,2000-10-12,1196,1196,Non-binary,Turkish
1197,1976-05-16,1197,1197,Non-binary,Polish
1198,1968-03-16,1198,1198,Prefer not to say,Vietnamese
1199,1998-06-17,1199,1199,Non-binary,Portuguese
1200,1982-08-30,1200,1200,Male,English
1201,1989-09-15,1201,1201,Non-binary,French
1202,1989-06-20,1202,1202,Male,French
1203,1990-07-28,1203,1203,Male,Vietnamese
1204,1998-11-14,1204,1204,Male,Portuguese
1205,1996-11-13,1205,1205,Non-binary,Portuguese
1206,1976-05-17,1206,1206,Female,Turkish
1207,1991-08-30,1207,1207,Male,Italian
1208,1972-11-17,1208,1208,Female,Romanian
1209,1983-07-24,1209,1209,Prefer not to say,Japanese
1210,2000-12-13,1210,1210,Female,Polish
1211,1999-03-31,1211,1211,Non-binary,Italian
1212,1983-03-04,1212,1212,Male,Korean
1213,1970-05-22,1213,1213,Prefer not to say,Polish
1214,1976-10-10,1214,1214,Non-binary,Turkish
1215,1981-08-24,1215,1215,Non-binary,French
1216,1967-11-22,1216,1216,Male,German
1217,1993-01-14,1217,1217,Male,Hindi
1218,1965-06-15,1218,1218,Prefer not to say,Hindi
1219,1989-02-19,1219,1219,Prefer not to say,Thai
1220,1977-10-25,1220,1220,Female,Hindi
1221,1995-10-04,1221,1221,Male,Swedish
1222,1984-09-12,1222,1222,Male,Romanian
1223,1982-02-05,1223,1223,Male,Swedish
1224,1995-12-17,1224,1224,Female,Greek
1225,1977-03-07,1225,1225,Female,Greek
1226,2000-04-13,1226,1226,Non-binary,Vietnamese
1227,1968-06-26,1227,1227,Non-binary,Arabic
1228,1996-12-03,1228,1228,Male,French
1229,1979-11-21,1229,1229,Female,German
1230,1979-09-22,1230,1230,Female,English
1231,1969-12-28,1231,1231,Prefer not to say,Dutch
1232,2000-10-04,1232,1232,Non-binary,Portuguese
1233,1986-05-15,1233,1233,Prefer not to say,Korean
1234,1987-06-08,1234,1234,Female,Mandarin
1235,1986-08-04,1235,1235,Female,Dutch
1236,1980-03-06,1236,1236,Female,German
1237,1983-10-12,1237,1237,Female,Hindi
1238,1972-07-16,1238,1238,Female,Turkish
1239,2000-08-07,1239,1239,Non-binary,Russian
1240,1969-11-04,1240,1240,Female,Spanish
1241,1989-03-28,1241,1241,Prefer not to say,Hindi
1242,1965-09-22,1242,1242,Prefer not to say,Spanish
1243,1971-10-27,1243,1243,Male,Thai
1244,1984-01-12,1244,1244,Prefer not to say,Dutch
1245,1962-02-04,1245,1245,Female,Vietnamese
1246,1972-03-18,1246,1246,Male,Japanese
1247,1996-01-02,1247,1247,Non-binary,Polish
1248,1977-01-03,1248,1248,Male,Hindi
1249,1999-07-06,1249,1249,Female,Romanian
1250,1964-11-11,1250,1250,Male,Turkish
1251,1964-03-08,1251,1251,Female,German
1252,1964-03-01,1252,1252,Prefer not to say,Japanese
1253,1980-03-08,1253,1253,Prefer not to say,Polish
1254,1996-12-26,1254,1254,Male,Arabic
1255,1979-06-09,1255,1255,Male,Dutch
1256,1994-01-12,1256,1256,Male,Portuguese
1257,1972-10-14,1257,1257,Female,German
1258,1974-02-11,1258,1258,Prefer not to say,Portuguese
1259,1991-10-30,1259,1259,Female,Polish
1260,1960-06-12,1260,1260,Female,Dutch
1261,1982-04-13,1261,1261,Female,Thai
1262,1993-08-28,1262,1262,Male,Thai
1263,1987-09-06,1263,1263,Female,French
1264,1974-03-10,1264,1264,Prefer not to say,Greek
1265,1984-12-17,1265,1265,Non-binary,English
1266,1997-03-30,1266,1266,Female,Polish
1267,1985-09-12,1267,1267,Non-binary,Romanian
1268,1964-05-19,1268,1268,Female,Italian
1269,1960-04-26,1269,1269,Non-binary,French
1270,1961-05-23,1270,1270,Female,Russian
1271,1995-11-01,1271,1271,Male,English
1272,1971-07-06,1272,1272,Female,French
1273,1979-05-10,1273,1273,Female,English
1274,1984-05-03,1274,1274,Non-binary,Vietnamese
1275,1964-07-22,1275,1275,Male,English
1276,1974-07-18,1276,1276,Male,English
1277,1978-01-27,1277,1277,Prefer not to say,Greek
1278,1999-12-24,1278,1278,Prefer not to say,Spanish
1279,1960-02-29,1279,1279,Prefer not to say,Japanese
1280,1995-02-07,1280,1280,Non-binary,French
1281,1961-02-26,1281,1281,Non-binary,Japanese
1282,1980-12-22,1282,1282,Prefer not to say,Mandarin
1283,1993-12-19,1283,1283,Male,Mandarin
1284,1998-12-26,1284,1284,Female,Romanian
1285,1989-05-27,1285,1285,Female,Mandarin
1286,1992-08-28,1286,1286,Prefer not to say,Hindi
1287,1994-07-19,1287,1287,Non-binary,Mandarin
1288,1962-09-28,1288,1288,Female,Dutch
1289,1983-10-25,1289,1289,Male,German
1290,1975-01-20,1290,1290,Prefer not to say,Dutch
1291,1974-03-05,1291,1291,Prefer not to say,Korean
1292,1982-11-15,1292,1292,Non-binary,Italian
1293,1961-05-20,1293,1293,Non-binary,Swedish
1294,1984-05-28,1294,1294,Female,Romanian
1295,1993-12-10,1295,1295,Non-binary,German
1296,1981-02-23,1296,1296,Prefer not to say,Dutch
1297,1982-08-30,1297,1297,Prefer not to say,Arabic
1298,1997-05-23,1298,1298,Female,Spanish
1299,1990-01-16,1299,1299,Prefer not to say,English
1300,1992-07-14,1300,1300,Non-binary,Vietnamese
1301,1984-09-05,1301,1301,Male,Spanish
1302,1982-01-26,1302,1302,Non-binary,Arabic
1303,1974-09-10,1303,1303,Non-binary,Vietnamese
1304,1971-07-17,1304,1304,Male,Russian
1305,1978-03-07,1305,1305,Female,Korean
1306,1974-01-16,1306,1306,Male,Italian
1307,1969-02-14,1307,1307,Non-binary,Spanish
1308,1962-09-01,1308,1308,Male,Italian
1309,1988-07-19,1309,1309,Female,Dutch
1310,1974-07-22,1310,1310,Male,Spanish
1311,1971-03-03,1311,1311,Female,English
1312,1964-04-23,1312,1312,Female,Italian
1313,1979-02-27,1313,1313,Female,Mandarin
1314,1977-10-22,1314,1314,Non-binary,Hindi
1315,1965-09-29,1315,1315,Male,French
1316,1964-03-31,1316,1316,Male,Vietnamese
1317,1960-05-29,1317,1317,Male,Russian
1318,1987-07-09,1318,1318,Prefer not to say,Mandarin
1319,1980-07-24,1319,1319,Female,Portuguese
1320,1989-08-23,1320,1320,Non-binary,Korean
1321,1992-10-08,1321,1321,Female,Spanish
1322,1988-10-08,1322,1322,Non-binary,Swedish
1323,1963-07-09,1323,1323,Female,Turkish
1324,2000-10-23,1324,1324,Female,Polish
1325,1975-08-26,1325,1325,Non-binary,Italian
1326,1984-12-23,1326,1326,Prefer not to say,Greek
1327,1987-11-16,1327,1327,Non-binary,Thai
1328,1986-11-23,1328,1328,Male,Korean
1329,1981-01-07,1329,1329,Female,English
1330,1986-11-22,1330,1330,Prefer not to say,Thai
1331,1973-01-20,1331,1331,Prefer not to say,Greek
1332,1978-08-15,1332,1332,Prefer not to say,German
1333,1987-04-11,1333,1333,Female,Vietnamese
1334,1973-03-21,1334,1334,Non-binary,Turkish
1335,1979-02-26,1335,1335,Non-binary,Arabic
1336,1966-05-12,1336,1336,Non-binary,Greek
1337,1969-08-04,1337,1337,Non-binary,Vietnamese
1338,1999-10-01,1338,1338,Male,Japanese
1339,1964-03-03,1339,1339,Non-binary,Spanish
1340,1985-10-12,1340,1340,Male,Vietnamese
1341,1975-05-04,1341,1341,Non-binary,Dutch
1342,1997-12-21,1342,1342,Male,Swedish
1343,1993-04-25,1343,1343,Female,Greek
1344,1989-01-30,1344,1344,Female,Spanish
1345,1968-02-02,1345,1345,Prefer not to say,English
1346,1978-05-01,1346,1346,Female,French
1347,2000-04-27,1347,1347,Prefer not to say,Portuguese
1348,1976-04-17,1348,1348,Non-binary,Mandarin
1349,1968-07-03,1349,1349,Prefer not to say,Mandarin
1350,1960-07-05,1350,1350,Female,German
1351,1961-09-02,1351,1351,Male,Romanian
1352,1996-10-11,1352,1352,Prefer not to say,Portuguese
1353,1989-11-14,1353,1353,Female,Italian
1354,1971-04-16,1354,1354,Male,Italian
1355,1971-10-01,1355,1355,Male,Swedish
1356,1966-10-14,1356,1356,Male,Portuguese
1357,1997-12-05,1357,1357,Male,French
1358,1998-08-10,1358,1358,Female,French
1359,1965-08-01,1359,1359,Female,Hindi
1360,1996-01-06,1360,1360,Prefer not to say,Thai
1361,1960-10-08,1361,1361,Male,Korean
1362,1980-02-25,1362,1362,Non-binary,Dutch
1363,1990-08-01,1363,1363,Male,Dutch
1364,1994-08-04,1364,1364,Male,Mandarin
1365,1984-11-29,1365,1365,Prefer not to say,Greek
1366,1985-12-25,1366,1366,Male,Dutch
1367,1999-07-21,1367,1367,Non-binary,Turkish
1368,1960-07-28,1368,1368,Prefer not to say,Korean
1369,1982-06-13,1369,1369,Prefer not to say,French
1370,1966-09-24,1370,1370,Female,Swedish
1371,1997-07-17,1371,1371,Non-binary,Spanish
1372,1989-12-27,1372,1372,Female,Turkish
1373,1998-06-26,1373,1373,Female,Mandarin
1374,1973-12-12,1374,1374,Non-binary,Polish
1375,1997-12-27,1375,1375,Prefer not to say,Romanian
1376,1988-01-11,1376,1376,Prefer not to say,Polish
1377,1992-05-27,1377,1377,Prefer not to say,Romanian
1378,1984-05-24,1378,1378,Non-binary,Russian
1379,1968-09-03,1379,1379,Non-binary,French
1380,1970-07-17,1380,1380,Male,Turkish
1381,1974-01-26,1381,1381,Male,Swedish
1382,1984-03-11,1382,1382,Prefer not to say,Mandarin
1383,1998-03-05,1383,1383,Prefer not to say,Hindi
1384,1977-01-03,1384,1384,Male,Romanian
1385,1975-01-11,1385,1385,Prefer not to say,Romanian
1386,1971-11-18,1386,1386,Female,Swedish
1387,1973-10-05,1387,1387,Female,Russian
1388,1982-01-30,1388,1388,Male,Russian
1389,1982-02-06,1389,1389,Non-binary,Swedish
1390,1974-01-23,1390,1390,Prefer not to say,Italian
1391,1963-08-16,1391,1391,Female,English
1392,1961-04-16,1392,1392,Non-binary,Italian
1393,1963-08-24,1393,1393,Prefer not to say,Korean
1394,1960-06-02,1394,1394,Prefer not to say,Turkish
1395,1975-05-27,1395,1395,Male,Russian
1396,1994-05-13,1396,1396,Non-binary,Spanish
1397,1966-02-24,1397,1397,Prefer not to say,Vietnamese
1398,1978-12-10,1398,1398,Non-binary,Japanese
1399,1964-11-05,1399,1399,Female,Polish
1400,1987-01-09,1400,1400,Prefer not to say,Korean
1401,1998-03-03,1401,1401,Prefer not to say,Greek
1402,1967-08-23,1402,1402,Male,Thai
1403,1962-06-15,1403,1403,Male,Dutch
1404,1986-05-07,1404,1404,Male,Thai
1405,1981-05-03,1405,1405,Non-binary,Greek
1406,1970-09-07,1406,1406,Male,Polish
1407,1989-02-14,1407,1407,Prefer not to say,Russian
1408,1988-02-23,1408,1408,Male,Spanish
1409,1989-06-09,1409,1409,Female,Mandarin
1410,1974-11-27,1410,1410,Non-binary,Vietnamese
1411,1969-04-12,1411,1411,Female,Polish
1412,1978-04-11,1412,1412,Non-binary,Russian
1413,1994-10-06,1413,1413,Non-binary,Hindi
1414,1973-08-09,1414,1414,Male,Hindi
1415,1962-01-09,1415,1415,Female,Swedish
1416,1985-02-25,1416,1416,Male,Hindi
1417,1994-06-20,1417,1417,Non-binary,Polish
1418,1976-06-16,1418,1418,Prefer not to say,Thai
1419,1970-01-07,1419,1419,Non-binary,English
1420,1971-02-05,1420,1420,Non-binary,Italian
1421,1979-10-12,1421,1421,Non-binary,Hindi
1422,1962-08-16,1422,1422,Prefer not to say,Mandarin
1423,1981-07-02,1423,1423,Male,Mandarin
1424,1961-12-21,1424,1424,Non-binary,Romanian
1425,1976-09-20,1425,1425,Prefer not to say,Polish
1426,1981-12-05,1426,1426,Prefer not to say,Italian
1427,1986-06-06,1427,1427,Female,Dutch
1428,1995-08-09,1428,1428,Prefer not to say,Thai
1429,1969-12-14,1429,1429,Non-binary,Italian
1430,1960-11-06,1430,1430,Prefer not to say,Russian
1431,1998-02-03,1431,1431,Non-binary,Russian
1432,1963-06-28,1432,1432,Female,Hindi
1433,1964-10-01,1433,1433,Prefer not to say,English
1434,1988-11-22,1434,1434,Female,Korean
1435,1975-05-28,1435,1435,Prefer not to say,Dutch
1436,1960-11-27,1436,1436,Female,Italian
1437,1978-08-28,1437,1437,Male,Italian
1438,1988-08-21,1438,1438,Female,French
1439,1983-05-14,1439,1439,Male,English
1440,1983-02-06,1440,1440,Non-binary,Hindi
1441,1992-10-14,1441,1441,Female,German
1442,1995-02-07,1442,1442,Non-binary,Hindi
1443,1984-08-06,1443,1443,Female,Swedish
1444,1976-11-01,1444,1444,Non-binary,German
1445,1990-07-17,1445,1445,Non-binary,Mandarin
1446,1963-03-14,1446,1446,Prefer not to say,Russian
1447,1962-06-22,1447,1447,Non-binary,Vietnamese
1448,1986-09-09,1448,1448,Non-binary,Vietnamese
1449,1972-05-14,1449,1449,Prefer not to say,German
1450,1972-03-17,1450,1450,Non-binary,Russian
1451,1989-05-23,1451,1451,Non-binary,French
1452,1973-04-29,1452,1452,Non-binary,French
1453,1993-06-09,1453,1453,Prefer not to say,Dutch
1454,1967-05-18,1454,1454,Male,Swedish
1455,1985-01-24,1455,1455,Prefer not to say,Swedish
1456,1989-10-13,1456,1456,Non-binary,Turkish
1457,1987-11-28,1457,1457,Male,Greek
1458,1982-08-23,1458,1458,Male,French
1459,1976-01-18,1459,1459,Non-binary,German
1460,1986-10-02,1460,1460,Female,Thai
1461,1995-01-13,1461,1461,Non-binary,Swedish
1462,1974-12-27,1462,1462,Prefer not to say,Greek
1463,1983-11-15,1463,1463,Female,English
1464,1993-05-04,1464,1464,Non-binary,Greek
1465,1988-05-27,1465,1465,Prefer not to say,German
1466,1983-09-06,1466,1466,Prefer not to say,Mandarin
1467,2000-09-19,1467,1467,Male,English
1468,2000-06-30,1468,1468,Prefer not to say,Japanese
1469,1988-07-15,1469,1469,Female,Japanese
1470,1964-01-02,1470,1470,Female,English
1471,1966-01-22,1471,1471,Female,Japanese
1472,1978-02-09,1472,1472,Male,Greek
1473,1993-07-21,1473,1473,Female,Romanian
1474,1992-06-03,1474,1474,Non-binary,Arabic
1475,1998-01-25,1475,1475,Non-binary,Dutch
1476,1964-01-17,1476,1476,Prefer not to say,French
1477,1981-12-02,1477,1477,Prefer not to say,Portuguese
1478,1996-11-11,1478,1478,Prefer not to say,Arabic
1479,1969-08-29,1479,1479,Non-binary,Japanese
1480,1987-05-13,1480,1480,Female,English
1481,1983-07-26,1481,1481,Male,Polish
1482,1964-07-12,1482,1482,Prefer not to say,Thai
1483,1980-02-14,1483,1483,Prefer not to say,German
1484,1981-08-16,1484,1484,Prefer not to say,Greek
1485,1980-06-15,1485,1485,Female,Vietnamese
1486,1986-03-07,1486,1486,Female,Portuguese
1487,1992-05-26,1487,1487,Male,Russian
1488,1970-05-14,1488,1488,Female,German
1489,1975-01-08,1489,1489,Female,Thai
1490,1985-07-22,1490,1490,Female,Turkish
1491,1967-03-21,1491,1491,Prefer not to say,Portuguese
1492,1984-11-09,1492,1492,Non-binary,Hindi
1493,1974-06-28,1493,1493,Female,Romanian
1494,1962-02-04,1494,1494,Non-binary,Dutch
1495,1996-09-05,1495,1495,Male,Vietnamese
1496,1965-05-04,1496,1496,Male,Hindi
1497,1975-04-18,1497,1497,Female,Thai
1498,1960-05-04,1498,1498,Male,French
1499,1974-10-25,1499,1499,Non-binary,German
1500,1972-10-02,1500,1500,Male,Romanian
1501,1978-04-20,1501,1501,Female,Dutch
1502,1991-08-26,1502,1502,Male,Spanish
1503,1973-01-31,1503,1503,Prefer not to say,Hindi
1504,1985-04-02,1504,1504,Non-binary,Greek
1505,1985-08-21,1505,1505,Prefer not to say,Portuguese
1506,1962-05-07,1506,1506,Female,Greek
1507,1975-11-26,1507,1507,Prefer not to say,Polish
1508,1968-06-28,1508,1508,Non-binary,Italian
1509,1966-06-21,1509,1509,Female,Thai
1510,1961-04-02,1510,1510,Male,Korean
1511,1978-08-10,1511,1511,Prefer not to say,Korean
1512,1999-11-02,1512,1512,Female,Turkish
1513,1988-07-30,1513,1513,Prefer not to say,Turkish
1514,1965-04-15,1514,1514,Non-binary,Portuguese
1515,1980-08-27,1515,1515,Male,Romanian
1516,1978-06-18,1516,1516,Male,Hindi
1517,1991-04-11,1517,1517,Prefer not to say,Dutch
1518,2000-04-19,1518,1518,Non-binary,Polish
1519,1974-08-04,1519,1519,Female,French
1520,1973-03-21,1520,1520,Male,Korean
1521,1999-12-22,1521,1521,Prefer not to say,Japanese
1522,1972-05-02,1522,1522,Male,Swedish
1523,1978-08-22,1523,1523,Male,Swedish
1524,1988-07-14,1524,1524,Non-binary,Japanese
1525,1961-12-25,1525,1525,Male,Thai
1526,1988-04-23,1526,1526,Non-binary,English
1527,1978-12-30,1527,1527,Prefer not to say,Greek
1528,1997-05-31,1528,1528,Female,Thai
1529,1970-07-27,1529,1529,Non-binary,Russian
1530,1989-07-06,1530,1530,Male,Italian
1531,1987-05-14,1531,1531,Prefer not to say,Spanish
1532,1965-02-16,1532,1532,Female,Turkish
1533,1960-05-21,1533,1533,Male,Japanese
1534,1975-08-06,1534,1534,Female,Mandarin
1535,2000-10-03,1535,1535,Male,Japanese
1536,1964-08-07,1536,1536,Female,Spanish
1537,1979-09-23,1537,1537,Non-binary,Portuguese
1538,1997-02-25,1538,1538,Female,Hindi
1539,1961-03-09,1539,1539,Male,Swedish
1540,1995-11-01,1540,1540,Male,English
1541,1995-05-06,1541,1541,Non-binary,Romanian
1542,1994-10-31,1542,1542,Non-binary,Italian
1543,1984-12-10,1543,1543,Non-binary,Vietnamese
1544,1975-02-15,1544,1544,Non-binary,Japanese
1545,1987-12-26,1545,1545,Prefer not to say,English
1546,1971-11-28,1546,1546,Non-binary,Thai
1547,1963-04-23,1547,1547,Non-binary,Swedish
1548,1990-08-11,1548,1548,Non-binary,Turkish
1549,1996-10-08,1549,1549,Female,Swedish
1550,1984-11-01,1550,1550,Male,Polish
1551,1981-02-04,1551,1551,Female,Russian
1552,1996-07-30,1552,1552,Non-binary,Romanian
1553,1978-02-24,1553,1553,Prefer not to say,Hindi
1554,1971-01-12,1554,1554,Non-binary,Spanish
1555,1989-12-10,1555,1555,Female,Korean
1556,1988-04-05,1556,1556,Male,Japanese
1557,1974-06-30,1557,1557,Prefer not to say,Spanish
1558,1978-02-19,1558,1558,Male,Dutch
1559,1961-06-23,1559,1559,Non-binary,Spanish
1560,1968-12-15,1560,1560,Female,Russian
1561,1988-08-06,1561,1561,Prefer not to say,Mandarin
1562,1970-04-19,1562,1562,Male,Vietnamese
1563,1978-10-20,1563,1563,Non-binary,Spanish
1564,1979-10-27,1564,1564,Male,Hindi
1565,1994-05-01,1565,1565,Prefer not to say,Greek
1566,1983-04-17,1566,1566,Prefer not to say,Vietnamese
1567,1988-02-04,1567,1567,Male,English
1568,1963-07-04,1568,1568,Non-binary,Dutch
1569,1989-07-31,1569,1569,Non-binary,French
1570,1972-05-30,1570,1570,Prefer not to say,French
1571,1983-06-18,1571,1571,Prefer not to say,Spanish
1572,1973-01-21,1572,1572,Male,Korean
1573,1975-03-27,1573,1573,Non-binary,Russian
1574,1960-03-30,1574,1574,Prefer not to say,Spanish
1575,1993-12-19,1575,1575,Female,Arabic
1576,1961-01-11,1576,1576,Non-binary,Mandarin
1577,1987-12-15,1577,1577,Non-binary,Russian
1578,1972-03-29,1578,1578,Non-binary,Turkish
1579,1962-07-02,1579,1579,Non-binary,Polish
1580,1977-03-14,1580,1580,Non-binary,Mandarin
1581,1983-04-14,1581,1581,Female,Mandarin
1582,1969-06-03,1582,1582,Female,Italian
1583,1971-05-11,1583,1583,Non-binary,Japanese
1584,2000-04-16,1584,1584,Female,Russian
1585,1976-11-23,1585,1585,Non-binary,German
1586,1994-07-25,1586,1586,Non-binary,English
1587,1966-09-01,1587,1587,Female,Portuguese
1588,1990-05-05,1588,1588,Male,Thai
1589,1970-03-22,1589,1589,Non-binary,English
1590,1992-01-17,1590,1590,Prefer not to say,English
1591,1996-01-14,1591,1591,Prefer not to say,Russian
1592,1984-09-04,1592,1592,Non-binary,French
1593,1997-09-27,1593,1593,Male,French
1594,1994-06-22,1594,1594,Prefer not to say,Vietnamese
1595,1970-11-25,1595,1595,Female,Spanish
1596,1983-03-20,1596,1596,Non-binary,Polish
1597,1990-10-11,1597,1597,Non-binary,Russian
1598,1998-11-18,1598,1598,Female,Korean
1599,2000-10-08,1599,1599,Male,German
1600,1995-08-24,1600,1600,Non-binary,German
1601,1991-12-29,1601,1601,Male,Russian
1602,1969-12-29,1602,1602,Female,Portuguese
1603,1968-09-26,1603,1603,Non-binary,Hindi
1604,2000-05-25,1604,1604,Non-binary,French
1605,1983-05-23,1605,1605,Non-binary,Russian
1606,1995-05-17,1606,1606,Non-binary,Korean
1607,1966-04-26,1607,1607,Male,Russian
1608,1982-09-12,1608,1608,Non-binary,Vietnamese
1609,1994-10-09,1609,1609,Non-binary,Spanish
1610,1960-11-22,1610,1610,Prefer not to say,Arabic
1611,1964-02-05,1611,1611,Female,Japanese
1612,1962-12-17,1612,1612,Female,Greek
1613,1980-08-03,1613,1613,Non-binary,Swedish
1614,1981-08-07,1614,1614,Female,Hindi
1615,1981-11-06,1615,1615,Prefer not to say,Portuguese
1616,1967-08-12,1616,1616,Non-binary,English
1617,1992-07-30,1617,1617,Female,Spanish
1618,1981-04-02,1618,1618,Prefer not to say,Russian
1619,1977-12-14,1619,1619,Prefer not to say,English
1620,1980-08-03,1620,1620,Female,English
1621,1999-06-11,1621,1621,Non-binary,Swedish
1622,1989-09-10,1622,1622,Non-binary,Japanese
1623,1967-06-11,1623,1623,Female,Turkish
1624,1987-03-14,1624,1624,Prefer not to say,Spanish
1625,1973-10-27,1625,1625,Female,French
1626,1978-06-08,1626,1626,Female,Polish
1627,1994-07-08,1627,1627,Non-binary,German
1628,1968-03-06,1628,1628,Non-binary,Mandarin
1629,1962-06-23,1629,1629,Non-binary,English
1630,1961-03-16,1630,1630,Prefer not to say,Swedish
1631,1984-09-17,1631,1631,Female,English
1632,1982-11-14,1632,1632,Male,Japanese
1633,1978-10-06,1633,1633,Non-binary,Greek
1634,1982-06-05,1634,1634,Non-binary,Polish
1635,1967-10-19,1635,1635,Non-binary,Turkish
1636,1976-10-25,1636,1636,Male,French
1637,1990-02-19,1637,1637,Non-binary,Italian
1638,1994-09-23,1638,1638,Prefer not to say,Thai
1639,1993-06-11,1639,1639,Non-binary,Russian
1640,1965-11-05,1640,1640,Prefer not to say,German
1641,1973-07-04,1641,1641,Non-binary,Vietnamese
1642,1995-04-01,1642,1642,Prefer not to say,French
1643,1968-02-29,1643,1643,Prefer not to say,Hindi
1644,1981-02-26,1644,1644,Prefer not to say,Spanish
1645,1999-04-07,1645,1645,Prefer not to say,Italian
1646,1983-09-21,1646,1646,Non-binary,Arabic
1647,1960-09-13,1647,1647,Prefer not to say,Portuguese
1648,1973-07-21,1648,1648,Male,Arabic
1649,1965-12-29,1649,1649,Non-binary,Hindi
1650,1991-03-19,1650,1650,Prefer not to say,Vietnamese
1651,1982-06-29,1651,1651,Prefer not to say,German
1652,1997-08-04,1652,1652,Female,Thai
1653,1998-05-31,1653,1653,Non-binary,Romanian
1654,1968-02-16,1654,1654,Non-binary,Mandarin
1655,1996-08-12,1655,1655,Female,Thai
1656,1986-09-07,1656,1656,Male,Thai
1657,1995-06-01,1657,1657,Female,Arabic
1658,1965-06-01,1658,1658,Male,Arabic
1659,1983-01-31,1659,1659,Non-binary,Korean
1660,1971-12-07,1660,1660,Female,Mandarin
1661,1988-12-08,1661,1661,Female,Greek
1662,1980-09-21,1662,1662,Female,Russian
1663,1975-08-21,1663,1663,Male,Thai
1664,1962-06-01,1664,1664,Male,Mandarin
1665,1993-03-18,1665,1665,Prefer not to say,Turkish
1666,1982-05-30,1666,1666,Non-binary,Japanese
1667,1968-06-19,1667,1667,Non-binary,Japanese
1668,1968-06-15,1668,1668,Prefer not to say,Swedish
1669,1994-10-28,1669,1669,Prefer not to say,Hindi
1670,1984-08-16,1670,1670,Non-binary,English
1671,1999-07-09,1671,1671,Prefer not to say,Italian
1672,1993-02-04,1672,1672,Female,Arabic
1673,1960-06-11,1673,1673,Prefer not to say,Swedish
1674,1998-11-29,1674,1674,Prefer not to say,Portuguese
1675,1966-01-24,1675,1675,Prefer not to say,Korean
1676,1997-10-12,1676,1676,Non-binary,Polish
1677,1968-08-19,1677,1677,Male,French
1678,1965-05-06,1678,1678,Prefer not to say,Turkish
1679,1980-12-21,1679,1679,Female,Portuguese
1680,1989-02-20,1680,1680,Male,Thai
1681,1975-06-05,1681,1681,Non-binary,Russian
1682,1977-08-17,1682,1682,Female,Japanese
1683,1976-09-10,1683,1683,Non-binary,German
1684,1972-09-26,1684,1684,Female,Italian
1685,1984-06-24,1685,1685,Non-binary,Hindi
1686,1968-06-15,1686,1686,Prefer not to say,Portuguese
1687,1963-01-29,1687,1687,Non-binary,Dutch
1688,1992-10-08,1688,1688,Female,English
1689,1983-08-12,1689,1689,Non-binary,French
1690,1999-02-18,1690,1690,Male,Greek
1691,1980-04-13,1691,1691,Non-binary,Italian
1692,1982-12-01,1692,1692,Male,Japanese
1693,1963-04-22,1693,1693,Non-binary,Japanese
1694,1984-07-27,1694,1694,Male,Mandarin
1695,1987-03-28,1695,1695,Female,Vietnamese
1696,1981-05-10,1696,1696,Female,Hindi
1697,1960-11-26,1697,1697,Non-binary,Vietnamese
1698,1967-11-14,1698,1698,Non-binary,German
1699,1972-12-13,1699,1699,Non-binary,English
1700,2000-08-18,1700,1700,Female,Greek
1701,1965-03-20,1701,1701,Male,Polish
1702,1979-01-07,1702,1702,Male,Italian
1703,1966-10-25,1703,1703,Male,Dutch
1704,1996-09-07,1704,1704,Female,Hindi
1705,1966-02-18,1705,1705,Male,Hindi
1706,1995-12-16,1706,1706,Prefer not to say,Portuguese
1707,1967-11-16,1707,1707,Female,English
1708,1965-07-19,1708,1708,Female,Thai
1709,1990-10-22,1709,1709,Prefer not to say,Thai
1710,1962-01-16,1710,1710,Prefer not to say,French
1711,1983-05-23,1711,1711,Non-binary,Italian
1712,1981-10-13,1712,1712,Male,Romanian
1713,1991-04-19,1713,1713,Female,Dutch
1714,1971-03-27,1714,1714,Female,German
1715,1995-02-23,1715,1715,Prefer not to say,Swedish
1716,1963-12-07,1716,1716,Non-binary,Portuguese
1717,1995-01-21,1717,1717,Female,French
1718,1970-07-05,1718,1718,Female,Polish
1719,1990-02-18,1719,1719,Non-binary,French
1720,1971-08-07,1720,1720,Non-binary,Thai
1721,1997-09-09,1721,1721,Non-binary,Korean
1722,1963-11-22,1722,1722,Non-binary,Hindi
1723,1986-01-27,1723,1723,Prefer not to say,Arabic
1724,1998-09-30,1724,1724,Female,Spanish
1725,1983-04-13,1725,1725,Male,Korean
1726,1967-06-19,1726,1726,Prefer not to say,Arabic
1727,1967-04-27,1727,1727,Prefer not to say,Portuguese
1728,1978-09-30,1728,1728,Prefer not to say,French
1729,1974-06-13,1729,1729,Prefer not to say,Vietnamese
1730,1993-09-23,1730,1730,Prefer not to say,Turkish
1731,1963-08-05,1731,1731,Male,Dutch
1732,1992-08-16,1732,1732,Male,Polish
1733,1968-12-24,1733,1733,Female,Korean
1734,1988-12-31,1734,1734,Male,Polish
1735,1989-04-30,1735,1735,Male,Vietnamese
1736,1977-10-18,1736,1736,Female,Dutch
1737,1993-07-01,1737,1737,Prefer not to say,Korean
1738,1970-04-30,1738,1738,Prefer not to say,Japanese
1739,1971-09-13,1739,1739,Female,Italian
1740,1990-04-30,1740,1740,Non-binary,Portuguese
1741,1998-11-18,1741,1741,Male,Polish
1742,1983-12-02,1742,1742,Male,German
1743,1990-11-27,1743,1743,Male,Korean
1744,1965-08-21,1744,1744,Non-binary,Turkish
1745,1991-08-11,1745,1745,Prefer not to say,Turkish
1746,1993-05-24,1746,1746,Prefer not to say,Thai
1747,1960-02-06,1747,1747,Female,German
1748,1963-08-31,1748,1748,Prefer not to say,Spanish
1749,2000-08-08,1749,1749,Prefer not to say,Italian
1750,1968-12-05,1750,1750,Female,Spanish
1751,1981-10-24,1751,1751,Non-binary,Polish
1752,1977-03-26,1752,1752,Non-binary,Spanish
1753,1981-06-04,1753,1753,Female,Korean
1754,1993-01-12,1754,1754,Non-binary,Hindi
1755,1975-01-11,1755,1755,Prefer not to say,Polish
1756,1973-10-11,1756,1756,Male,Dutch
1757,1960-11-04,1757,1757,Non-binary,Spanish
1758,1962-04-30,1758,1758,Prefer not to say,German
1759,1964-11-18,1759,1759,Female,Spanish
1760,1981-05-12,1760,1760,Non-binary,Korean
1761,1992-12-30,1761,1761,Male,Korean
1762,1971-07-06,1762,1762,Male,Swedish
1763,1977-05-19,1763,1763,Prefer not to say,Polish
1764,1960-06-09,1764,1764,Male,German
1765,1984-02-22,1765,1765,Non-binary,English
1766,1994-01-14,1766,1766,Male,Vietnamese
1767,1973-05-22,1767,1767,Prefer not to say,German
1768,1960-04-11,1768,1768,Male,Dutch
1769,1983-03-19,1769,1769,Prefer not to say,Japanese
1770,1991-11-04,1770,1770,Male,Romanian
1771,1980-06-10,1771,1771,Male,Arabic
1772,1969-12-04,1772,1772,Prefer not to say,Vietnamese
1773,2000-10-19,1773,1773,Female,Romanian
1774,1990-03-18,1774,1774,Male,Japanese
1775,1973-03-03,1775,1775,Non-binary,Dutch
1776,1992-06-30,1776,1776,Male,German
1777,1960-03-17,1777,1777,Prefer not to say,Arabic
1778,1999-12-20,1778,1778,Non-binary,German
1779,1997-04-01,1779,1779,Female,Portuguese
1780,2000-10-06,1780,1780,Prefer not to say,English
1781,1964-12-12,1781,1781,Female,Polish
1782,1999-07-19,1782,1782,Non-binary,Arabic
1783,1966-06-22,1783,1783,Male,Vietnamese
1784,1961-07-15,1784,1784,Non-binary,English
1785,1997-06-30,1785,1785,Non-binary,English
1786,1966-10-23,1786,1786,Male,Greek
1787,1991-02-02,1787,1787,Female,Spanish
1788,1969-09-24,1788,1788,Non-binary,English
1789,1978-06-25,1789,1789,Prefer not to say,Greek
1790,1969-09-30,1790,1790,Male,English
1791,1989-06-09,1791,1791,Prefer not to say,English
1792,1981-07-17,1792,1792,Prefer not to say,English
1793,1980-05-05,1793,1793,Female,Vietnamese
1794,1997-10-11,1794,1794,Male,Spanish
1795,1965-02-22,1795,1795,Non-binary,Hindi
1796,1985-09-11,1796,1796,Female,Spanish
1797,1996-10-01,1797,1797,Prefer not to say,Mandarin
1798,1961-01-27,1798,1798,Female,Korean
1799,1969-07-08,1799,1799,Non-binary,Italian
1800,1988-02-20,1800,1800,Female,Swedish
1801,1991-09-24,1801,1801,Female,Turkish
1802,1963-10-21,1802,1802,Male,Arabic
1803,2000-04-24,1803,1803,Female,Romanian
1804,1982-11-20,1804,1804,Male,French
1805,1999-06-30,1805,1805,Female,Japanese
1806,1979-05-30,1806,1806,Female,Dutch
1807,1970-12-22,1807,1807,Prefer not to say,German
1808,1995-07-19,1808,1808,Prefer not to say,Polish
1809,1972-08-23,1809,1809,Prefer not to say,Thai
1810,1976-03-13,1810,1810,Prefer not to say,Dutch
1811,2000-01-31,1811,1811,Female,Dutch
1812,1964-01-29,1812,1812,Female,Romanian
1813,1961-08-03,1813,1813,Male,Spanish
1814,1962-12-03,1814,1814,Male,Dutch
1815,1990-01-26,1815,1815,Female,Mandarin
1816,1990-06-22,1816,1816,Female,German
1817,1986-05-29,1817,1817,Female,French
1818,1986-07-18,1818,1818,Female,Portuguese
1819,1992-10-07,1819,1819,Male,Russian
1820,1969-09-05,1820,1820,Non-binary,Greek
1821,1984-12-27,1821,1821,Male,Dutch
1822,1969-06-05,1822,1822,Non-binary,Arabic
1823,1983-12-05,1823,1823,Prefer not to say,German
1824,1965-02-12,1824,1824,Prefer not to say,French
1825,1967-03-04,1825,1825,Female,Vietnamese
1826,1978-08-09,1826,1826,Prefer not to say,Romanian
1827,1971-10-03,1827,1827,Female,Portuguese
1828,1988-03-11,1828,1828,Non-binary,Romanian
1829,1984-09-22,1829,1829,Non-binary,Arabic
1830,1997-07-22,1830,1830,Non-binary,Turkish
1831,1985-12-07,1831,1831,Male,Hindi
1832,1964-11-15,1832,1832,Male,English
1833,1999-06-17,1833,1833,Male,Swedish
1834,1996-01-24,1834,1834,Non-binary,Russian
1835,1984-06-10,1835,1835,Non-binary,Japanese
1836,1976-04-16,1836,1836,Male,English
1837,1996-05-09,1837,1837,Non-binary,Arabic
1838,1976-04-16,1838,1838,Non-binary,Romanian
1839,1989-06-28,1839,1839,Female,Russian
1840,1988-04-20,1840,1840,Female,Turkish
1841,1968-09-09,1841,1841,Prefer not to say,German
1842,1969-09-16,1842,1842,Non-binary,German
1843,1979-08-05,1843,1843,Non-binary,Arabic
1844,1983-06-10,1844,1844,Female,Arabic
1845,1988-11-03,1845,1845,Non-binary,Hindi
1846,1969-04-13,1846,1846,Female,Greek
1847,1997-05-10,1847,1847,Prefer not to say,German
1848,1981-06-25,1848,1848,Female,Italian
1849,1995-06-18,1849,1849,Male,Hindi
1850,1967-09-13,1850,1850,Female,Korean
1851,1981-04-09,1851,1851,Non-binary,Thai
1852,1998-07-20,1852,1852,Non-binary,Arabic
1853,1984-11-10,1853,1853,Male,Japanese
1854,1960-05-22,1854,1854,Female,English
1855,1992-02-22,1855,1855,Non-binary,Russian
1856,1970-08-06,1856,1856,Female,Romanian
1857,1980-07-20,1857,1857,Female,Turkish
1858,1990-06-17,1858,1858,Female,Dutch
1859,1978-01-15,1859,1859,Non-binary,Greek
1860,1963-07-06,1860,1860,Prefer not to say,Vietnamese
1861,1991-04-27,1861,1861,Female,Hindi
1862,1991-07-15,1862,1862,Prefer not to say,Swedish
1863,1971-09-25,1863,1863,Non-binary,Spanish
1864,1981-08-05,1864,1864,Prefer not to say,Japanese
1865,1978-10-05,1865,1865,Prefer not to say,Polish
1866,1997-09-21,1866,1866,Female,Hindi
1867,1998-05-17,1867,1867,Male,Portuguese
1868,1963-01-06,1868,1868,Non-binary,Spanish
1869,1998-12-21,1869,1869,Female,Hindi
1870,1975-05-31,1870,1870,Prefer not to say,Hindi
1871,1964-07-19,1871,1871,Male,Swedish
1872,1989-09-17,1872,1872,Non-binary,Korean
1873,1983-07-19,1873,1873,Non-binary,Greek
1874,1993-01-13,1874,1874,Female,Hindi
1875,1979-05-02,1875,1875,Non-binary,Turkish
1876,1979-04-25,1876,1876,Female,Russian
1877,1987-04-14,1877,1877,Male,Arabic
1878,1976-08-12,1878,1878,Male,Dutch
1879,1991-02-02,1879,1879,Male,Italian
1880,1999-01-18,1880,1880,Prefer not to say,Romanian
1881,1990-04-28,1881,1881,Male,Korean
1882,1986-11-21,1882,1882,Female,Japanese
1883,1990-07-08,1883,1883,Male,Italian
1884,1977-07-25,1884,1884,Non-binary,Polish
1885,1993-07-26,1885,1885,Prefer not to say,Turkish
1886,1980-07-20,1886,1886,Non-binary,Swedish
1887,1990-12-07,1887,1887,Male,Korean
1888,1974-01-28,1888,1888,Female,English
1889,1962-05-14,1889,1889,Prefer not to say,Japanese
1890,1963-12-27,1890,1890,Prefer not to say,Thai
1891,1988-08-17,1891,1891,Female,Greek
1892,1976-11-24,1892,1892,Prefer not to say,Vietnamese
1893,1975-09-22,1893,1893,Non-binary,Spanish
1894,1977-01-06,1894,1894,Prefer not to say,Vietnamese
1895,1993-03-08,1895,1895,Male,Russian
1896,1979-11-10,1896,1896,Prefer not to say,Dutch
1897,1996-02-06,1897,1897,Male,Spanish
1898,1968-01-11,1898,1898,Male,Vietnamese
1899,1971-02-08,1899,1899,Non-binary,English
1900,1966-11-04,1900,1900,Female,Russian
1901,1963-10-26,1901,1901,Female,Turkish
1902,1973-06-04,1902,1902,Prefer not to say,Mandarin
1903,1988-05-03,1903,1903,Male,German
1904,1982-05-20,1904,1904,Female,Polish
1905,1987-01-23,1905,1905,Female,Thai
1906,1984-06-22,1906,1906,Female,Greek
1907,1962-05-11,1907,1907,Prefer not to say,Italian
1908,1991-09-27,1908,1908,Prefer not to say,Greek
1909,1977-02-25,1909,1909,Male,Hindi
1910,1977-02-10,1910,1910,Non-binary,Thai
1911,1968-03-29,1911,1911,Prefer not to say,Swedish
1912,1975-02-17,1912,1912,Prefer not to say,Romanian
1913,1990-03-08,1913,1913,Non-binary,Vietnamese
1914,1984-11-22,1914,1914,Prefer not to say,Turkish
1915,1974-10-08,1915,1915,Prefer not to say,English
1916,1976-06-03,1916,1916,Prefer not to say,Turkish
1917,1979-09-14,1917,1917,Female,Thai
1918,1981-02-20,1918,1918,Prefer not to say,German
1919,1976-08-25,1919,1919,Female,Turkish
1920,1995-07-27,1920,1920,Male,Spanish
1921,1965-06-27,1921,1921,Female,Spanish
1922,1983-02-28,1922,1922,Prefer not to say,Thai
1923,1999-05-30,1923,1923,Male,French
1924,1982-09-30,1924,1924,Female,French
1925,1963-09-08,1925,1925,Prefer not to say,Greek
1926,1971-07-29,1926,1926,Female,Romanian
1927,1968-12-22,1927,1927,Prefer not to say,Italian
1928,1995-01-24,1928,1928,Prefer not to say,Thai
1929,1997-11-02,1929,1929,Non-binary,Swedish
1930,1973-05-22,1930,1930,Male,Vietnamese
1931,1998-12-24,1931,1931,Non-binary,Arabic
1932,1978-06-10,1932,1932,Prefer not to say,Hindi
1933,1983-07-01,1933,1933,Non-binary,Russian
1934,1982-04-27,1934,1934,Male,Arabic
1935,1998-04-27,1935,1935,Prefer not to say,English
1936,1971-02-25,1936,1936,Male,Spanish
1937,1971-10-01,1937,1937,Prefer not to say,Turkish
1938,1974-01-01,1938,1938,Non-binary,Hindi
1939,1967-09-11,1939,1939,Prefer not to say,Polish
1940,1961-08-21,1940,1940,Non-binary,Vietnamese
1941,1968-10-18,1941,1941,Non-binary,Turkish
1942,1973-03-09,1942,1942,Prefer not to say,French
1943,1962-05-30,1943,1943,Prefer not to say,Dutch
1944,1995-03-15,1944,1944,Prefer not to say,Italian
1945,1982-08-20,1945,1945,Male,German
1946,1966-04-30,1946,1946,Female,Greek
1947,1976-06-24,1947,1947,Non-binary,French
1948,1985-04-22,1948,1948,Male,Russian
1949,1990-07-29,1949,1949,Non-binary,Spanish
1950,1968-05-21,1950,1950,Prefer not to say,Vietnamese
1951,1960-07-08,1951,1951,Male,Italian
1952,1977-12-21,1952,1952,Female,Korean
1953,1971-09-25,1953,1953,Non-binary,Russian
1954,1994-04-29,1954,1954,Prefer not to say,Thai
1955,1984-07-28,1955,1955,Female,Swedish
1956,1999-03-23,1956,1956,Non-binary,Vietnamese
1957,1968-07-11,1957,1957,Male,Swedish
1958,1970-07-28,1958,1958,Male,Arabic
1959,1984-07-02,1959,1959,Non-binary,German
1960,1985-12-04,1960,1960,Non-binary,Arabic
1961,1999-04-01,1961,1961,Female,Turkish
1962,1962-07-13,1962,1962,Male,German
1963,1965-10-31,1963,1963,Male,Japanese
1964,1992-04-28,1964,1964,Non-binary,Romanian
1965,1986-03-07,1965,1965,Male,Romanian
1966,1966-09-04,1966,1966,Female,Dutch
1967,1979-08-07,1967,1967,Non-binary,French
1968,1976-12-21,1968,1968,Male,Thai
1969,1964-02-12,1969,1969,Prefer not to say,Polish
1970,1969-07-22,1970,1970,Male,Spanish
1971,1982-11-21,1971,1971,Male,Dutch
1972,1978-01-10,1972,1972,Female,Polish
1973,1966-01-28,1973,1973,Female,Vietnamese
1974,1994-01-04,1974,1974,Female,Japanese
1975,1984-04-12,1975,1975,Prefer not to say,Italian
1976,1995-08-03,1976,1976,Female,German
1977,1979-03-02,1977,1977,Non-binary,English
1978,1962-02-25,1978,1978,Female,Thai
1979,1978-04-23,1979,1979,Prefer not to say,German
1980,1994-12-15,1980,1980,Non-binary,Turkish
1981,1973-10-20,1981,1981,Female,Thai
1982,1981-10-15,1982,1982,Female,Korean
1983,1997-09-16,1983,1983,Prefer not to say,Greek
1984,1984-02-22,1984,1984,Female,Korean
1985,1966-09-18,1985,1985,Prefer not to say,German
1986,1975-10-28,1986,1986,Female,Polish
1987,1994-04-03,1987,1987,Male,German
1988,1967-03-22,1988,1988,Female,Dutch
1989,1985-07-10,1989,1989,Prefer not to say,Vietnamese
1990,1997-05-13,1990,1990,Non-binary,Dutch
1991,1962-04-12,1991,1991,Prefer not to say,Romanian
1992,1991-08-22,1992,1992,Non-binary,Arabic
1993,1990-10-20,1993,1993,Prefer not to say,Hindi
1994,1967-01-12,1994,1994,Non-binary,Arabic
1995,1978-03-30,1995,1995,Female,Mandarin
1996,1988-12-26,1996,1996,Non-binary,Korean
1997,2000-06-20,1997,1997,Non-binary,Turkish
1998,1978-08-15,1998,1998,Male,German
1999,1985-04-02,1999,1999,Non-binary,Thai
2000,1962-05-16,2000,2000,Female,Turkish
2001,1969-01-28,2001,2001,Male,Korean
2002,1968-03-05,2002,2002,Female,Dutch
2003,1968-11-03,2003,2003,Male,Hindi
2004,1980-06-08,2004,2004,Non-binary,Arabic
2005,1965-08-30,2005,2005,Female,Vietnamese
2006,1996-08-01,2006,2006,Male,Vietnamese
2007,1979-03-13,2007,2007,Female,Vietnamese
2008,2000-03-20,2008,2008,Prefer not to say,Russian
2009,1995-12-11,2009,2009,Male,Spanish
2010,1992-01-03,2010,2010,Prefer not to say,Thai
2011,1996-04-07,2011,2011,Non-binary,Turkish
2012,1989-10-19,2012,2012,Non-binary,Portuguese
2013,1960-03-24,2013,2013,Non-binary,Romanian
2014,1993-07-24,2014,2014,Prefer not to say,Vietnamese
2015,1989-01-11,2015,2015,Male,Russian
2016,1961-05-23,2016,2016,Male,Arabic
2017,1997-03-03,2017,2017,Male,Japanese
2018,1984-01-04,2018,2018,Male,Romanian
2019,1980-03-24,2019,2019,Female,Turkish
2020,1993-08-16,2020,2020,Male,Greek
2021,1974-11-12,2021,2021,Female,French
2022,1997-05-26,2022,2022,Prefer not to say,Russian
2023,1991-06-17,2023,2023,Non-binary,Russian
2024,1980-01-17,2024,2024,Prefer not to say,Swedish
2025,1992-06-26,2025,2025,Prefer not to say,Mandarin
2026,1960-08-04,2026,2026,Non-binary,Portuguese
2027,1983-11-24,2027,2027,Non-binary,English
2028,1977-04-24,2028,2028,Prefer not to say,Korean
2029,1996-06-07,2029,2029,Female,Dutch
2030,1963-10-17,2030,2030,Non-binary,French
2031,1979-11-07,2031,2031,Male,Polish
2032,1997-09-15,2032,2032,Male,Spanish
2033,1990-08-22,2033,2033,Female,Swedish
2034,1988-08-14,2034,2034,Prefer not to say,French
2035,1987-07-04,2035,2035,Male,Thai
2036,1983-05-27,2036,2036,Prefer not to say,French
2037,1960-11-03,2037,2037,Female,Korean
2038,1978-09-21,2038,2038,Male,Russian
2039,1975-12-26,2039,2039,Male,French
2040,1988-05-09,2040,2040,Male,Hindi
2041,1971-10-13,2041,2041,Female,Turkish
2042,1961-03-18,2042,2042,Non-binary,Thai
2043,1993-12-19,2043,2043,Male,French
2044,1975-12-01,2044,2044,Female,Hindi
2045,1985-06-02,2045,2045,Non-binary,Spanish
2046,1961-06-14,2046,2046,Male,Romanian
2047,1963-04-07,2047,2047,Male,Portuguese
2048,1963-04-23,2048,2048,Male,Turkish
2049,1993-05-29,2049,2049,Non-binary,Greek
2050,1987-11-16,2050,2050,Prefer not to say,Portuguese
2051,1969-06-01,2051,2051,Male,Italian
2052,1960-01-14,2052,2052,Female,Hindi
2053,1988-07-21,2053,2053,Female,French
2054,1966-03-05,2054,2054,Non-binary,Russian
2055,1981-02-06,2055,2055,Female,Arabic
2056,1965-02-27,2056,2056,Non-binary,Portuguese
2057,1963-05-20,2057,2057,Non-binary,Polish
2058,1970-01-08,2058,2058,Prefer not to say,Thai
2059,1983-07-16,2059,2059,Female,Thai
2060,1999-01-19,2060,2060,Prefer not to say,Polish
2061,1965-02-18,2061,2061,Non-binary,Dutch
2062,1984-12-20,2062,2062,Non-binary,Romanian
2063,1963-01-26,2063,2063,Prefer not to say,Greek
2064,1972-05-31,2064,2064,Male,Romanian
2065,1977-04-28,2065,2065,Female,Vietnamese
2066,1976-06-23,2066,2066,Male,English
2067,1964-01-24,2067,2067,Prefer not to say,Russian
2068,1989-01-09,2068,2068,Male,Mandarin
2069,1991-11-30,2069,2069,Prefer not to say,English
2070,1993-08-01,2070,2070,Female,English
2071,1972-04-14,2071,2071,Male,Japanese
2072,1977-10-06,2072,2072,Non-binary,French
2073,1965-01-03,2073,2073,Male,Korean
2074,1967-11-24,2074,2074,Male,German
2075,1997-04-25,2075,2075,Non-binary,Japanese
2076,1989-11-13,2076,2076,Non-binary,Swedish
2077,1978-11-18,2077,2077,Prefer not to say,Japanese
2078,1986-05-06,2078,2078,Non-binary,Swedish
2079,1984-05-26,2079,2079,Female,Dutch
2080,1996-01-07,2080,2080,Female,Hindi
2081,1988-11-19,2081,2081,Male,Romanian
2082,1997-12-17,2082,2082,Non-binary,German
2083,1984-08-09,2083,2083,Female,Romanian
2084,1979-03-09,2084,2084,Female,Vietnamese
2085,2000-05-17,2085,2085,Female,French
2086,1981-06-21,2086,2086,Prefer not to say,Turkish
2087,1978-11-01,2087,2087,Non-binary,Spanish
2088,1960-01-31,2088,2088,Prefer not to say,Spanish
2089,1961-01-12,2089,2089,Prefer not to say,Korean
2090,1979-06-25,2090,2090,Non-binary,Russian
2091,1965-11-25,2091,2091,Non-binary,German
2092,2000-02-03,2092,2092,Female,Swedish
2093,1973-08-08,2093,2093,Female,French
2094,1995-05-20,2094,2094,Non-binary,Hindi
2095,1969-09-21,2095,2095,Male,Spanish
2096,1962-02-12,2096,2096,Non-binary,Polish
2097,1982-03-04,2097,2097,Prefer not to say,Russian
2098,1984-09-18,2098,2098,Prefer not to say,Hindi
2099,1966-11-04,2099,2099,Male,English
2100,1983-05-30,2100,2100,Male,Dutch
2101,1979-01-28,2101,2101,Female,Spanish
2102,1964-12-07,2102,2102,Non-binary,Swedish
2103,1994-11-17,2103,2103,Prefer not to say,Italian
2104,1995-04-30,2104,2104,Female,Greek
2105,1975-12-17,2105,2105,Female,English
2106,1973-08-23,2106,2106,Prefer not to say,German
2107,1975-01-09,2107,2107,Male,Romanian
2108,1964-05-24,2108,2108,Non-binary,Portuguese
2109,1961-03-26,2109,2109,Female,German
2110,1985-08-09,2110,2110,Non-binary,Korean
2111,1982-08-24,2111,2111,Prefer not to say,Thai
2112,1986-10-15,2112,2112,Female,Polish
2113,1968-05-09,2113,2113,Prefer not to say,Korean
2114,1961-03-04,2114,2114,Female,Dutch
2115,1998-10-17,2115,2115,Prefer not to say,Arabic
2116,1979-04-09,2116,2116,Non-binary,Thai
2117,1968-02-15,2117,2117,Prefer not to say,Vietnamese
2118,1973-07-22,2118,2118,Non-binary,Vietnamese
2119,1971-04-18,2119,2119,Prefer not to say,Thai
2120,1965-01-30,2120,2120,Female,Japanese
2121,1992-03-26,2121,2121,Female,Vietnamese
2122,1980-03-14,2122,2122,Male,Romanian
2123,1981-01-20,2123,2123,Prefer not to say,Japanese
2124,1972-09-14,2124,2124,Female,Italian
2125,1972-01-27,2125,2125,Female,Arabic
2126,1996-02-24,2126,2126,Non-binary,Polish
2127,1988-01-03,2127,2127,Male,Japanese
2128,1984-04-21,2128,2128,Prefer not to say,Korean
2129,1967-06-08,2129,2129,Non-binary,English
2130,1961-08-31,2130,2130,Non-binary,Hindi
2131,1984-08-13,2131,2131,Non-binary,Thai
2132,1990-09-11,2132,2132,Male,Vietnamese
2133,1993-08-22,2133,2133,Female,French
2134,1982-10-23,2134,2134,Prefer not to say,Polish
2135,1975-08-27,2135,2135,Female,Spanish
2136,1973-10-09,2136,2136,Female,Swedish
2137,1999-03-31,2137,2137,Male,English
2138,1980-01-06,2138,2138,Male,Dutch
2139,1994-02-24,2139,2139,Female,Vietnamese
2140,1975-12-13,2140,2140,Prefer not to say,Hindi
2141,1975-11-22,2141,2141,Male,Romanian
2142,1990-10-06,2142,2142,Female,Hindi
2143,1998-01-12,2143,2143,Female,Portuguese
2144,1966-05-13,2144,2144,Female,Dutch
2145,1988-11-04,2145,2145,Non-binary,French
2146,1966-08-26,2146,2146,Non-binary,Turkish
2147,1993-01-30,2147,2147,Prefer not to say,Korean
2148,1998-01-06,2148,2148,Female,Swedish
2149,1999-02-14,2149,2149,Non-binary,Arabic
2150,1993-08-18,2150,2150,Non-binary,Hindi
2151,1977-06-06,2151,2151,Prefer not to say,Arabic
2152,1997-04-10,2152,2152,Male,Romanian
2153,2000-06-15,2153,2153,Male,Vietnamese
2154,1980-11-16,2154,2154,Female,Russian
2155,1966-02-17,2155,2155,Non-binary,Turkish
2156,1978-09-22,2156,2156,Prefer not to say,Italian
2157,1996-06-02,2157,2157,Prefer not to say,Mandarin
2158,1962-07-16,2158,2158,Non-binary,Romanian
2159,1962-02-12,2159,2159,Female,Japanese
2160,1967-09-07,2160,2160,Non-binary,Swedish
2161,1980-11-27,2161,2161,Male,Japanese
2162,1983-08-20,2162,2162,Non-binary,German
2163,1982-08-01,2163,2163,Male,Thai
2164,1978-01-28,2164,2164,Female,Dutch
2165,1997-11-14,2165,2165,Male,Greek
2166,1994-01-25,2166,2166,Non-binary,Korean
2167,1960-05-03,2167,2167,Prefer not to say,Romanian
2168,1962-07-27,2168,2168,Male,Greek
2169,1972-06-14,2169,2169,Prefer not to say,Korean
2170,1989-04-16,2170,2170,Male,English
2171,1981-02-23,2171,2171,Male,Russian
2172,1984-06-24,2172,2172,Female,Mandarin
2173,1975-05-24,2173,2173,Male,Romanian
2174,1971-02-03,2174,2174,Female,Polish
2175,1971-03-02,2175,2175,Male,Portuguese
2176,1968-07-11,2176,2176,Male,Thai
2177,1976-05-07,2177,2177,Prefer not to say,Dutch
2178,1971-03-23,2178,2178,Male,Swedish
2179,1961-05-12,2179,2179,Prefer not to say,Mandarin
2180,1987-08-06,2180,2180,Female,Polish
2181,1983-06-03,2181,2181,Prefer not to say,Korean
2182,1985-01-19,2182,2182,Prefer not to say,French
2183,1993-08-30,2183,2183,Male,Dutch
2184,1960-11-23,2184,2184,Non-binary,English
2185,1970-11-03,2185,2185,Male,English
2186,1987-07-04,2186,2186,Female,Vietnamese
2187,1974-03-07,2187,2187,Male,German
2188,1998-11-13,2188,2188,Female,Mandarin
2189,1997-10-05,2189,2189,Female,English
2190,1995-12-21,2190,2190,Male,Mandarin
2191,1997-02-09,2191,2191,Prefer not to say,Turkish
2192,1989-05-16,2192,2192,Female,Thai
2193,1976-11-14,2193,2193,Prefer not to say,Turkish
2194,1966-11-10,2194,2194,Female,Romanian
2195,1960-10-17,2195,2195,Female,English
2196,1974-11-28,2196,2196,Non-binary,Arabic
2197,1994-03-18,2197,2197,Prefer not to say,Arabic
2198,1979-09-28,2198,2198,Female,Vietnamese
2199,1972-12-11,2199,2199,Non-binary,Arabic
2200,1988-12-28,2200,2200,Prefer not to say,Spanish
2201,1980-01-01,2201,2201,Female,Russian
2202,1961-07-01,2202,2202,Non-binary,Thai
2203,1984-08-30,2203,2203,Non-binary,Arabic
2204,1970-10-30,2204,2204,Female,Vietnamese
2205,1970-12-15,2205,2205,Prefer not to say,Japanese
2206,1977-04-14,2206,2206,Female,Thai
2207,1964-12-01,2207,2207,Female,Russian
2208,1960-12-16,2208,2208,Non-binary,Italian
2209,1984-02-24,2209,2209,Male,Mandarin
2210,1987-04-29,2210,2210,Non-binary,Romanian
2211,1964-01-14,2211,2211,Female,Korean
2212,1974-09-08,2212,2212,Male,Thai
2213,1981-02-16,2213,2213,Non-binary,Japanese
2214,1976-03-29,2214,2214,Prefer not to say,Greek
2215,1978-05-22,2215,2215,Prefer not to say,Thai
2216,1971-10-07,2216,2216,Prefer not to say,Swedish
2217,1970-11-13,2217,2217,Prefer not to say,Thai
2218,1960-09-03,2218,2218,Prefer not to say,German
2219,1978-04-03,2219,2219,Male,Thai
2220,1989-01-25,2220,2220,Male,Vietnamese
2221,1988-05-17,2221,2221,Female,Swedish
2222,1984-06-02,2222,2222,Female,Spanish
2223,1992-02-05,2223,2223,Male,Dutch
2224,1990-10-15,2224,2224,Male,Portuguese
2225,1963-06-22,2225,2225,Male,Arabic
2226,1976-05-25,2226,2226,Non-binary,Thai
2227,2000-04-29,2227,2227,Female,Dutch
2228,1989-11-21,2228,2228,Prefer not to say,French
2229,1974-05-03,2229,2229,Male,Italian
2230,1996-02-24,2230,2230,Female,Japanese
2231,1969-07-14,2231,2231,Male,English
2232,1979-10-05,2232,2232,Male,Korean
2233,2000-02-03,2233,2233,Male,Japanese
2234,1991-10-03,2234,2234,Prefer not to say,German
2235,1986-01-13,2235,2235,Non-binary,German
2236,1973-02-25,2236,2236,Non-binary,Spanish
2237,1962-07-17,2237,2237,Female,Korean
2238,1962-09-11,2238,2238,Male,Hindi
2239,1979-08-26,2239,2239,Female,Japanese
2240,1985-02-23,2240,2240,Non-binary,Polish
2241,1976-03-18,2241,2241,Non-binary,English
2242,1964-12-19,2242,2242,Female,Japanese
2243,1963-10-10,2243,2243,Prefer not to say,Italian
2244,1991-09-24,2244,2244,Male,German
2245,1993-03-02,2245,2245,Prefer not to say,Italian
2246,1971-01-25,2246,2246,Non-binary,Polish
2247,1960-10-12,2247,2247,Female,Thai
2248,1964-04-04,2248,2248,Female,English
2249,1978-05-20,2249,2249,Male,Dutch
2250,1985-01-07,2250,2250,Prefer not to say,Greek
2251,1989-07-07,2251,2251,Non-binary,Italian
2252,1999-11-09,2252,2252,Prefer not to say,German
2253,1970-05-22,2253,2253,Prefer not to say,English
2254,1968-08-30,2254,2254,Female,Portuguese
2255,1996-11-27,2255,2255,Female,English
2256,1995-05-31,2256,2256,Male,Turkish
2257,1973-05-13,2257,2257,Non-binary,Polish
2258,1987-02-09,2258,2258,Non-binary,Vietnamese
2259,1999-09-09,2259,2259,Male,Romanian
2260,1965-07-02,2260,2260,Female,Thai
2261,1995-02-15,2261,2261,Male,Mandarin
2262,1999-12-28,2262,2262,Prefer not to say,Dutch
2263,1973-05-23,2263,2263,Female,Hindi
2264,1977-08-02,2264,2264,Prefer not to say,Romanian
2265,1977-06-17,2265,2265,Prefer not to say,Russian
2266,1971-08-17,2266,2266,Non-binary,Italian
2267,1979-09-14,2267,2267,Female,Arabic
2268,1980-04-08,2268,2268,Non-binary,German
2269,1961-10-31,2269,2269,Prefer not to say,Thai
2270,1965-06-23,2270,2270,Female,French
2271,1997-07-16,2271,2271,Non-binary,Mandarin
2272,1979-03-20,2272,2272,Male,Polish
2273,1972-06-13,2273,2273,Male,Arabic
2274,1981-04-10,2274,2274,Female,German
2275,2000-12-22,2275,2275,Prefer not to say,Turkish
2276,1966-04-09,2276,2276,Prefer not to say,Polish
2277,1981-11-30,2277,2277,Male,Portuguese
2278,1993-12-23,2278,2278,Male,Thai
2279,1965-09-24,2279,2279,Female,Mandarin
2280,1969-06-21,2280,2280,Male,Dutch
2281,1962-01-17,2281,2281,Male,Mandarin
2282,1993-05-22,2282,2282,Female,Portuguese
2283,1962-08-04,2283,2283,Female,Italian
2284,1995-04-01,2284,2284,Male,Hindi
2285,1989-10-22,2285,2285,Female,Portuguese
2286,1996-08-22,2286,2286,Non-binary,Russian
2287,1986-01-08,2287,2287,Prefer not to say,Polish
2288,1982-07-26,2288,2288,Non-binary,Japanese
2289,1963-03-22,2289,2289,Male,Swedish
2290,1991-11-16,2290,2290,Non-binary,French
2291,1975-06-23,2291,2291,Female,Japanese
2292,1963-12-02,2292,2292,Non-binary,Italian
2293,1964-10-02,2293,2293,Prefer not to say,French
2294,1966-09-18,2294,2294,Non-binary,Vietnamese
2295,2000-11-22,2295,2295,Non-binary,Arabic
2296,1962-05-05,2296,2296,Male,Romanian
2297,1983-01-18,2297,2297,Male,English
2298,1996-02-27,2298,2298,Prefer not to say,Swedish
2299,1980-05-06,2299,2299,Prefer not to say,Thai
2300,1989-05-07,2300,2300,Female,English
2301,1964-10-06,2301,2301,Female,Vietnamese
2302,1978-06-26,2302,2302,Non-binary,Russian
2303,1979-11-05,2303,2303,Prefer not to say,Romanian
2304,1990-09-05,2304,2304,Prefer not to say,Romanian
2305,1968-06-25,2305,2305,Female,Swedish
2306,1968-10-14,2306,2306,Non-binary,Thai
2307,1993-11-19,2307,2307,Prefer not to say,Italian
2308,1996-05-24,2308,2308,Non-binary,Polish
2309,1992-02-08,2309,2309,Female,Portuguese
2310,1967-11-15,2310,2310,Non-binary,Turkish
2311,1966-12-21,2311,2311,Non-binary,Japanese
2312,1997-04-26,2312,2312,Prefer not to say,Korean
2313,1974-07-09,2313,2313,Female,Japanese
2314,1967-02-28,2314,2314,Prefer not to say,Polish
2315,1978-01-19,2315,2315,Prefer not to say,Korean
2316,1969-02-27,2316,2316,Prefer not to say,Greek
2317,1971-09-29,2317,2317,Prefer not to say,Hindi
2318,1975-01-03,2318,2318,Non-binary,Italian
2319,1985-01-29,2319,2319,Female,Swedish
2320,1990-04-24,2320,2320,Female,Italian
2321,1966-02-01,2321,2321,Non-binary,Spanish
2322,1961-05-12,2322,2322,Male,English
2323,1963-12-24,2323,2323,Female,Greek
2324,1983-09-02,2324,2324,Female,Polish
2325,1973-03-27,2325,2325,Non-binary,English
2326,1988-12-27,2326,2326,Non-binary,Japanese
2327,1991-09-25,2327,2327,Male,Russian
2328,1987-03-15,2328,2328,Prefer not to say,Turkish
2329,1961-10-02,2329,2329,Non-binary,Arabic
2330,1989-12-17,2330,2330,Prefer not to say,Portuguese
2331,1966-03-01,2331,2331,Prefer not to say,Polish
2332,1999-07-25,2332,2332,Prefer not to say,Hindi
2333,1989-10-03,2333,2333,Non-binary,Russian
2334,1966-06-20,2334,2334,Prefer not to say,Mandarin
2335,1966-08-07,2335,2335,Male,Dutch
2336,1964-10-16,2336,2336,Prefer not to say,English
2337,1979-08-04,2337,2337,Non-binary,Italian
2338,1985-01-20,2338,2338,Male,Swedish
2339,1975-09-06,2339,2339,Female,Turkish
2340,1962-06-30,2340,2340,Male,Swedish
2341,1977-01-24,2341,2341,Female,Vietnamese
2342,1987-10-24,2342,2342,Female,Polish
2343,1995-04-17,2343,2343,Male,Arabic
2344,1967-12-18,2344,2344,Prefer not to say,Mandarin
2345,1989-01-27,2345,2345,Non-binary,Portuguese
2346,1974-12-09,2346,2346,Female,Italian
2347,1980-10-18,2347,2347,Female,Romanian
2348,1963-03-02,2348,2348,Male,Korean
2349,1980-05-13,2349,2349,Prefer not to say,Korean
2350,1998-12-14,2350,2350,Male,German
2351,1995-01-26,2351,2351,Female,French
2352,1998-05-12,2352,2352,Prefer not to say,English
2353,1973-11-22,2353,2353,Non-binary,Swedish
2354,1991-05-07,2354,2354,Male,Romanian
2355,1976-11-30,2355,2355,Male,Italian
2356,1990-06-09,2356,2356,Prefer not to say,Swedish
2357,1981-12-02,2357,2357,Female,Vietnamese
2358,1982-12-27,2358,2358,Prefer not to say,Greek
2359,1989-02-19,2359,2359,Male,Polish
2360,1977-02-19,2360,2360,Male,Thai
2361,1980-01-24,2361,2361,Male,Japanese
2362,1994-04-30,2362,2362,Prefer not to say,Mandarin
2363,1960-12-14,2363,2363,Female,Swedish
2364,1996-12-26,2364,2364,Female,Turkish
2365,1975-04-09,2365,2365,Prefer not to say,Greek
2366,1999-11-07,2366,2366,Female,Hindi
2367,1971-01-29,2367,2367,Non-binary,Japanese
2368,1992-07-19,2368,2368,Male,Spanish
2369,1961-01-04,2369,2369,Male,Turkish
2370,1975-05-20,2370,2370,Prefer not to say,Russian
2371,2000-03-17,2371,2371,Female,Thai
2372,1973-06-08,2372,2372,Non-binary,Dutch
2373,1990-03-16,2373,2373,Non-binary,Korean
2374,1989-04-22,2374,2374,Prefer not to say,Hindi
2375,1994-12-17,2375,2375,Female,Portuguese
2376,1990-12-02,2376,2376,Female,Greek
2377,1960-03-19,2377,2377,Female,Italian
2378,1993-04-04,2378,2378,Male,Romanian
2379,1990-09-13,2379,2379,Prefer not to say,Spanish
2380,2000-01-21,2380,2380,Prefer not to say,Portuguese
2381,1963-04-29,2381,2381,Prefer not to say,French
2382,1963-12-06,2382,2382,Male,Italian
2383,1963-12-10,2383,2383,Prefer not to say,Arabic
2384,1965-10-10,2384,2384,Male,Russian
2385,1994-04-07,2385,2385,Male,French
2386,1960-10-10,2386,2386,Prefer not to say,Dutch
2387,1985-03-21,2387,2387,Male,Swedish
2388,1994-06-10,2388,2388,Prefer not to say,German
2389,1993-02-04,2389,2389,Non-binary,Turkish
2390,1969-01-15,2390,2390,Prefer not to say,Arabic
2391,1980-01-27,2391,2391,Female,Arabic
2392,1993-07-16,2392,2392,Prefer not to say,Vietnamese
2393,2000-01-28,2393,2393,Prefer not to say,Italian
2394,2000-09-01,2394,2394,Female,Japanese
2395,1993-02-11,2395,2395,Non-binary,Polish
2396,1993-09-06,2396,2396,Female,Russian
2397,1999-03-13,2397,2397,Non-binary,Turkish
2398,1991-08-09,2398,2398,Female,Mandarin
2399,1965-12-11,2399,2399,Female,French
2400,1985-04-19,2400,2400,Female,German
2401,1967-07-16,2401,2401,Male,Thai
2402,1990-05-15,2402,2402,Female,Romanian
2403,1963-03-25,2403,2403,Female,Portuguese
2404,1972-05-26,2404,2404,Female,German
2405,1973-08-25,2405,2405,Male,Dutch
2406,1962-05-04,2406,2406,Prefer not to say,Italian
2407,1969-09-03,2407,2407,Prefer not to say,Polish
2408,1964-08-23,2408,2408,Prefer not to say,Greek
2409,1988-11-14,2409,2409,Male,Romanian
2410,1967-11-30,2410,2410,Female,German
2411,1978-06-16,2411,2411,Male,Italian
2412,2000-06-07,2412,2412,Male,Russian
2413,1987-06-07,2413,2413,Prefer not to say,Italian
2414,1971-08-11,2414,2414,Prefer not to say,Dutch
2415,1993-09-23,2415,2415,Male,Vietnamese
2416,1992-07-11,2416,2416,Non-binary,German
2417,1986-07-28,2417,2417,Female,Greek
2418,1989-12-16,2418,2418,Non-binary,Mandarin
2419,1961-03-16,2419,2419,Male,Korean
2420,1996-12-29,2420,2420,Prefer not to say,Vietnamese
2421,1994-04-17,2421,2421,Female,English
2422,1978-04-17,2422,2422,Prefer not to say,Portuguese
2423,1996-07-02,2423,2423,Female,Romanian
2424,1979-11-12,2424,2424,Prefer not to say,Greek
2425,1995-12-09,2425,2425,Male,Japanese
2426,1963-10-13,2426,2426,Prefer not to say,English
2427,1962-12-24,2427,2427,Non-binary,Turkish
2428,2000-04-18,2428,2428,Female,Greek
2429,1981-10-08,2429,2429,Prefer not to say,Hindi
2430,1981-01-14,2430,2430,Prefer not to say,Russian
2431,1960-10-17,2431,2431,Non-binary,Polish
2432,1981-05-04,2432,2432,Non-binary,Korean
2433,1963-12-17,2433,2433,Female,Spanish
2434,1980-03-03,2434,2434,Female,German
2435,1993-04-11,2435,2435,Male,Korean
2436,1995-06-15,2436,2436,Female,Thai
2437,1997-10-02,2437,2437,Prefer not to say,Turkish
2438,1964-10-10,2438,2438,Male,Italian
2439,1961-03-25,2439,2439,Prefer not to say,Spanish
2440,1989-10-02,2440,2440,Prefer not to say,Greek
2441,1970-10-10,2441,2441,Non-binary,Russian
2442,1965-06-02,2442,2442,Prefer not to say,Vietnamese
2443,1965-07-03,2443,2443,Non-binary,Russian
2444,1961-03-04,2444,2444,Male,Swedish
2445,1982-01-04,2445,2445,Male,Dutch
2446,1988-07-08,2446,2446,Non-binary,Romanian
2447,1986-03-16,2447,2447,Prefer not to say,Greek
2448,1968-10-19,2448,2448,Female,Turkish
2449,1995-02-16,2449,2449,Prefer not to say,English
2450,1993-03-22,2450,2450,Non-binary,Portuguese
2451,1989-09-16,2451,2451,Female,Arabic
2452,1971-05-23,2452,2452,Prefer not to say,Italian
2453,1962-12-25,2453,2453,Prefer not to say,Greek
2454,1965-06-06,2454,2454,Prefer not to say,Turkish
2455,2000-11-07,2455,2455,Prefer not to say,Japanese
2456,1985-12-01,2456,2456,Non-binary,Italian
2457,1967-02-18,2457,2457,Male,Hindi
2458,1964-04-05,2458,2458,Female,Turkish
2459,1973-11-01,2459,2459,Female,English
2460,2000-11-26,2460,2460,Male,Polish
2461,1972-05-06,2461,2461,Prefer not to say,Turkish
2462,1967-11-14,2462,2462,Male,Portuguese
2463,1970-09-09,2463,2463,Male,Russian
2464,1966-12-31,2464,2464,Female,German
2465,1975-10-28,2465,2465,Female,German
2466,1997-08-27,2466,2466,Male,Portuguese
2467,1964-08-12,2467,2467,Prefer not to say,Dutch
2468,1995-11-16,2468,2468,Prefer not to say,Japanese
2469,1986-11-08,2469,2469,Non-binary,Korean
2470,1967-10-09,2470,2470,Female,Vietnamese
2471,1991-08-18,2471,2471,Female,Portuguese
2472,1986-05-02,2472,2472,Male,French
2473,1989-05-04,2473,2473,Male,Russian
2474,1995-01-31,2474,2474,Male,Romanian
2475,1997-11-20,2475,2475,Female,Thai
2476,1966-08-15,2476,2476,Non-binary,Japanese
2477,1987-06-07,2477,2477,Female,Arabic
2478,1967-07-08,2478,2478,Male,Turkish
2479,1979-07-24,2479,2479,Female,Thai
2480,1971-11-28,2480,2480,Male,Arabic
2481,1985-07-19,2481,2481,Male,Mandarin
2482,1972-01-20,2482,2482,Female,French
2483,1968-05-16,2483,2483,Female,Dutch
2484,1987-02-06,2484,2484,Male,Turkish
2485,1982-10-28,2485,2485,Prefer not to say,Korean
2486,1979-02-22,2486,2486,Male,Arabic
2487,1973-10-05,2487,2487,Female,Portuguese
2488,1982-09-08,2488,2488,Male,Arabic
2489,1981-11-07,2489,2489,Non-binary,Romanian
2490,1990-11-07,2490,2490,Male,Italian
2491,1970-07-22,2491,2491,Male,Russian
2492,1984-02-05,2492,2492,Female,Turkish
2493,1996-09-18,2493,2493,Male,German
2494,1979-10-24,2494,2494,Female,Swedish
2495,1987-12-20,2495,2495,Non-binary,Romanian
2496,1992-01-14,2496,2496,Non-binary,Greek
2497,1969-12-01,2497,2497,Prefer not to say,Spanish
2498,1967-02-18,2498,2498,Prefer not to say,Greek
2499,1994-09-30,2499,2499,Male,Greek
2500,1997-09-22,2500,2500,Male,Greek
2501,1975-11-21,2501,2501,Non-binary,Italian
2502,1963-08-01,2502,2502,Female,Japanese
2503,1985-02-06,2503,2503,Non-binary,Turkish
2504,1970-11-16,2504,2504,Female,Thai
2505,1983-09-20,2505,2505,Female,Dutch
2506,1989-01-17,2506,2506,Prefer not to say,Dutch
2507,1964-11-19,2507,2507,Male,English
2508,1962-10-25,2508,2508,Prefer not to say,Korean
2509,1974-11-20,2509,2509,Female,English
2510,1990-09-01,2510,2510,Female,Vietnamese
2511,1981-09-13,2511,2511,Prefer not to say,Vietnamese
2512,1990-04-07,2512,2512,Female,Turkish
2513,1992-10-09,2513,2513,Female,Italian
2514,1982-11-03,2514,2514,Prefer not to say,Swedish
2515,1995-08-24,2515,2515,Female,French
2516,1995-10-05,2516,2516,Male,French
2517,1981-10-10,2517,2517,Non-binary,English
2518,1991-09-18,2518,2518,Female,German
2519,1991-06-12,2519,2519,Non-binary,Swedish
2520,1972-05-01,2520,2520,Female,Italian
2521,1988-12-10,2521,2521,Prefer not to say,Greek
2522,1993-05-16,2522,2522,Male,Italian
2523,1990-09-13,2523,2523,Non-binary,Vietnamese
2524,1962-12-11,2524,2524,Prefer not to say,Polish
2525,1961-08-15,2525,2525,Prefer not to say,Dutch
2526,1979-05-09,2526,2526,Non-binary,Italian
2527,1964-11-09,2527,2527,Prefer not to say,Greek
2528,1991-08-13,2528,2528,Non-binary,Mandarin
2529,1999-07-08,2529,2529,Female,Spanish
2530,1997-11-14,2530,2530,Female,Greek
2531,1977-07-31,2531,2531,Non-binary,Swedish
2532,1972-05-15,2532,2532,Male,Swedish
2533,1986-06-03,2533,2533,Female,Vietnamese
2534,1979-01-02,2534,2534,Prefer not to say,French
2535,1983-01-24,2535,2535,Non-binary,Swedish
2536,1971-09-12,2536,2536,Non-binary,Korean
2537,1996-06-28,2537,2537,Male,Arabic
2538,1981-01-11,2538,2538,Female,Vietnamese
2539,1991-10-20,2539,2539,Male,German
2540,1989-11-25,2540,2540,Female,Turkish
2541,1977-06-05,2541,2541,Prefer not to say,Mandarin
2542,1988-07-27,2542,2542,Prefer not to say,Korean
2543,1992-09-30,2543,2543,Non-binary,Russian
2544,1960-03-11,2544,2544,Female,Portuguese
2545,1969-12-02,2545,2545,Prefer not to say,Russian
2546,1995-01-19,2546,2546,Non-binary,Polish
2547,1999-02-25,2547,2547,Female,German
2548,1985-02-11,2548,2548,Female,Swedish
2549,1987-02-15,2549,2549,Prefer not to say,Greek
2550,1974-09-17,2550,2550,Female,Italian
2551,1997-01-16,2551,2551,Prefer not to say,German
2552,1981-04-24,2552,2552,Non-binary,Swedish
2553,1999-04-27,2553,2553,Non-binary,Vietnamese
2554,1966-04-07,2554,2554,Male,Mandarin
2555,1966-09-18,2555,2555,Female,Turkish
2556,1967-03-31,2556,2556,Female,Hindi
2557,1971-05-09,2557,2557,Female,Russian
2558,1964-07-23,2558,2558,Non-binary,Swedish
2559,1964-10-01,2559,2559,Prefer not to say,Vietnamese
2560,1990-09-25,2560,2560,Male,Arabic
2561,1988-02-18,2561,2561,Male,Romanian
2562,1961-11-16,2562,2562,Female,Thai
2563,1982-02-06,2563,2563,Female,Mandarin
2564,1967-06-24,2564,2564,Female,Turkish
2565,1965-08-07,2565,2565,Prefer not to say,Korean
2566,1998-05-16,2566,2566,Prefer not to say,Vietnamese
2567,2000-04-11,2567,2567,Non-binary,Hindi
2568,1964-05-27,2568,2568,Non-binary,Hindi
2569,1975-08-17,2569,2569,Female,Hindi
2570,1969-09-24,2570,2570,Female,Swedish
2571,1972-07-02,2571,2571,Male,Greek
2572,1978-06-09,2572,2572,Male,Arabic
2573,1967-12-02,2573,2573,Non-binary,Hindi
2574,1989-12-21,2574,2574,Male,Thai
2575,1988-01-26,2575,2575,Prefer not to say,Russian
2576,1968-07-27,2576,2576,Prefer not to say,Mandarin
2577,1992-09-14,2577,2577,Non-binary,Arabic
2578,1983-03-07,2578,2578,Prefer not to say,Vietnamese
2579,1998-12-13,2579,2579,Non-binary,Korean
2580,1985-10-05,2580,2580,Male,German
2581,1996-05-31,2581,2581,Prefer not to say,German
2582,1986-02-17,2582,2582,Prefer not to say,Turkish
2583,1972-12-15,2583,2583,Female,Turkish
2584,1993-01-04,2584,2584,Male,Thai
2585,1969-07-21,2585,2585,Non-binary,Mandarin
2586,1990-11-27,2586,2586,Male,Vietnamese
2587,1995-10-20,2587,2587,Male,Turkish
2588,1982-08-18,2588,2588,Prefer not to say,Romanian
2589,1976-02-18,2589,2589,Female,Swedish
2590,1976-05-26,2590,2590,Non-binary,Swedish
2591,1960-11-19,2591,2591,Prefer not to say,French
2592,1990-04-03,2592,2592,Non-binary,Spanish
2593,1992-03-25,2593,2593,Female,Turkish
2594,1982-03-26,2594,2594,Non-binary,Vietnamese
2595,1989-12-08,2595,2595,Male,Portuguese
2596,1967-06-10,2596,2596,Non-binary,English
2597,1964-06-20,2597,2597,Male,Romanian
2598,1999-03-30,2598,2598,Female,Russian
2599,1986-09-30,2599,2599,Non-binary,German
2600,1996-04-01,2600,2600,Prefer not to say,English
2601,1961-05-08,2601,2601,Non-binary,Vietnamese
2602,1974-04-27,2602,2602,Prefer not to say,Swedish
2603,1965-04-05,2603,2603,Prefer not to say,Arabic
2604,1978-05-13,2604,2604,Male,French
2605,1988-04-15,2605,2605,Non-binary,Hindi
2606,1980-01-05,2606,2606,Male,Arabic
2607,1993-12-30,2607,2607,Non-binary,Vietnamese
2608,1968-11-08,2608,2608,Male,Arabic
2609,1974-02-03,2609,2609,Male,Korean
2610,1983-07-27,2610,2610,Non-binary,Italian
2611,1975-10-16,2611,2611,Male,Arabic
2612,1974-09-10,2612,2612,Prefer not to say,Korean
2613,1962-03-19,2613,2613,Non-binary,Thai
2614,1966-09-29,2614,2614,Male,English
2615,1962-01-13,2615,2615,Male,Arabic
2616,1975-04-04,2616,2616,Non-binary,Polish
2617,1995-01-08,2617,2617,Non-binary,Polish
2618,1967-01-15,2618,2618,Female,Spanish
2619,1967-01-31,2619,2619,Male,Portuguese
2620,1995-05-14,2620,2620,Non-binary,French
2621,1966-10-03,2621,2621,Male,Mandarin
2622,1983-09-18,2622,2622,Prefer not to say,Dutch
2623,1962-02-01,2623,2623,Prefer not to say,Vietnamese
2624,1998-06-11,2624,2624,Male,Polish
2625,1991-04-27,2625,2625,Male,Polish
2626,1986-09-02,2626,2626,Male,Greek
2627,1960-07-29,2627,2627,Male,Swedish
2628,1964-05-15,2628,2628,Female,French
2629,1974-08-26,2629,2629,Female,Japanese
2630,1978-09-05,2630,2630,Male,German
2631,1981-10-04,2631,2631,Prefer not to say,Vietnamese
2632,1983-05-26,2632,2632,Non-binary,Greek
2633,1998-09-15,2633,2633,Prefer not to say,Thai
2634,1976-10-16,2634,2634,Non-binary,Polish
2635,1960-02-22,2635,2635,Non-binary,English
2636,1990-08-07,2636,2636,Non-binary,Korean
2637,1961-04-27,2637,2637,Non-binary,English
2638,1970-03-22,2638,2638,Non-binary,Turkish
2639,1994-04-19,2639,2639,Prefer not to say,Italian
2640,1995-10-09,2640,2640,Prefer not to say,Polish
2641,1984-08-31,2641,2641,Non-binary,Mandarin
2642,1977-08-30,2642,2642,Male,Japanese
2643,1960-07-07,2643,2643,Female,Italian
2644,1983-04-19,2644,2644,Prefer not to say,Hindi
2645,1970-03-29,2645,2645,Prefer not to say,German
2646,1962-02-17,2646,2646,Non-binary,Thai
2647,1966-12-09,2647,2647,Prefer not to say,Italian
2648,1988-02-17,2648,2648,Female,Thai
2649,1996-08-26,2649,2649,Non-binary,Thai
2650,1962-08-17,2650,2650,Male,Spanish
2651,1990-06-19,2651,2651,Non-binary,German
2652,1964-08-29,2652,2652,Prefer not to say,Vietnamese
2653,1985-06-28,2653,2653,Female,Hindi
2654,1981-02-06,2654,2654,Prefer not to say,Greek
2655,1963-02-18,2655,2655,Non-binary,German
2656,1982-03-02,2656,2656,Prefer not to say,Polish
2657,1979-09-25,2657,2657,Male,Japanese
2658,1972-03-20,2658,2658,Non-binary,Swedish
2659,1995-07-25,2659,2659,Female,Arabic
2660,1980-08-20,2660,2660,Prefer not to say,Swedish
2661,1961-12-18,2661,2661,Prefer not to say,Thai
2662,1985-10-06,2662,2662,Prefer not to say,Thai
2663,1984-11-13,2663,2663,Male,Romanian
2664,1976-05-01,2664,2664,Male,Arabic
2665,1973-12-25,2665,2665,Non-binary,Swedish
2666,1981-08-25,2666,2666,Non-binary,Arabic
2667,1978-11-20,2667,2667,Female,Greek
2668,1960-03-16,2668,2668,Female,Arabic
2669,1971-11-20,2669,2669,Female,German
2670,1997-12-02,2670,2670,Female,Hindi
2671,1985-01-25,2671,2671,Male,Arabic
2672,1987-10-10,2672,2672,Female,Thai
2673,1966-07-13,2673,2673,Female,Swedish
2674,1984-01-30,2674,2674,Non-binary,Hindi
2675,1962-04-02,2675,2675,Male,Greek
2676,1985-05-08,2676,2676,Male,Spanish
2677,1978-07-22,2677,2677,Non-binary,Arabic
2678,1965-09-19,2678,2678,Prefer not to say,Russian
2679,1997-07-19,2679,2679,Male,Italian
2680,1990-02-17,2680,2680,Prefer not to say,Dutch
2681,1962-05-31,2681,2681,Male,Italian
2682,1960-01-12,2682,2682,Male,German
2683,1970-06-29,2683,2683,Female,Vietnamese
2684,1985-06-25,2684,2684,Male,Greek
2685,1979-07-27,2685,2685,Non-binary,Korean
2686,1965-02-09,2686,2686,Female,German
2687,1960-07-12,2687,2687,Male,French
2688,1972-12-23,2688,2688,Male,Vietnamese
2689,1987-12-12,2689,2689,Non-binary,Polish
2690,1975-10-10,2690,2690,Non-binary,Spanish
2691,2000-12-03,2691,2691,Non-binary,Hindi
2692,1963-01-20,2692,2692,Prefer not to say,Polish
2693,1995-10-12,2693,2693,Non-binary,French
2694,1986-10-25,2694,2694,Female,Russian
2695,1999-02-21,2695,2695,Non-binary,German
2696,1985-11-19,2696,2696,Female,Spanish
2697,1969-01-16,2697,2697,Male,Thai
2698,1978-02-28,2698,2698,Female,Swedish
2699,1973-02-19,2699,2699,Non-binary,Thai
2700,1996-02-09,2700,2700,Female,Polish
2701,1986-03-06,2701,2701,Male,Russian
2702,1962-06-03,2702,2702,Non-binary,Portuguese
2703,1980-02-17,2703,2703,Male,Portuguese
2704,1974-10-20,2704,2704,Male,French
2705,1971-08-04,2705,2705,Non-binary,Italian
2706,1963-01-15,2706,2706,Prefer not to say,Hindi
2707,1975-07-14,2707,2707,Prefer not to say,English
2708,1975-02-17,2708,2708,Male,Thai
2709,1961-09-25,2709,2709,Non-binary,Russian
2710,1968-02-07,2710,2710,Female,Spanish
2711,1969-12-05,2711,2711,Female,English
2712,1998-11-20,2712,2712,Non-binary,Spanish
2713,1968-01-21,2713,2713,Female,Portuguese
2714,1963-07-23,2714,2714,Non-binary,Arabic
2715,1983-03-06,2715,2715,Female,Swedish
2716,1964-12-24,2716,2716,Non-binary,German
2717,1964-07-21,2717,2717,Prefer not to say,Russian
2718,1999-04-28,2718,2718,Male,Italian
2719,1981-06-02,2719,2719,Non-binary,Japanese
2720,1997-07-10,2720,2720,Female,Polish
2721,1986-06-04,2721,2721,Prefer not to say,Dutch
2722,1967-09-14,2722,2722,Male,Thai
2723,1992-06-04,2723,2723,Female,Japanese
2724,1988-03-04,2724,2724,Male,Italian
2725,1968-03-07,2725,2725,Male,Thai
2726,1999-12-03,2726,2726,Prefer not to say,French
2727,1976-05-10,2727,2727,Prefer not to say,Hindi
2728,2000-08-14,2728,2728,Non-binary,Portuguese
2729,1984-06-04,2729,2729,Female,Thai
2730,1963-03-18,2730,2730,Prefer not to say,Arabic
2731,1995-12-19,2731,2731,Prefer not to say,German
2732,2000-07-13,2732,2732,Female,Dutch
2733,1964-07-18,2733,2733,Male,Mandarin
2734,1987-12-24,2734,2734,Female,Japanese
2735,1999-08-21,2735,2735,Prefer not to say,Arabic
2736,1981-11-28,2736,2736,Non-binary,Spanish
2737,1960-07-24,2737,2737,Male,Swedish
2738,1990-04-15,2738,2738,Prefer not to say,Portuguese
2739,1989-03-17,2739,2739,Non-binary,English
2740,1963-10-05,2740,2740,Non-binary,Polish
2741,1975-09-15,2741,2741,Female,Arabic
2742,1979-02-21,2742,2742,Female,Italian
2743,1962-08-17,2743,2743,Non-binary,Korean
2744,1995-05-21,2744,2744,Non-binary,Spanish
2745,1993-04-14,2745,2745,Prefer not to say,Russian
2746,1970-05-03,2746,2746,Female,Spanish
2747,1987-02-07,2747,2747,Non-binary,Romanian
2748,1970-03-28,2748,2748,Non-binary,Dutch
2749,1976-11-03,2749,2749,Female,Dutch
2750,1997-01-14,2750,2750,Non-binary,Vietnamese
2751,1964-11-01,2751,2751,Non-binary,Spanish
2752,1960-07-31,2752,2752,Male,French
2753,1988-08-02,2753,2753,Male,Russian
2754,1967-06-16,2754,2754,Male,Italian
2755,1995-08-28,2755,2755,Prefer not to say,Japanese
2756,1988-02-20,2756,2756,Non-binary,Greek
2757,1988-09-28,2757,2757,Female,Japanese
2758,1987-09-14,2758,2758,Female,German
2759,1975-01-06,2759,2759,Female,Korean
2760,1961-10-04,2760,2760,Male,Korean
2761,1970-04-13,2761,2761,Male,Turkish
2762,1976-11-20,2762,2762,Female,Russian
2763,1999-09-20,2763,2763,Prefer not to say,Korean
2764,1983-04-14,2764,2764,Male,Polish
2765,1987-11-28,2765,2765,Prefer not to say,Japanese
2766,1989-08-26,2766,2766,Male,Korean
2767,1991-01-06,2767,2767,Male,Spanish
2768,1995-01-24,2768,2768,Male,Japanese
2769,1996-09-24,2769,2769,Female,Italian
2770,1995-05-08,2770,2770,Female,Greek
2771,1965-06-18,2771,2771,Male,Korean
2772,1989-12-18,2772,2772,Non-binary,Italian
2773,1992-12-29,2773,2773,Female,Japanese
2774,1962-06-07,2774,2774,Female,Thai
2775,1963-06-07,2775,2775,Male,Italian
2776,1997-07-03,2776,2776,Female,Greek
2777,1968-03-16,2777,2777,Prefer not to say,Russian
2778,1964-11-14,2778,2778,Female,English
2779,1995-02-24,2779,2779,Prefer not to say,Japanese
2780,1989-09-01,2780,2780,Prefer not to say,Arabic
2781,1970-11-24,2781,2781,Male,Russian
2782,1977-01-24,2782,2782,Female,French
2783,1983-12-23,2783,2783,Female,Vietnamese
2784,1973-12-12,2784,2784,Non-binary,French
2785,1986-05-02,2785,2785,Male,Vietnamese
2786,1970-12-05,2786,2786,Non-binary,Swedish
2787,1967-04-11,2787,2787,Female,Vietnamese
2788,1966-03-12,2788,2788,Prefer not to say,Swedish
2789,1977-01-03,2789,2789,Male,German
2790,1964-05-01,2790,2790,Female,Romanian
2791,1980-10-28,2791,2791,Prefer not to say,Italian
2792,1987-10-10,2792,2792,Prefer not to say,Greek
2793,1967-09-18,2793,2793,Prefer not to say,Romanian
2794,1996-11-20,2794,2794,Prefer not to say,Dutch
2795,2000-01-28,2795,2795,Male,English
2796,1973-02-04,2796,2796,Non-binary,Spanish
2797,1975-03-28,2797,2797,Prefer not to say,Russian
2798,1984-07-13,2798,2798,Prefer not to say,Swedish
2799,1995-07-25,2799,2799,Non-binary,Polish
2800,1996-12-13,2800,2800,Prefer not to say,Hindi
2801,1980-03-07,2801,2801,Male,German
2802,1999-12-31,2802,2802,Male,English
2803,1993-04-30,2803,2803,Male,Russian
2804,1994-11-22,2804,2804,Prefer not to say,German
2805,1989-09-18,2805,2805,Male,Spanish
2806,1968-09-25,2806,2806,Prefer not to say,Romanian
2807,1962-03-09,2807,2807,Prefer not to say,Dutch
2808,1969-08-22,2808,2808,Prefer not to say,Korean
2809,1969-11-27,2809,2809,Female,Turkish
2810,1960-04-29,2810,2810,Prefer not to say,Polish
2811,1969-07-14,2811,2811,Female,Dutch
2812,1995-01-09,2812,2812,Prefer not to say,Vietnamese
2813,1962-01-23,2813,2813,Female,French
2814,1990-04-14,2814,2814,Female,Mandarin
2815,1982-11-21,2815,2815,Non-binary,Greek
2816,1965-09-08,2816,2816,Non-binary,Russian
2817,1985-09-23,2817,2817,Male,Turkish
2818,1966-08-09,2818,2818,Female,Turkish
2819,1969-09-25,2819,2819,Female,Hindi
2820,1986-12-06,2820,2820,Female,Vietnamese
2821,1981-11-24,2821,2821,Non-binary,Hindi
2822,1967-11-04,2822,2822,Prefer not to say,Swedish
2823,1969-11-07,2823,2823,Male,Italian
2824,1988-11-08,2824,2824,Female,Polish
2825,1972-05-22,2825,2825,Female,Vietnamese
2826,1971-06-04,2826,2826,Male,Russian
2827,1996-11-13,2827,2827,Prefer not to say,Korean
2828,1976-12-21,2828,2828,Male,Hindi
2829,1983-02-21,2829,2829,Prefer not to say,Greek
2830,1972-10-12,2830,2830,Female,Russian
2831,1971-05-03,2831,2831,Prefer not to say,Arabic
2832,1961-10-05,2832,2832,Male,Swedish
2833,1993-01-12,2833,2833,Non-binary,Romanian
2834,1996-06-17,2834,2834,Male,Russian
2835,1989-09-09,2835,2835,Non-binary,Turkish
2836,1976-07-28,2836,2836,Male,Swedish
2837,1980-08-07,2837,2837,Male,Italian
2838,1989-05-02,2838,2838,Prefer not to say,Spanish
2839,1960-11-16,2839,2839,Male,Vietnamese
2840,1960-05-31,2840,2840,Non-binary,German
2841,1966-04-30,2841,2841,Non-binary,Polish
2842,1977-05-19,2842,2842,Prefer not to say,Italian
2843,1976-06-27,2843,2843,Prefer not to say,Mandarin
2844,1992-11-09,2844,2844,Female,Italian
2845,1969-08-19,2845,2845,Non-binary,Portuguese
2846,1992-01-25,2846,2846,Male,Thai
2847,1999-06-23,2847,2847,Prefer not to say,Vietnamese
2848,1969-07-11,2848,2848,Prefer not to say,Mandarin
2849,1981-03-25,2849,2849,Female,English
2850,1960-03-20,2850,2850,Male,Portuguese
2851,1998-07-09,2851,2851,Prefer not to say,Japanese
2852,1999-01-14,2852,2852,Non-binary,Hindi
2853,1991-09-09,2853,2853,Prefer not to say,Spanish
2854,1985-10-27,2854,2854,Prefer not to say,Portuguese
2855,1986-04-03,2855,2855,Male,Spanish
2856,1967-06-06,2856,2856,Prefer not to say,English
2857,1994-03-23,2857,2857,Male,Hindi
2858,1994-10-06,2858,2858,Prefer not to say,Greek
2859,1981-01-16,2859,2859,Non-binary,Italian
2860,1978-06-09,2860,2860,Prefer not to say,Mandarin
2861,1994-05-20,2861,2861,Non-binary,French
2862,1968-03-06,2862,2862,Female,Greek
2863,1981-10-19,2863,2863,Male,Japanese
2864,1970-11-12,2864,2864,Male,Romanian
2865,1983-12-26,2865,2865,Male,French
2866,1968-06-20,2866,2866,Female,Hindi
2867,1963-05-13,2867,2867,Non-binary,Korean
2868,1995-01-12,2868,2868,Non-binary,Spanish
2869,1973-02-14,2869,2869,Female,Vietnamese
2870,1969-12-30,2870,2870,Non-binary,Vietnamese
2871,1973-05-01,2871,2871,Prefer not to say,Korean
2872,1969-04-19,2872,2872,Prefer not to say,Swedish
2873,1991-04-10,2873,2873,Non-binary,French
2874,1978-01-21,2874,2874,Female,Romanian
2875,1982-05-28,2875,2875,Male,Spanish
2876,1962-03-26,2876,2876,Female,Polish
2877,1989-08-04,2877,2877,Female,Hindi
2878,1968-11-02,2878,2878,Male,English
2879,1963-04-30,2879,2879,Non-binary,Japanese
2880,1971-04-26,2880,2880,Prefer not to say,Russian
2881,1966-12-23,2881,2881,Female,Hindi
2882,1980-02-04,2882,2882,Male,German
2883,1986-03-29,2883,2883,Non-binary,Spanish
2884,1994-03-19,2884,2884,Female,Romanian
2885,2000-06-05,2885,2885,Non-binary,Vietnamese
2886,1997-01-17,2886,2886,Female,Portuguese
2887,1964-01-20,2887,2887,Prefer not to say,Turkish
2888,1962-02-25,2888,2888,Prefer not to say,Portuguese
2889,1999-06-15,2889,2889,Male,Korean
2890,1972-05-23,2890,2890,Prefer not to say,Greek
2891,1970-01-18,2891,2891,Male,Italian
2892,1966-04-29,2892,2892,Female,Thai
2893,1985-03-20,2893,2893,Prefer not to say,German
2894,2000-08-13,2894,2894,Non-binary,Polish
2895,1985-02-26,2895,2895,Male,Thai
2896,1984-01-18,2896,2896,Male,Polish
2897,1973-07-14,2897,2897,Prefer not to say,Portuguese
2898,1988-06-03,2898,2898,Female,Spanish
2899,2000-02-22,2899,2899,Prefer not to say,French
2900,1983-02-12,2900,2900,Non-binary,Italian
2901,1987-12-31,2901,2901,Prefer not to say,French
2902,1975-03-09,2902,2902,Non-binary,Japanese
2903,1994-11-01,2903,2903,Prefer not to say,Greek
2904,1968-09-20,2904,2904,Prefer not to say,Thai
2905,2000-11-08,2905,2905,Female,Romanian
2906,1971-07-10,2906,2906,Prefer not to say,Spanish
2907,1998-07-13,2907,2907,Prefer not to say,Polish
2908,1994-01-19,2908,2908,Male,English
2909,1998-01-08,2909,2909,Female,French
2910,1966-04-06,2910,2910,Non-binary,Portuguese
2911,1965-02-04,2911,2911,Non-binary,Russian
2912,1999-09-13,2912,2912,Male,Italian
2913,1969-11-20,2913,2913,Non-binary,French
2914,1986-02-12,2914,2914,Prefer not to say,Greek
2915,1972-12-18,2915,2915,Male,Thai
2916,1993-05-26,2916,2916,Female,Korean
2917,1998-05-06,2917,2917,Prefer not to say,Portuguese
2918,1972-07-31,2918,2918,Prefer not to say,Spanish
2919,1997-11-17,2919,2919,Prefer not to say,Portuguese
2920,1966-10-03,2920,2920,Prefer not to say,Polish
2921,1960-09-05,2921,2921,Prefer not to say,Greek
2922,1983-09-27,2922,2922,Prefer not to say,French
2923,1980-09-28,2923,2923,Prefer not to say,Portuguese
2924,1989-03-05,2924,2924,Male,Romanian
2925,1971-03-22,2925,2925,Male,Korean
2926,1987-06-11,2926,2926,Non-binary,French
2927,1991-03-18,2927,2927,Female,Thai
2928,1983-07-09,2928,2928,Prefer not to say,Turkish
2929,1977-10-07,2929,2929,Prefer not to say,Mandarin
2930,1979-05-10,2930,2930,Prefer not to say,Portuguese
2931,1966-04-29,2931,2931,Prefer not to say,English
2932,1982-10-28,2932,2932,Female,Greek
2933,1995-12-14,2933,2933,Male,Italian
2934,1989-07-02,2934,2934,Prefer not to say,Dutch
2935,1973-01-18,2935,2935,Female,Romanian
2936,1986-06-07,2936,2936,Female,Dutch
2937,1985-01-27,2937,2937,Female,Arabic
2938,1982-01-09,2938,2938,Male,Russian
2939,1980-08-14,2939,2939,Female,Spanish
2940,1977-04-14,2940,2940,Prefer not to say,French
2941,1986-06-02,2941,2941,Non-binary,Japanese
2942,1993-08-26,2942,2942,Non-binary,Portuguese
2943,1962-06-10,2943,2943,Prefer not to say,Swedish
2944,1985-03-22,2944,2944,Prefer not to say,Japanese
2945,1972-01-14,2945,2945,Prefer not to say,Romanian
2946,1965-02-06,2946,2946,Prefer not to say,Romanian
2947,1961-05-27,2947,2947,Prefer not to say,Vietnamese
2948,1977-12-01,2948,2948,Male,Greek
2949,1972-04-08,2949,2949,Male,German
2950,1988-11-21,2950,2950,Female,Arabic
2951,1974-11-13,2951,2951,Non-binary,Italian
2952,1965-09-29,2952,2952,Male,English
2953,1989-06-16,2953,2953,Female,Romanian
2954,1967-03-17,2954,2954,Non-binary,Thai
2955,1992-09-06,2955,2955,Female,Portuguese
2956,1991-10-14,2956,2956,Female,Romanian
2957,1968-08-06,2957,2957,Non-binary,Turkish
2958,1984-03-31,2958,2958,Female,Arabic
2959,1971-01-25,2959,2959,Male,German
2960,1974-10-21,2960,2960,Male,English
2961,1970-10-26,2961,2961,Male,Dutch
2962,1978-10-19,2962,2962,Non-binary,Portuguese
2963,1993-08-01,2963,2963,Non-binary,Turkish
2964,1989-10-27,2964,2964,Prefer not to say,Mandarin
2965,1997-02-02,2965,2965,Female,Dutch
2966,1983-06-19,2966,2966,Male,Spanish
2967,1965-05-27,2967,2967,Male,Swedish
2968,1964-11-29,2968,2968,Prefer not to say,Italian
2969,1996-11-10,2969,2969,Female,Dutch
2970,1966-10-03,2970,2970,Male,Mandarin
2971,1992-06-21,2971,2971,Prefer not to say,Turkish
2972,1997-12-04,2972,2972,Male,Polish
2973,1975-02-11,2973,2973,Prefer not to say,English
2974,1984-11-30,2974,2974,Female,Romanian
2975,1998-12-30,2975,2975,Prefer not to say,Spanish
2976,1974-12-20,2976,2976,Prefer not to say,Spanish
2977,1991-05-25,2977,2977,Non-binary,Swedish
2978,1982-10-23,2978,2978,Prefer not to say,Portuguese
2979,1984-08-29,2979,2979,Non-binary,Russian
2980,1980-04-28,2980,2980,Male,Vietnamese
2981,1976-04-14,2981,2981,Female,Turkish
2982,1974-06-02,2982,2982,Female,Thai
2983,1985-06-29,2983,2983,Prefer not to say,Polish
2984,1971-12-22,2984,2984,Female,Polish
2985,1964-01-19,2985,2985,Female,Hindi
2986,1994-04-20,2986,2986,Non-binary,French
2987,1974-05-24,2987,2987,Non-binary,French
2988,1961-11-02,2988,2988,Female,Italian
2989,1995-10-05,2989,2989,Female,Swedish
2990,1974-05-16,2990,2990,Male,Thai
2991,1975-10-28,2991,2991,Male,Greek
2992,1986-01-03,2992,2992,Female,Thai
2993,1968-12-06,2993,2993,Non-binary,Vietnamese
2994,1982-10-17,2994,2994,Non-binary,Russian
2995,1968-12-16,2995,2995,Prefer not to say,Polish
2996,1965-12-02,2996,2996,Male,Arabic
2997,1975-09-03,2997,2997,Male,Greek
2998,1975-07-13,2998,2998,Non-binary,Swedish
2999,1978-05-01,2999,2999,Prefer not to say,Spanish
3000,1966-06-12,3000,3000,Female,Japanese
3001,1974-09-05,3001,3001,Male,German
3002,1962-01-10,3002,3002,Non-binary,Russian
3003,1960-03-12,3003,3003,Female,Vietnamese
3004,1989-10-25,3004,3004,Male,Dutch
3005,1986-10-14,3005,3005,Female,Italian
3006,1985-03-30,3006,3006,Male,Mandarin
3007,1961-03-05,3007,3007,Male,Mandarin
3008,1969-12-27,3008,3008,Non-binary,German
3009,1993-03-16,3009,3009,Prefer not to say,Swedish
3010,1997-11-10,3010,3010,Non-binary,German
3011,1996-05-05,3011,3011,Male,Italian
3012,1981-07-02,3012,3012,Male,German
3013,1987-10-17,3013,3013,Male,Dutch
3014,1981-12-25,3014,3014,Prefer not to say,Russian
3015,1985-04-01,3015,3015,Non-binary,Mandarin
3016,1966-06-17,3016,3016,Male,Korean
3017,1981-11-18,3017,3017,Female,Korean
3018,1979-11-02,3018,3018,Male,Mandarin
3019,1983-08-25,3019,3019,Prefer not to say,Swedish
3020,2000-10-11,3020,3020,Male,Dutch
3021,1998-03-11,3021,3021,Non-binary,Portuguese
3022,1986-08-05,3022,3022,Male,Vietnamese
3023,1960-04-27,3023,3023,Prefer not to say,Italian
3024,2000-12-06,3024,3024,Prefer not to say,Japanese
3025,1998-07-18,3025,3025,Non-binary,Mandarin
3026,1975-12-08,3026,3026,Prefer not to say,German
3027,1970-06-27,3027,3027,Prefer not to say,Italian
3028,1968-10-09,3028,3028,Male,Dutch
3029,1983-08-25,3029,3029,Male,Dutch
3030,1976-06-22,3030,3030,Female,French
3031,1977-07-09,3031,3031,Prefer not to say,Greek
3032,1981-11-28,3032,3032,Female,Thai
3033,1979-01-30,3033,3033,Non-binary,Polish
3034,1972-12-09,3034,3034,Female,Greek
3035,1971-10-08,3035,3035,Non-binary,Hindi
3036,1993-11-20,3036,3036,Female,Hindi
3037,1973-11-10,3037,3037,Prefer not to say,Japanese
3038,1968-07-12,3038,3038,Prefer not to say,German
3039,1985-09-30,3039,3039,Female,Vietnamese
3040,1967-01-17,3040,3040,Prefer not to say,Portuguese
3041,1988-10-24,3041,3041,Female,Swedish
3042,1972-01-22,3042,3042,Non-binary,Italian
3043,1988-05-06,3043,3043,Male,Russian
3044,1965-05-25,3044,3044,Male,Turkish
3045,1996-09-08,3045,3045,Prefer not to say,Greek
3046,1997-06-24,3046,3046,Non-binary,Romanian
3047,1970-05-06,3047,3047,Prefer not to say,Polish
3048,1965-06-18,3048,3048,Non-binary,Greek
3049,1992-10-14,3049,3049,Prefer not to say,Hindi
3050,1984-01-13,3050,3050,Male,Korean
3051,1997-08-19,3051,3051,Non-binary,Vietnamese
3052,1976-06-27,3052,3052,Prefer not to say,Arabic
3053,1964-05-28,3053,3053,Female,Greek
3054,1980-05-19,3054,3054,Non-binary,Polish
3055,1979-11-05,3055,3055,Non-binary,Dutch
3056,1994-02-06,3056,3056,Non-binary,Japanese
3057,1983-11-06,3057,3057,Female,Romanian
3058,1960-03-01,3058,3058,Prefer not to say,Dutch
3059,1965-02-07,3059,3059,Prefer not to say,French
3060,1995-09-12,3060,3060,Non-binary,French
3061,1972-08-08,3061,3061,Prefer not to say,Vietnamese
3062,1962-08-18,3062,3062,Prefer not to say,Greek
3063,1993-10-31,3063,3063,Female,Russian
3064,2000-04-01,3064,3064,Non-binary,English
3065,1971-11-20,3065,3065,Female,Korean
3066,1979-03-04,3066,3066,Non-binary,Thai
3067,1999-12-14,3067,3067,Female,Hindi
3068,1976-06-30,3068,3068,Prefer not to say,Korean
3069,1968-09-25,3069,3069,Male,Mandarin
3070,1996-04-29,3070,3070,Non-binary,German
3071,1971-03-21,3071,3071,Non-binary,Hindi
3072,1974-05-10,3072,3072,Non-binary,Dutch
3073,1960-04-19,3073,3073,Prefer not to say,Korean
3074,1967-11-14,3074,3074,Prefer not to say,Italian
3075,1962-03-25,3075,3075,Non-binary,French
3076,1992-06-03,3076,3076,Non-binary,Portuguese
3077,1991-05-19,3077,3077,Male,Dutch
3078,1995-02-02,3078,3078,Non-binary,Vietnamese
3079,1964-06-05,3079,3079,Non-binary,Arabic
3080,1983-12-02,3080,3080,Female,Romanian
3081,1990-09-08,3081,3081,Prefer not to say,Hindi
3082,1984-11-03,3082,3082,Prefer not to say,Thai
3083,1995-01-15,3083,3083,Female,Turkish
3084,1994-09-07,3084,3084,Non-binary,Mandarin
3085,1996-10-07,3085,3085,Male,Turkish
3086,1991-11-05,3086,3086,Prefer not to say,Dutch
3087,1976-08-24,3087,3087,Male,Polish
3088,1967-02-15,3088,3088,Prefer not to say,Thai
3089,1976-02-18,3089,3089,Female,Russian
3090,1994-07-12,3090,3090,Non-binary,Arabic
3091,1992-08-23,3091,3091,Female,Swedish
3092,1990-04-06,3092,3092,Female,Turkish
3093,1972-02-18,3093,3093,Prefer not to say,Portuguese
3094,1976-02-01,3094,3094,Female,Portuguese
3095,1962-05-29,3095,3095,Non-binary,Vietnamese
3096,1996-04-14,3096,3096,Male,Polish
3097,1983-03-04,3097,3097,Female,French
3098,1965-08-12,3098,3098,Prefer not to say,Mandarin
3099,1988-06-18,3099,3099,Non-binary,French
3100,1995-12-07,3100,3100,Prefer not to say,Italian
3101,1971-05-21,3101,3101,Male,Mandarin
3102,1966-03-03,3102,3102,Male,French
3103,1986-05-26,3103,3103,Male,Japanese
3104,1973-04-29,3104,3104,Female,Arabic
3105,1985-08-17,3105,3105,Female,Swedish
3106,1978-09-28,3106,3106,Female,Italian
3107,1992-12-12,3107,3107,Male,Mandarin
3108,1969-03-20,3108,3108,Male,Arabic
3109,1968-07-03,3109,3109,Male,Spanish
3110,1963-02-24,3110,3110,Female,Turkish
3111,1976-03-13,3111,3111,Non-binary,Dutch
3112,1992-11-19,3112,3112,Non-binary,German
3113,1972-09-05,3113,3113,Prefer not to say,French
3114,1992-10-08,3114,3114,Prefer not to say,English
3115,1984-06-06,3115,3115,Non-binary,Greek
3116,1998-03-20,3116,3116,Non-binary,Spanish
3117,1983-09-09,3117,3117,Non-binary,Japanese
3118,1977-12-08,3118,3118,Non-binary,Vietnamese
3119,1973-06-29,3119,3119,Non-binary,Portuguese
3120,1993-08-23,3120,3120,Male,English
3121,1996-09-11,3121,3121,Non-binary,Turkish
3122,1991-11-09,3122,3122,Non-binary,Turkish
3123,1994-07-20,3123,3123,Prefer not to say,Polish
3124,1973-07-04,3124,3124,Female,Greek
3125,1975-01-16,3125,3125,Male,Mandarin
3126,1967-07-24,3126,3126,Female,Romanian
3127,1990-08-30,3127,3127,Female,Polish
3128,1969-12-19,3128,3128,Non-binary,Russian
3129,1972-07-16,3129,3129,Male,Spanish
3130,1989-09-20,3130,3130,Non-binary,Swedish
3131,1994-11-04,3131,3131,Female,German
3132,1969-06-04,3132,3132,Male,Swedish
3133,1979-04-29,3133,3133,Non-binary,Greek
3134,1974-09-28,3134,3134,Non-binary,Korean
3135,1962-12-16,3135,3135,Female,Mandarin
3136,1994-06-15,3136,3136,Prefer not to say,Mandarin
3137,1969-09-16,3137,3137,Male,Italian
3138,1997-07-11,3138,3138,Prefer not to say,Polish
3139,1975-07-16,3139,3139,Female,Dutch
3140,1994-06-23,3140,3140,Prefer not to say,English
3141,1995-09-24,3141,3141,Non-binary,Portuguese
3142,1991-12-18,3142,3142,Non-binary,Greek
3143,1989-02-08,3143,3143,Non-binary,Swedish
3144,1991-10-11,3144,3144,Non-binary,Swedish
3145,1994-02-07,3145,3145,Non-binary,Italian
3146,1981-07-08,3146,3146,Female,Turkish
3147,1976-06-23,3147,3147,Male,English
3148,1985-06-29,3148,3148,Male,Vietnamese
3149,1982-08-02,3149,3149,Female,Russian
3150,1994-02-18,3150,3150,Prefer not to say,Portuguese
3151,1961-08-19,3151,3151,Prefer not to say,Korean
3152,1987-11-28,3152,3152,Female,Vietnamese
3153,1964-01-24,3153,3153,Non-binary,French
3154,1966-08-16,3154,3154,Prefer not to say,English
3155,1985-12-01,3155,3155,Female,Romanian
3156,1997-12-18,3156,3156,Prefer not to say,Dutch
3157,1973-05-17,3157,3157,Non-binary,Arabic
3158,1976-01-24,3158,3158,Non-binary,Greek
3159,1966-12-21,3159,3159,Non-binary,Spanish
3160,1981-08-27,3160,3160,Non-binary,German
3161,1999-06-12,3161,3161,Prefer not to say,Japanese
3162,1973-10-26,3162,3162,Male,Mandarin
3163,1991-04-08,3163,3163,Non-binary,Turkish
3164,1974-03-07,3164,3164,Female,Russian
3165,1993-05-24,3165,3165,Non-binary,Spanish
3166,2000-02-02,3166,3166,Prefer not to say,Turkish
3167,1961-09-16,3167,3167,Female,Turkish
3168,1995-04-04,3168,3168,Non-binary,Italian
3169,1988-03-30,3169,3169,Female,French
3170,1960-05-26,3170,3170,Non-binary,Spanish
3171,1961-10-13,3171,3171,Female,Greek
3172,1970-12-06,3172,3172,Male,Romanian
3173,1997-08-22,3173,3173,Male,French
3174,1999-11-14,3174,3174,Non-binary,Romanian
3175,2000-08-18,3175,3175,Non-binary,English
3176,1991-03-01,3176,3176,Female,Japanese
3177,1968-11-30,3177,3177,Male,English
3178,1964-02-20,3178,3178,Non-binary,Vietnamese
3179,2000-09-20,3179,3179,Male,German
3180,1961-09-14,3180,3180,Non-binary,Polish
3181,1960-10-09,3181,3181,Male,Thai
3182,1971-01-27,3182,3182,Female,Portuguese
3183,1966-11-24,3183,3183,Non-binary,French
3184,1968-10-11,3184,3184,Prefer not to say,Arabic
3185,1968-04-24,3185,3185,Female,Italian
3186,1978-01-29,3186,3186,Male,Spanish
3187,1974-04-14,3187,3187,Prefer not to say,Vietnamese
3188,1969-11-08,3188,3188,Male,Turkish
3189,1968-08-11,3189,3189,Male,Mandarin
3190,1986-05-16,3190,3190,Non-binary,Portuguese
3191,1981-05-28,3191,3191,Female,Dutch
3192,1982-11-06,3192,3192,Female,French
3193,1967-07-05,3193,3193,Prefer not to say,Swedish
3194,1992-08-09,3194,3194,Prefer not to say,Portuguese
3195,1972-12-26,3195,3195,Female,Vietnamese
3196,1980-01-28,3196,3196,Male,Swedish
3197,1962-02-26,3197,3197,Female,Portuguese
3198,1973-12-02,3198,3198,Female,Russian
3199,1981-08-14,3199,3199,Prefer not to say,Arabic
3200,1996-03-09,3200,3200,Male,Hindi
3201,1991-07-15,3201,3201,Female,English
3202,1971-05-13,3202,3202,Non-binary,Thai
3203,1983-06-08,3203,3203,Female,Portuguese
3204,1976-10-17,3204,3204,Female,Greek
3205,1983-02-01,3205,3205,Female,Greek
3206,1979-02-08,3206,3206,Male,Vietnamese
3207,1987-02-26,3207,3207,Prefer not to say,Mandarin
3208,1995-08-22,3208,3208,Prefer not to say,Vietnamese
3209,1968-06-10,3209,3209,Non-binary,Greek
3210,1978-08-07,3210,3210,Non-binary,Dutch
3211,1967-05-27,3211,3211,Male,French
3212,1994-06-08,3212,3212,Prefer not to say,Arabic
3213,1999-05-21,3213,3213,Non-binary,Turkish
3214,1978-03-17,3214,3214,Female,German
3215,1962-11-28,3215,3215,Female,Portuguese
3216,1994-11-30,3216,3216,Female,Korean
3217,1967-09-20,3217,3217,Non-binary,Japanese
3218,1963-10-17,3218,3218,Non-binary,Romanian
3219,1972-03-19,3219,3219,Female,Thai
3220,1973-09-10,3220,3220,Female,French
3221,1965-10-26,3221,3221,Female,French
3222,1980-02-06,3222,3222,Prefer not to say,Greek
3223,1991-08-27,3223,3223,Male,French
3224,1996-08-16,3224,3224,Female,Swedish
3225,1984-02-05,3225,3225,Prefer not to say,Romanian
3226,1975-07-19,3226,3226,Female,German
3227,1974-12-07,3227,3227,Prefer not to say,Russian
3228,1983-06-15,3228,3228,Prefer not to say,French
3229,1984-07-25,3229,3229,Prefer not to say,Romanian
3230,1991-06-24,3230,3230,Male,French
3231,1997-10-14,3231,3231,Male,Russian
3232,1960-12-09,3232,3232,Female,Spanish
3233,1986-11-10,3233,3233,Prefer not to say,Russian
3234,1995-01-23,3234,3234,Female,Hindi
3235,1989-04-14,3235,3235,Prefer not to say,Greek
3236,1977-01-24,3236,3236,Non-binary,Spanish
3237,1962-11-02,3237,3237,Male,German
3238,1965-06-12,3238,3238,Female,Swedish
3239,1992-11-26,3239,3239,Prefer not to say,Turkish
3240,1961-02-06,3240,3240,Prefer not to say,Turkish
3241,1998-01-26,3241,3241,Male,German
3242,1987-04-30,3242,3242,Male,Romanian
3243,1960-06-10,3243,3243,Female,German
3244,1969-10-24,3244,3244,Non-binary,Dutch
3245,1962-08-21,3245,3245,Female,Dutch
3246,1971-04-10,3246,3246,Male,Vietnamese
3247,1964-01-04,3247,3247,Female,English
3248,1972-04-17,3248,3248,Non-binary,Japanese
3249,1983-11-01,3249,3249,Non-binary,Korean
3250,1985-09-07,3250,3250,Female,Korean
3251,1966-06-07,3251,3251,Non-binary,Vietnamese
3252,1966-04-09,3252,3252,Prefer not to say,Romanian
3253,2000-07-12,3253,3253,Female,Thai
3254,1998-11-30,3254,3254,Non-binary,French
3255,1973-05-14,3255,3255,Female,Mandarin
3256,1981-02-28,3256,3256,Male,Vietnamese
3257,1980-07-27,3257,3257,Non-binary,Swedish
3258,1969-05-07,3258,3258,Non-binary,English
3259,1986-11-23,3259,3259,Female,Swedish
3260,1989-12-12,3260,3260,Female,Vietnamese
3261,1981-08-18,3261,3261,Male,Russian
3262,1974-07-05,3262,3262,Non-binary,Portuguese
3263,1982-07-31,3263,3263,Female,Arabic
3264,1972-07-31,3264,3264,Prefer not to say,Spanish
3265,1974-03-29,3265,3265,Male,Mandarin
3266,1988-06-30,3266,3266,Prefer not to say,Spanish
3267,1988-01-19,3267,3267,Male,Turkish
3268,1987-02-24,3268,3268,Prefer not to say,Romanian
3269,1989-08-27,3269,3269,Male,Spanish
3270,1975-02-07,3270,3270,Female,French
3271,1977-05-15,3271,3271,Non-binary,Dutch
3272,1973-05-04,3272,3272,Prefer not to say,Greek
3273,1978-04-21,3273,3273,Non-binary,Thai
3274,1999-06-13,3274,3274,Prefer not to say,French
3275,1996-11-27,3275,3275,Male,Japanese
3276,1975-06-15,3276,3276,Prefer not to say,Greek
3277,2000-04-02,3277,3277,Male,French
3278,1968-02-26,3278,3278,Female,Italian
3279,1960-02-12,3279,3279,Male,German
3280,1986-12-02,3280,3280,Male,Arabic
3281,1990-01-28,3281,3281,Male,Japanese
3282,2000-11-23,3282,3282,Non-binary,German
3283,1970-05-20,3283,3283,Non-binary,Romanian
3284,1985-03-10,3284,3284,Female,Turkish
3285,1983-03-26,3285,3285,Male,French
3286,1966-10-27,3286,3286,Prefer not to say,Dutch
3287,1992-12-16,3287,3287,Prefer not to say,Swedish
3288,1999-08-09,3288,3288,Non-binary,Italian
3289,1997-03-29,3289,3289,Male,Italian
3290,1990-03-14,3290,3290,Female,Japanese
3291,1988-07-23,3291,3291,Male,Arabic
3292,1988-09-19,3292,3292,Male,Swedish
3293,1964-12-03,3293,3293,Non-binary,Thai
3294,1978-07-02,3294,3294,Non-binary,Korean
3295,2000-05-27,3295,3295,Non-binary,Polish
3296,1987-02-14,3296,3296,Non-binary,French
3297,1980-05-03,3297,3297,Prefer not to say,Greek
3298,1976-11-06,3298,3298,Female,Spanish
3299,1989-10-18,3299,3299,Prefer not to say,Turkish
3300,1962-05-12,3300,3300,Non-binary,Portuguese
3301,1998-10-25,3301,3301,Male,Vietnamese
3302,1964-09-24,3302,3302,Female,Italian
3303,1971-07-09,3303,3303,Non-binary,Korean
3304,1977-06-29,3304,3304,Male,Russian
3305,1994-05-18,3305,3305,Male,Polish
3306,1995-06-03,3306,3306,Female,German
3307,1997-05-24,3307,3307,Non-binary,Turkish
3308,1977-10-22,3308,3308,Prefer not to say,Thai
3309,1980-11-03,3309,3309,Female,Polish
3310,1990-12-12,3310,3310,Non-binary,Vietnamese
3311,1977-12-27,3311,3311,Prefer not to say,German
3312,1961-09-15,3312,3312,Female,Arabic
3313,1994-08-22,3313,3313,Prefer not to say,Swedish
3314,1994-01-22,3314,3314,Non-binary,Korean
3315,1965-05-14,3315,3315,Female,Romanian
3316,1991-02-06,3316,3316,Non-binary,Vietnamese
3317,1990-04-27,3317,3317,Male,Russian
3318,1974-01-23,3318,3318,Prefer not to say,Portuguese
3319,1967-02-06,3319,3319,Non-binary,Swedish
3320,1993-06-14,3320,3320,Female,Turkish
3321,1968-07-24,3321,3321,Female,Mandarin
3322,1963-06-12,3322,3322,Non-binary,German
3323,1995-01-01,3323,3323,Female,English
3324,1966-04-01,3324,3324,Prefer not to say,Japanese
3325,1994-07-22,3325,3325,Prefer not to say,Italian
3326,1984-12-14,3326,3326,Non-binary,Polish
3327,1994-07-18,3327,3327,Male,Turkish
3328,1991-10-16,3328,3328,Male,Portuguese
3329,1980-03-04,3329,3329,Non-binary,Spanish
3330,1973-11-02,3330,3330,Non-binary,Russian
3331,1990-02-15,3331,3331,Male,Dutch
3332,1970-07-22,3332,3332,Non-binary,Portuguese
3333,1975-05-13,3333,3333,Non-binary,Japanese
3334,1966-10-15,3334,3334,Non-binary,French
3335,1983-03-03,3335,3335,Prefer not to say,Romanian
3336,1998-04-26,3336,3336,Prefer not to say,English
3337,1985-01-19,3337,3337,Female,Dutch
3338,1998-12-11,3338,3338,Female,Swedish
3339,2000-09-24,3339,3339,Female,Spanish
3340,1975-09-22,3340,3340,Female,Dutch
3341,1996-01-21,3341,3341,Non-binary,Romanian
3342,1972-03-02,3342,3342,Female,Greek
3343,1966-01-27,3343,3343,Male,Turkish
3344,1999-12-16,3344,3344,Non-binary,French
3345,1983-11-17,3345,3345,Female,Mandarin
3346,1973-03-12,3346,3346,Male,Thai
3347,1968-05-09,3347,3347,Non-binary,Greek
3348,1997-11-13,3348,3348,Non-binary,Mandarin
3349,1977-06-17,3349,3349,Prefer not to say,Spanish
3350,1996-10-13,3350,3350,Prefer not to say,English
3351,1962-05-01,3351,3351,Non-binary,Swedish
3352,1990-09-07,3352,3352,Female,Portuguese
3353,1969-08-16,3353,3353,Female,French
3354,2000-11-04,3354,3354,Non-binary,Portuguese
3355,2000-02-07,3355,3355,Female,Greek
3356,1995-05-23,3356,3356,Prefer not to say,Greek
3357,1984-10-10,3357,3357,Female,Thai
3358,1965-05-12,3358,3358,Non-binary,Vietnamese
3359,1961-09-17,3359,3359,Female,Thai
3360,1999-10-27,3360,3360,Non-binary,Dutch
3361,1984-04-08,3361,3361,Prefer not to say,Russian
3362,1967-04-15,3362,3362,Prefer not to say,Hindi
3363,1994-03-12,3363,3363,Female,Portuguese
3364,2000-08-16,3364,3364,Male,Turkish
3365,1974-07-31,3365,3365,Male,Italian
3366,1970-11-27,3366,3366,Male,Japanese
3367,1984-03-11,3367,3367,Female,Turkish
3368,1999-02-17,3368,3368,Non-binary,Dutch
3369,1970-08-29,3369,3369,Prefer not to say,Arabic
3370,1972-11-02,3370,3370,Prefer not to say,German
3371,1977-10-16,3371,3371,Prefer not to say,English
3372,1960-05-20,3372,3372,Prefer not to say,Greek
3373,1965-05-04,3373,3373,Prefer not to say,Turkish
3374,1985-01-04,3374,3374,Male,Japanese
3375,1966-12-22,3375,3375,Female,Hindi
3376,1998-01-19,3376,3376,Non-binary,Polish
3377,1980-04-30,3377,3377,Non-binary,Mandarin
3378,1994-05-29,3378,3378,Female,Thai
3379,1962-10-29,3379,3379,Prefer not to say,Russian
3380,1971-01-14,3380,3380,Male,Vietnamese
3381,1975-01-22,3381,3381,Non-binary,French
3382,2000-08-20,3382,3382,Prefer not to say,Arabic
3383,1960-03-04,3383,3383,Non-binary,Polish
3384,1983-12-25,3384,3384,Prefer not to say,Swedish
3385,1988-03-20,3385,3385,Male,Mandarin
3386,1960-05-05,3386,3386,Non-binary,Romanian
3387,1993-01-27,3387,3387,Non-binary,Polish
3388,1960-01-21,3388,3388,Non-binary,Romanian
3389,1974-04-07,3389,3389,Non-binary,Hindi
3390,1965-12-21,3390,3390,Female,Hindi
3391,1989-02-10,3391,3391,Non-binary,Japanese
3392,1994-11-15,3392,3392,Male,Russian
3393,1964-12-04,3393,3393,Non-binary,English
3394,1994-09-19,3394,3394,Non-binary,Romanian
3395,1990-05-24,3395,3395,Male,Swedish
3396,1991-12-23,3396,3396,Non-binary,Italian
3397,1999-01-17,3397,3397,Non-binary,Japanese
3398,1966-07-31,3398,3398,Male,French
3399,1962-05-13,3399,3399,Non-binary,German
3400,1983-12-02,3400,3400,Female,Hindi
3401,1994-06-21,3401,3401,Non-binary,Polish
3402,1995-05-30,3402,3402,Non-binary,Greek
3403,1992-10-23,3403,3403,Female,Korean
3404,1964-07-12,3404,3404,Male,Italian
3405,1998-12-05,3405,3405,Female,Russian
3406,1990-10-02,3406,3406,Non-binary,Turkish
3407,1990-06-17,3407,3407,Non-binary,Mandarin
3408,1995-06-01,3408,3408,Male,Greek
3409,1972-07-19,3409,3409,Non-binary,Italian
3410,1983-12-27,3410,3410,Female,Thai
3411,1970-06-11,3411,3411,Prefer not to say,Polish
3412,1984-07-24,3412,3412,Non-binary,Spanish
3413,1982-11-01,3413,3413,Prefer not to say,French
3414,1992-08-23,3414,3414,Non-binary,French
3415,1983-02-04,3415,3415,Non-binary,Mandarin
3416,1993-06-22,3416,3416,Non-binary,English
3417,1992-03-26,3417,3417,Non-binary,Russian
3418,1979-05-10,3418,3418,Non-binary,Thai
3419,1995-06-05,3419,3419,Male,Swedish
3420,1970-08-08,3420,3420,Prefer not to say,Vietnamese
3421,2000-02-20,3421,3421,Female,Italian
3422,1998-11-04,3422,3422,Female,Dutch
3423,1981-11-05,3423,3423,Prefer not to say,Polish
3424,1980-01-10,3424,3424,Female,Spanish
3425,1976-08-17,3425,3425,Prefer not to say,Mandarin
3426,1978-11-29,3426,3426,Prefer not to say,Vietnamese
3427,1987-01-03,3427,3427,Prefer not to say,Portuguese
3428,1965-09-04,3428,3428,Non-binary,Vietnamese
3429,1961-02-09,3429,3429,Male,Mandarin
3430,1987-11-19,3430,3430,Male,Korean
3431,1980-09-18,3431,3431,Non-binary,Hindi
3432,1995-12-03,3432,3432,Female,Arabic
3433,1997-04-14,3433,3433,Prefer not to say,Mandarin
3434,1978-03-08,3434,3434,Prefer not to say,Polish
3435,1987-02-03,3435,3435,Prefer not to say,Dutch
3436,1979-12-24,3436,3436,Female,Russian
3437,1968-05-11,3437,3437,Female,Vietnamese
3438,1974-08-22,3438,3438,Male,English
3439,1988-05-17,3439,3439,Male,Polish
3440,1994-10-05,3440,3440,Female,Portuguese
3441,1967-10-20,3441,3441,Prefer not to say,Greek
3442,1973-06-02,3442,3442,Prefer not to say,Portuguese
3443,1987-02-03,3443,3443,Male,Spanish
3444,1960-03-19,3444,3444,Prefer not to say,Mandarin
3445,1965-01-29,3445,3445,Prefer not to say,Portuguese
3446,1984-08-25,3446,3446,Male,Dutch
3447,1990-04-04,3447,3447,Female,Turkish
3448,1976-01-05,3448,3448,Non-binary,Vietnamese
3449,1960-11-11,3449,3449,Non-binary,English
3450,1967-10-06,3450,3450,Non-binary,Turkish
3451,1965-01-07,3451,3451,Male,Dutch
3452,1980-02-27,3452,3452,Female,Italian
3453,1977-02-19,3453,3453,Prefer not to say,French
3454,1977-03-01,3454,3454,Male,Portuguese
3455,1963-07-28,3455,3455,Female,Dutch
3456,1995-12-09,3456,3456,Prefer not to say,Spanish
3457,1998-12-15,3457,3457,Female,Arabic
3458,1963-10-10,3458,3458,Prefer not to say,English
3459,1999-08-09,3459,3459,Non-binary,Mandarin
3460,1981-07-08,3460,3460,Female,French
3461,1979-07-02,3461,3461,Non-binary,Dutch
3462,1964-02-18,3462,3462,Prefer not to say,Russian
3463,1964-06-27,3463,3463,Female,Korean
3464,2000-12-18,3464,3464,Female,Russian
3465,1970-03-04,3465,3465,Male,Spanish
3466,1992-01-18,3466,3466,Non-binary,Swedish
3467,1980-11-29,3467,3467,Female,Dutch
3468,1988-08-28,3468,3468,Male,Korean
3469,2000-01-08,3469,3469,Non-binary,Greek
3470,1984-12-03,3470,3470,Non-binary,Russian
3471,1972-05-22,3471,3471,Female,Vietnamese
3472,1963-10-12,3472,3472,Male,Hindi
3473,1976-12-14,3473,3473,Female,Italian
3474,1966-02-20,3474,3474,Male,Mandarin
3475,1984-06-28,3475,3475,Prefer not to say,Dutch
3476,1977-08-08,3476,3476,Non-binary,English
3477,1967-11-11,3477,3477,Prefer not to say,Russian
3478,1995-02-27,3478,3478,Male,Vietnamese
3479,1976-04-18,3479,3479,Non-binary,Korean
3480,1980-05-14,3480,3480,Male,Vietnamese
3481,1964-07-25,3481,3481,Non-binary,Portuguese
3482,1999-06-25,3482,3482,Non-binary,Swedish
3483,1961-05-15,3483,3483,Female,Spanish
3484,1977-07-26,3484,3484,Male,Swedish
3485,1998-12-06,3485,3485,Male,Spanish
3486,1969-09-07,3486,3486,Male,Russian
3487,1995-04-20,3487,3487,Female,Italian
3488,1986-06-14,3488,3488,Prefer not to say,Polish
3489,1962-04-07,3489,3489,Prefer not to say,Japanese
3490,1992-08-07,3490,3490,Female,Japanese
3491,1974-10-23,3491,3491,Non-binary,Greek
3492,1972-09-09,3492,3492,Male,French
3493,1979-07-10,3493,3493,Male,Mandarin
3494,1998-07-26,3494,3494,Male,Polish
3495,1989-08-07,3495,3495,Female,Hindi
3496,1963-12-12,3496,3496,Male,Polish
3497,1991-02-09,3497,3497,Non-binary,Polish
3498,1964-01-08,3498,3498,Non-binary,Italian
3499,1965-03-21,3499,3499,Non-binary,Japanese
3500,1988-10-16,3500,3500,Prefer not to say,Thai
3501,1995-06-14,3501,3501,Female,Hindi
3502,1960-07-23,3502,3502,Male,English
3503,1993-05-30,3503,3503,Female,Japanese
3504,1963-08-10,3504,3504,Non-binary,Polish
3505,2000-10-17,3505,3505,Male,Romanian
3506,1984-11-13,3506,3506,Non-binary,Korean
3507,2000-06-02,3507,3507,Non-binary,Vietnamese
3508,1961-07-01,3508,3508,Non-binary,French
3509,1979-06-22,3509,3509,Prefer not to say,Russian
3510,1970-05-30,3510,3510,Female,Arabic
3511,1983-03-09,3511,3511,Female,Japanese
3512,1970-02-25,3512,3512,Prefer not to say,French
3513,1978-01-17,3513,3513,Prefer not to say,Polish
3514,1973-11-03,3514,3514,Male,Swedish
3515,1965-09-18,3515,3515,Male,Swedish
3516,1976-09-19,3516,3516,Prefer not to say,Korean
3517,1991-01-30,3517,3517,Female,Polish
3518,1999-08-11,3518,3518,Male,Spanish
3519,1977-04-30,3519,3519,Male,Thai
3520,1974-08-28,3520,3520,Male,Portuguese
3521,1994-12-11,3521,3521,Prefer not to say,Korean
3522,1981-10-11,3522,3522,Male,Russian
3523,1983-06-02,3523,3523,Male,Vietnamese
3524,1998-10-19,3524,3524,Non-binary,Korean
3525,1996-09-22,3525,3525,Female,Greek
3526,1963-03-16,3526,3526,Non-binary,Romanian
3527,1985-01-19,3527,3527,Prefer not to say,Swedish
3528,1989-09-01,3528,3528,Non-binary,Arabic
3529,1965-07-26,3529,3529,Male,Mandarin
3530,1995-06-21,3530,3530,Non-binary,Arabic
3531,1981-11-02,3531,3531,Non-binary,Polish
3532,1991-12-01,3532,3532,Non-binary,Dutch
3533,1977-07-06,3533,3533,Prefer not to say,Turkish
3534,1998-03-29,3534,3534,Non-binary,Vietnamese
3535,1975-12-27,3535,3535,Prefer not to say,Dutch
3536,1983-05-25,3536,3536,Male,Thai
3537,1987-01-01,3537,3537,Male,English
3538,1980-01-04,3538,3538,Non-binary,Greek
3539,1997-10-06,3539,3539,Prefer not to say,Russian
3540,1980-09-07,3540,3540,Female,Spanish
3541,1999-10-31,3541,3541,Female,Polish
3542,1996-03-22,3542,3542,Female,Vietnamese
3543,1964-03-13,3543,3543,Female,Turkish
3544,1967-01-11,3544,3544,Non-binary,Greek
3545,1975-12-11,3545,3545,Prefer not to say,Thai
3546,1974-06-15,3546,3546,Male,Vietnamese
3547,1970-04-28,3547,3547,Prefer not to say,Polish
3548,1961-04-02,3548,3548,Non-binary,Korean
3549,1983-05-07,3549,3549,Female,Thai
3550,1995-01-06,3550,3550,Male,Italian
3551,1991-02-12,3551,3551,Prefer not to say,Romanian
3552,1998-08-28,3552,3552,Non-binary,Greek
3553,1986-10-31,3553,3553,Male,Portuguese
3554,1986-08-19,3554,3554,Female,Hindi
3555,1972-12-21,3555,3555,Female,Portuguese
3556,2000-03-31,3556,3556,Male,Swedish
3557,1962-09-13,3557,3557,Non-binary,Dutch
3558,1999-07-26,3558,3558,Female,Arabic
3559,1973-04-23,3559,3559,Prefer not to say,Japanese
3560,1985-09-09,3560,3560,Non-binary,German
3561,1968-07-12,3561,3561,Male,Hindi
3562,1975-10-04,3562,3562,Female,Thai
3563,1994-10-20,3563,3563,Prefer not to say,Dutch
3564,1968-01-19,3564,3564,Non-binary,Romanian
3565,1962-12-22,3565,3565,Non-binary,Spanish
3566,1986-03-21,3566,3566,Male,Dutch
3567,1968-03-16,3567,3567,Male,English
3568,1961-05-09,3568,3568,Male,Greek
3569,1981-08-20,3569,3569,Prefer not to say,Italian
3570,1976-05-30,3570,3570,Non-binary,Mandarin
3571,1964-12-31,3571,3571,Non-binary,Japanese
3572,1970-11-22,3572,3572,Female,Dutch
3573,1973-03-07,3573,3573,Male,English
3574,1997-10-28,3574,3574,Female,Swedish
3575,1963-11-30,3575,3575,Non-binary,Spanish
3576,1990-04-19,3576,3576,Female,Arabic
3577,1994-08-15,3577,3577,Male,French
3578,1997-02-23,3578,3578,Male,Spanish
3579,1995-03-08,3579,3579,Female,Greek
3580,2000-10-15,3580,3580,Prefer not to say,Romanian
3581,1999-04-10,3581,3581,Prefer not to say,Russian
3582,1990-06-21,3582,3582,Female,Mandarin
3583,1972-05-14,3583,3583,Male,English
3584,1967-01-29,3584,3584,Non-binary,Arabic
3585,1976-11-14,3585,3585,Male,French
3586,1994-04-07,3586,3586,Non-binary,Italian
3587,1982-12-27,3587,3587,Female,Mandarin
3588,1992-03-20,3588,3588,Prefer not to say,Spanish
3589,1986-11-25,3589,3589,Prefer not to say,Turkish
3590,1970-04-24,3590,3590,Prefer not to say,Hindi
3591,1972-01-12,3591,3591,Female,Turkish
3592,1972-03-02,3592,3592,Male,Arabic
3593,2000-02-02,3593,3593,Non-binary,Russian
3594,1978-09-25,3594,3594,Non-binary,Polish
3595,1968-05-11,3595,3595,Non-binary,Romanian
3596,1974-08-02,3596,3596,Female,Portuguese
3597,1982-10-24,3597,3597,Non-binary,Spanish
3598,1968-06-24,3598,3598,Female,Korean
3599,1993-08-12,3599,3599,Non-binary,Polish
3600,1964-01-19,3600,3600,Female,German
3601,1969-09-16,3601,3601,Female,Turkish
3602,1991-09-20,3602,3602,Prefer not to say,Italian
3603,1981-05-28,3603,3603,Prefer not to say,German
3604,1985-09-23,3604,3604,Non-binary,German
3605,1975-03-02,3605,3605,Prefer not to say,Vietnamese
3606,1978-03-19,3606,3606,Prefer not to say,French
3607,1996-04-10,3607,3607,Non-binary,Portuguese
3608,1993-10-06,3608,3608,Male,Turkish
3609,1984-08-15,3609,3609,Non-binary,Romanian
3610,1961-05-07,3610,3610,Prefer not to say,Arabic
3611,1981-12-04,3611,3611,Prefer not to say,Italian
3612,1973-04-21,3612,3612,Prefer not to say,Romanian
3613,1994-06-07,3613,3613,Female,German
3614,1989-03-10,3614,3614,Prefer not to say,Spanish
3615,1967-02-28,3615,3615,Male,Polish
3616,1973-05-06,3616,3616,Male,Spanish
3617,1963-07-30,3617,3617,Non-binary,Dutch
3618,1971-12-24,3618,3618,Male,Italian
3619,1996-11-27,3619,3619,Non-binary,Portuguese
3620,1966-02-22,3620,3620,Non-binary,Vietnamese
3621,1988-12-13,3621,3621,Non-binary,English
3622,1984-07-16,3622,3622,Male,Dutch
3623,1985-05-26,3623,3623,Prefer not to say,English
3624,1999-12-09,3624,3624,Female,Dutch
3625,1984-07-23,3625,3625,Prefer not to say,Russian
3626,1986-06-03,3626,3626,Prefer not to say,Russian
3627,1968-07-14,3627,3627,Prefer not to say,French
3628,1999-12-29,3628,3628,Female,Vietnamese
3629,1972-04-04,3629,3629,Female,French
3630,1979-08-21,3630,3630,Non-binary,German
3631,1976-02-24,3631,3631,Non-binary,Thai
3632,1961-10-26,3632,3632,Non-binary,Polish
3633,1983-03-04,3633,3633,Female,Swedish
3634,1995-12-05,3634,3634,Prefer not to say,Hindi
3635,1969-11-08,3635,3635,Male,Swedish
3636,1966-10-16,3636,3636,Prefer not to say,Greek
3637,1992-11-23,3637,3637,Female,Arabic
3638,1960-07-22,3638,3638,Female,Polish
3639,1977-04-29,3639,3639,Female,French
3640,1994-01-20,3640,3640,Prefer not to say,German
3641,1962-11-10,3641,3641,Male,Romanian
3642,1976-02-21,3642,3642,Male,Thai
3643,1982-01-14,3643,3643,Prefer not to say,Romanian
3644,1977-12-08,3644,3644,Prefer not to say,English
3645,1976-01-21,3645,3645,Prefer not to say,Turkish
3646,1967-04-14,3646,3646,Male,Spanish
3647,1991-10-13,3647,3647,Male,Mandarin
3648,1972-05-04,3648,3648,Male,English
3649,1995-10-15,3649,3649,Non-binary,Romanian
3650,1975-02-25,3650,3650,Female,Korean
3651,1993-03-17,3651,3651,Non-binary,Hindi
3652,1989-01-26,3652,3652,Non-binary,Greek
3653,1977-04-10,3653,3653,Male,Mandarin
3654,1996-01-03,3654,3654,Male,German
3655,1976-05-20,3655,3655,Female,Mandarin
3656,1965-12-26,3656,3656,Non-binary,Russian
3657,1962-10-13,3657,3657,Female,Russian
3658,1992-11-07,3658,3658,Prefer not to say,Dutch
3659,1986-08-30,3659,3659,Male,Portuguese
3660,1991-08-25,3660,3660,Prefer not to say,Hindi
3661,1973-09-16,3661,3661,Female,Romanian
3662,1965-07-30,3662,3662,Female,Thai
3663,1973-08-23,3663,3663,Female,Vietnamese
3664,1999-07-21,3664,3664,Non-binary,Vietnamese
3665,1966-02-14,3665,3665,Male,Italian
3666,1975-03-20,3666,3666,Male,Polish
3667,1985-03-11,3667,3667,Prefer not to say,Hindi
3668,1978-10-30,3668,3668,Non-binary,French
3669,1967-06-03,3669,3669,Prefer not to say,Thai
3670,1970-05-13,3670,3670,Female,Arabic
3671,1979-05-22,3671,3671,Male,Italian
3672,1978-09-24,3672,3672,Non-binary,Portuguese
3673,1992-03-21,3673,3673,Non-binary,Portuguese
3674,1965-04-05,3674,3674,Non-binary,Greek
3675,1961-11-03,3675,3675,Non-binary,Mandarin
3676,1988-05-02,3676,3676,Male,Turkish
3677,1968-02-08,3677,3677,Male,Japanese
3678,1986-08-02,3678,3678,Female,Polish
3679,1995-05-11,3679,3679,Male,Mandarin
3680,1981-08-11,3680,3680,Prefer not to say,Vietnamese
3681,1993-12-14,3681,3681,Non-binary,Mandarin
3682,1987-10-12,3682,3682,Male,English
3683,2000-04-16,3683,3683,Male,Vietnamese
3684,1989-08-03,3684,3684,Female,Portuguese
3685,1968-07-20,3685,3685,Male,German
3686,1998-09-19,3686,3686,Female,Romanian
3687,1971-04-04,3687,3687,Non-binary,Dutch
3688,1962-06-30,3688,3688,Non-binary,Korean
3689,1969-04-30,3689,3689,Non-binary,Portuguese
3690,1977-04-30,3690,3690,Male,Hindi
3691,1983-03-23,3691,3691,Prefer not to say,Thai
3692,1996-04-03,3692,3692,Male,Dutch
3693,1964-11-15,3693,3693,Male,English
3694,1975-10-05,3694,3694,Female,Korean
3695,1990-11-24,3695,3695,Prefer not to say,Thai
3696,1974-12-27,3696,3696,Non-binary,German
3697,1975-05-04,3697,3697,Male,Turkish
3698,1980-06-04,3698,3698,Non-binary,Polish
3699,1963-11-06,3699,3699,Non-binary,Greek
3700,1966-02-27,3700,3700,Female,Romanian
3701,1964-10-25,3701,3701,Male,Portuguese
3702,1998-07-08,3702,3702,Prefer not to say,Spanish
3703,2000-09-18,3703,3703,Male,Korean
3704,1962-07-13,3704,3704,Female,German
3705,1980-07-19,3705,3705,Male,Polish
3706,1977-08-19,3706,3706,Non-binary,French
3707,1991-08-15,3707,3707,Female,English
3708,1970-07-24,3708,3708,Female,Spanish
3709,1963-06-23,3709,3709,Non-binary,Swedish
3710,1970-10-23,3710,3710,Male,Hindi
3711,1976-01-19,3711,3711,Female,Italian
3712,1979-10-10,3712,3712,Male,Romanian
3713,1973-08-03,3713,3713,Non-binary,French
3714,1967-10-26,3714,3714,Male,Hindi
3715,1981-06-23,3715,3715,Non-binary,Thai
3716,1979-08-11,3716,3716,Female,German
3717,1971-10-30,3717,3717,Male,Japanese
3718,1968-03-17,3718,3718,Male,French
3719,1960-11-23,3719,3719,Non-binary,Polish
3720,1981-09-03,3720,3720,Male,Polish
3721,1999-07-24,3721,3721,Female,Italian
3722,1983-05-08,3722,3722,Male,Korean
3723,1970-07-15,3723,3723,Female,Korean
3724,1983-07-08,3724,3724,Non-binary,Vietnamese
3725,1968-02-10,3725,3725,Male,Polish
3726,1998-04-15,3726,3726,Female,Romanian
3727,1961-09-23,3727,3727,Male,Italian
3728,1985-07-20,3728,3728,Non-binary,Italian
3729,1973-07-02,3729,3729,Female,Japanese
3730,1981-01-24,3730,3730,Prefer not to say,French
3731,1997-08-29,3731,3731,Non-binary,English
3732,1966-12-12,3732,3732,Male,Thai
3733,1994-02-12,3733,3733,Non-binary,Russian
3734,1985-11-25,3734,3734,Non-binary,Arabic
3735,1967-12-31,3735,3735,Prefer not to say,Dutch
3736,1999-12-24,3736,3736,Non-binary,Korean
3737,1983-03-12,3737,3737,Non-binary,Portuguese
3738,2000-05-11,3738,3738,Non-binary,French
3739,1996-11-17,3739,3739,Prefer not to say,Japanese
3740,1965-11-12,3740,3740,Prefer not to say,Turkish
3741,1980-06-22,3741,3741,Non-binary,Portuguese
3742,1965-03-27,3742,3742,Non-binary,Turkish
3743,1980-10-23,3743,3743,Prefer not to say,Korean
3744,2000-06-28,3744,3744,Non-binary,French
3745,1981-05-31,3745,3745,Male,Japanese
3746,1975-08-14,3746,3746,Non-binary,English
3747,1971-11-02,3747,3747,Prefer not to say,Turkish
3748,1988-12-11,3748,3748,Male,Japanese
3749,1967-10-20,3749,3749,Prefer not to say,Mandarin
3750,1994-10-31,3750,3750,Non-binary,German
3751,1963-08-26,3751,3751,Female,Polish
3752,1972-03-26,3752,3752,Prefer not to say,Dutch
3753,1970-01-23,3753,3753,Non-binary,Mandarin
3754,1993-04-29,3754,3754,Male,Spanish
3755,1986-08-21,3755,3755,Female,Korean
3756,1989-10-28,3756,3756,Female,Japanese
3757,1978-10-25,3757,3757,Female,Arabic
3758,1963-11-06,3758,3758,Female,Korean
3759,1981-11-03,3759,3759,Prefer not to say,Dutch
3760,1983-07-10,3760,3760,Non-binary,Korean
3761,1973-10-09,3761,3761,Prefer not to say,Arabic
3762,1970-11-09,3762,3762,Female,Japanese
3763,1975-07-30,3763,3763,Female,Korean
3764,1962-12-21,3764,3764,Male,Dutch
3765,1976-01-09,3765,3765,Prefer not to say,Hindi
3766,1991-03-04,3766,3766,Non-binary,Italian
3767,2000-04-16,3767,3767,Prefer not to say,Spanish
3768,1967-09-15,3768,3768,Non-binary,Swedish
3769,1984-08-13,3769,3769,Non-binary,Japanese
3770,1992-12-30,3770,3770,Female,Hindi
3771,1966-09-13,3771,3771,Non-binary,Dutch
3772,1970-07-22,3772,3772,Male,Russian
3773,1982-10-08,3773,3773,Male,Dutch
3774,1962-06-28,3774,3774,Male,Romanian
3775,1999-07-13,3775,3775,Non-binary,Turkish
3776,1971-09-21,3776,3776,Prefer not to say,Spanish
3777,2000-07-06,3777,3777,Female,Italian
3778,1987-12-13,3778,3778,Prefer not to say,Japanese
3779,1964-07-01,3779,3779,Non-binary,Italian
3780,1965-03-15,3780,3780,Non-binary,Korean
3781,1966-05-18,3781,3781,Male,Korean
3782,1967-06-02,3782,3782,Non-binary,Spanish
3783,1997-03-25,3783,3783,Non-binary,Spanish
3784,1966-12-23,3784,3784,Female,Greek
3785,1997-02-16,3785,3785,Prefer not to say,Polish
3786,1979-10-17,3786,3786,Non-binary,Polish
3787,1975-04-19,3787,3787,Male,Greek
3788,1963-10-05,3788,3788,Non-binary,English
3789,1995-10-05,3789,3789,Non-binary,French
3790,1960-04-18,3790,3790,Female,English
3791,1974-07-16,3791,3791,Female,Arabic
3792,1991-08-24,3792,3792,Female,Dutch
3793,1966-01-20,3793,3793,Male,German
3794,1976-08-19,3794,3794,Prefer not to say,French
3795,1969-05-02,3795,3795,Female,Korean
3796,2000-02-13,3796,3796,Male,Swedish
3797,2000-05-25,3797,3797,Non-binary,German
3798,1960-04-20,3798,3798,Prefer not to say,Russian
3799,1982-07-01,3799,3799,Non-binary,Russian
3800,1968-07-11,3800,3800,Prefer not to say,Romanian
3801,1990-02-06,3801,3801,Female,Arabic
3802,1971-04-09,3802,3802,Prefer not to say,Turkish
3803,1981-11-16,3803,3803,Male,Turkish
3804,1974-05-18,3804,3804,Male,Thai
3805,1973-08-27,3805,3805,Female,Mandarin
3806,1986-08-05,3806,3806,Female,Romanian
3807,1976-02-07,3807,3807,Non-binary,Polish
3808,1997-11-15,3808,3808,Male,Thai
3809,1976-04-18,3809,3809,Prefer not to say,Arabic
3810,1970-04-13,3810,3810,Non-binary,Greek
3811,1962-04-19,3811,3811,Male,Dutch
3812,1985-01-16,3812,3812,Male,Swedish
3813,1962-12-07,3813,3813,Female,Polish
3814,1986-10-18,3814,3814,Prefer not to say,Greek
3815,1981-03-25,3815,3815,Prefer not to say,Turkish
3816,1995-07-16,3816,3816,Prefer not to say,Russian
3817,1981-12-28,3817,3817,Non-binary,Hindi
3818,2000-11-12,3818,3818,Non-binary,Romanian
3819,1978-01-02,3819,3819,Prefer not to say,Dutch
3820,1970-04-26,3820,3820,Prefer not to say,Swedish
3821,1965-03-23,3821,3821,Prefer not to say,Turkish
3822,1991-11-01,3822,3822,Female,Spanish
3823,1984-10-25,3823,3823,Prefer not to say,Italian
3824,1993-06-24,3824,3824,Female,Vietnamese
3825,1979-03-05,3825,3825,Female,Thai
3826,1970-09-26,3826,3826,Female,Hindi
3827,1983-01-08,3827,3827,Male,Vietnamese
3828,1969-08-23,3828,3828,Female,Vietnamese
3829,1997-04-22,3829,3829,Prefer not to say,Portuguese
3830,1974-06-12,3830,3830,Female,French
3831,1990-08-02,3831,3831,Prefer not to say,German
3832,1966-09-10,3832,3832,Female,Swedish
3833,1986-08-16,3833,3833,Non-binary,Swedish
3834,1985-08-11,3834,3834,Female,English
3835,1973-01-16,3835,3835,Male,Hindi
3836,1995-11-01,3836,3836,Prefer not to say,English
3837,1990-08-02,3837,3837,Female,Korean
3838,1984-05-01,3838,3838,Prefer not to say,Korean
3839,1971-07-30,3839,3839,Non-binary,Arabic
3840,1999-03-02,3840,3840,Non-binary,English
3841,2000-10-24,3841,3841,Non-binary,Arabic
3842,1983-04-05,3842,3842,Male,Greek
3843,1966-02-21,3843,3843,Non-binary,Turkish
3844,1977-05-08,3844,3844,Female,Spanish
3845,1999-04-29,3845,3845,Non-binary,Korean
3846,1983-09-10,3846,3846,Prefer not to say,French
3847,1989-07-28,3847,3847,Non-binary,Greek
3848,1993-03-09,3848,3848,Female,Romanian
3849,1962-12-01,3849,3849,Female,Mandarin
3850,1969-01-02,3850,3850,Prefer not to say,Italian
3851,1978-01-19,3851,3851,Female,Italian
3852,2000-04-10,3852,3852,Female,Korean
3853,1991-03-05,3853,3853,Female,Thai
3854,1969-01-22,3854,3854,Prefer not to say,Romanian
3855,1971-11-10,3855,3855,Male,Turkish
3856,1993-10-16,3856,3856,Non-binary,Spanish
3857,1975-07-16,3857,3857,Prefer not to say,Hindi
3858,1967-01-22,3858,3858,Non-binary,Italian
3859,1990-12-16,3859,3859,Male,Korean
3860,1992-06-23,3860,3860,Non-binary,Mandarin
3861,1991-09-15,3861,3861,Prefer not to say,Polish
3862,1960-04-13,3862,3862,Non-binary,Japanese
3863,1969-06-04,3863,3863,Prefer not to say,Vietnamese
3864,1986-09-03,3864,3864,Male,Hindi
3865,1967-10-05,3865,3865,Female,Japanese
3866,1963-09-14,3866,3866,Prefer not to say,Portuguese
3867,1989-07-16,3867,3867,Male,Turkish
3868,1996-01-31,3868,3868,Non-binary,Turkish
3869,1968-06-13,3869,3869,Prefer not to say,Greek
3870,1981-01-18,3870,3870,Non-binary,Mandarin
3871,1990-03-27,3871,3871,Non-binary,French
3872,1985-10-24,3872,3872,Prefer not to say,Russian
3873,1962-10-21,3873,3873,Female,Mandarin
3874,1982-10-22,3874,3874,Male,Arabic
3875,1961-06-12,3875,3875,Female,Hindi
3876,1991-07-22,3876,3876,Male,Portuguese
3877,1985-02-01,3877,3877,Male,Japanese
3878,1972-10-29,3878,3878,Male,Korean
3879,1977-03-23,3879,3879,Non-binary,Romanian
3880,1966-05-21,3880,3880,Non-binary,Italian
3881,1990-03-27,3881,3881,Male,Greek
3882,1983-11-02,3882,3882,Non-binary,Portuguese
3883,1973-09-25,3883,3883,Female,Korean
3884,1976-04-28,3884,3884,Non-binary,Turkish
3885,1965-02-06,3885,3885,Male,Korean
3886,1971-09-07,3886,3886,Male,Dutch
3887,1997-05-26,3887,3887,Non-binary,Swedish
3888,1994-11-05,3888,3888,Male,Romanian
3889,1969-09-04,3889,3889,Male,Dutch
3890,1986-11-15,3890,3890,Non-binary,Arabic
3891,1976-02-14,3891,3891,Male,German
3892,1981-07-01,3892,3892,Female,Japanese
3893,1989-07-18,3893,3893,Prefer not to say,Arabic
3894,1971-10-08,3894,3894,Male,Romanian
3895,1975-10-12,3895,3895,Female,English
3896,1962-05-07,3896,3896,Male,Arabic
3897,2000-02-29,3897,3897,Prefer not to say,English
3898,1981-03-29,3898,3898,Prefer not to say,Italian
3899,1967-08-25,3899,3899,Prefer not to say,Spanish
3900,1996-08-24,3900,3900,Prefer not to say,Swedish
3901,1999-11-08,3901,3901,Male,Vietnamese
3902,1991-08-28,3902,3902,Female,English
3903,1965-07-25,3903,3903,Prefer not to say,Italian
3904,1997-07-15,3904,3904,Prefer not to say,Spanish
3905,1961-07-12,3905,3905,Male,Mandarin
3906,1997-05-11,3906,3906,Non-binary,Hindi
3907,1981-09-30,3907,3907,Non-binary,Vietnamese
3908,1963-09-01,3908,3908,Female,Japanese
3909,1965-08-05,3909,3909,Non-binary,Romanian
3910,1984-09-10,3910,3910,Prefer not to say,Hindi
3911,1984-11-17,3911,3911,Prefer not to say,Korean
3912,1971-03-12,3912,3912,Prefer not to say,Japanese
3913,1988-12-08,3913,3913,Prefer not to say,Romanian
3914,1985-09-15,3914,3914,Male,Spanish
3915,1994-09-14,3915,3915,Non-binary,Arabic
3916,1997-05-20,3916,3916,Non-binary,English
3917,1972-09-02,3917,3917,Male,Thai
3918,1987-02-07,3918,3918,Prefer not to say,Portuguese
3919,1978-08-20,3919,3919,Male,Arabic
3920,1984-01-04,3920,3920,Prefer not to say,Hindi
3921,1960-03-29,3921,3921,Non-binary,Korean
3922,1986-11-19,3922,3922,Prefer not to say,Greek
3923,1969-05-31,3923,3923,Non-binary,French
3924,1982-01-30,3924,3924,Non-binary,French
3925,1994-03-13,3925,3925,Non-binary,Mandarin
3926,1963-05-26,3926,3926,Female,Korean
3927,1971-02-25,3927,3927,Female,English
3928,1963-11-02,3928,3928,Female,Greek
3929,1974-10-27,3929,3929,Female,English
3930,1961-08-02,3930,3930,Non-binary,Korean
3931,1969-12-18,3931,3931,Non-binary,Turkish
3932,1994-04-03,3932,3932,Non-binary,Turkish
3933,1965-10-03,3933,3933,Female,Korean
3934,1966-08-29,3934,3934,Non-binary,Mandarin
3935,1961-05-21,3935,3935,Non-binary,Swedish
3936,1976-01-19,3936,3936,Male,Hindi
3937,1980-11-08,3937,3937,Female,Dutch
3938,1962-11-27,3938,3938,Non-binary,Swedish
3939,1973-09-13,3939,3939,Prefer not to say,Hindi
3940,1964-12-25,3940,3940,Female,Italian
3941,2000-07-26,3941,3941,Prefer not to say,Spanish
3942,1998-02-18,3942,3942,Female,Japanese
3943,1979-05-27,3943,3943,Male,German
3944,1973-02-23,3944,3944,Prefer not to say,Portuguese
3945,1993-02-22,3945,3945,Male,Italian
3946,1990-10-25,3946,3946,Female,Arabic
3947,1988-06-07,3947,3947,Prefer not to say,Arabic
3948,1980-09-21,3948,3948,Non-binary,Portuguese
3949,1994-05-18,3949,3949,Prefer not to say,Arabic
3950,1988-02-01,3950,3950,Female,Mandarin
3951,1975-08-02,3951,3951,Prefer not to say,English
3952,1975-10-07,3952,3952,Male,Portuguese
3953,1962-07-04,3953,3953,Non-binary,Mandarin
3954,1983-10-24,3954,3954,Male,Hindi
3955,1995-04-23,3955,3955,Prefer not to say,German
3956,1993-04-12,3956,3956,Prefer not to say,Italian
3957,1964-04-30,3957,3957,Prefer not to say,Polish
3958,1974-09-21,3958,3958,Male,Mandarin
3959,1985-11-15,3959,3959,Prefer not to say,Hindi
3960,1964-09-14,3960,3960,Non-binary,English
3961,1988-09-02,3961,3961,Female,Vietnamese
3962,2000-12-27,3962,3962,Male,Turkish
3963,1969-11-19,3963,3963,Male,Swedish
3964,1978-12-20,3964,3964,Non-binary,Turkish
3965,1991-07-20,3965,3965,Male,Korean
3966,1962-09-09,3966,3966,Non-binary,Mandarin
3967,1992-08-24,3967,3967,Prefer not to say,Arabic
3968,1972-01-15,3968,3968,Female,Russian
3969,1965-03-04,3969,3969,Female,Polish
3970,1971-10-06,3970,3970,Non-binary,Spanish
3971,1961-08-27,3971,3971,Male,Dutch
3972,1962-12-30,3972,3972,Prefer not to say,Swedish
3973,1963-07-21,3973,3973,Prefer not to say,Spanish
3974,1998-02-14,3974,3974,Non-binary,Italian
3975,1994-06-23,3975,3975,Male,Italian
3976,1992-09-17,3976,3976,Prefer not to say,Greek
3977,1963-07-24,3977,3977,Male,Japanese
3978,1973-02-06,3978,3978,Prefer not to say,Thai
3979,1961-05-10,3979,3979,Female,Vietnamese
3980,1992-12-28,3980,3980,Non-binary,Dutch
3981,2000-12-23,3981,3981,Non-binary,English
3982,1967-01-08,3982,3982,Prefer not to say,Italian
3983,1968-05-21,3983,3983,Prefer not to say,Japanese
3984,1977-04-26,3984,3984,Female,Japanese
3985,1972-07-16,3985,3985,Non-binary,English
3986,1983-04-15,3986,3986,Prefer not to say,German
3987,1984-06-20,3987,3987,Non-binary,Romanian
3988,1976-06-20,3988,3988,Female,German
3989,1992-10-12,3989,3989,Non-binary,Thai
3990,1967-10-25,3990,3990,Male,Hindi
3991,1981-10-22,3991,3991,Prefer not to say,English
3992,1975-08-14,3992,3992,Prefer not to say,Thai
3993,1992-12-14,3993,3993,Male,Turkish
3994,1993-05-04,3994,3994,Male,Russian
3995,1979-10-14,3995,3995,Female,Mandarin
3996,1985-10-23,3996,3996,Non-binary,Japanese
3997,1991-11-25,3997,3997,Prefer not to say,Vietnamese
3998,1983-01-10,3998,3998,Prefer not to say,Spanish
3999,1985-10-12,3999,3999,Non-binary,Polish
4000,1985-02-04,4000,4000,Male,Portuguese
4001,1993-11-03,4001,4001,Female,Greek
4002,1979-04-21,4002,4002,Female,Polish
4003,1997-06-02,4003,4003,Prefer not to say,English
4004,1995-07-31,4004,4004,Male,German
4005,1962-01-25,4005,4005,Prefer not to say,Polish
4006,1968-10-07,4006,4006,Prefer not to say,Vietnamese
4007,1979-04-10,4007,4007,Non-binary,German
4008,1988-03-18,4008,4008,Female,Turkish
4009,1966-07-01,4009,4009,Female,English
4010,1961-01-20,4010,4010,Non-binary,Thai
4011,1971-05-05,4011,4011,Non-binary,Vietnamese
4012,1983-10-26,4012,4012,Prefer not to say,German
4013,1989-03-02,4013,4013,Male,Romanian
4014,1998-12-04,4014,4014,Male,Swedish
4015,1961-10-16,4015,4015,Prefer not to say,French
4016,1996-06-04,4016,4016,Female,Mandarin
4017,1976-12-16,4017,4017,Male,Vietnamese
4018,1981-06-06,4018,4018,Male,German
4019,1997-09-01,4019,4019,Non-binary,French
4020,1968-10-21,4020,4020,Female,Turkish
4021,1971-11-26,4021,4021,Female,German
4022,1978-08-19,4022,4022,Non-binary,German
4023,1981-11-17,4023,4023,Male,Turkish
4024,1971-01-01,4024,4024,Non-binary,Thai
4025,1971-09-23,4025,4025,Female,Dutch
4026,1983-02-05,4026,4026,Non-binary,French
4027,1977-11-29,4027,4027,Non-binary,Spanish
4028,1969-01-05,4028,4028,Non-binary,Swedish
4029,1973-10-14,4029,4029,Non-binary,Vietnamese
4030,1995-07-09,4030,4030,Prefer not to say,Vietnamese
4031,1995-03-16,4031,4031,Non-binary,Spanish
4032,1994-11-02,4032,4032,Female,French
4033,1989-04-13,4033,4033,Female,Hindi
4034,1968-09-03,4034,4034,Prefer not to say,Japanese
4035,1964-04-11,4035,4035,Female,French
4036,1960-03-24,4036,4036,Non-binary,Korean
4037,1996-06-09,4037,4037,Male,Russian
4038,1990-07-24,4038,4038,Male,Greek
4039,1999-11-27,4039,4039,Prefer not to say,Mandarin
4040,1974-12-24,4040,4040,Prefer not to say,Turkish
4041,1961-12-16,4041,4041,Male,Dutch
4042,1967-11-21,4042,4042,Non-binary,Italian
4043,1963-05-20,4043,4043,Female,Romanian
4044,1997-06-18,4044,4044,Prefer not to say,Portuguese
4045,1978-04-08,4045,4045,Prefer not to say,Dutch
4046,1992-11-20,4046,4046,Non-binary,Arabic
4047,1991-04-28,4047,4047,Non-binary,German
4048,1985-03-28,4048,4048,Male,Spanish
4049,1962-10-13,4049,4049,Prefer not to say,Vietnamese
4050,1988-01-22,4050,4050,Non-binary,Swedish
4051,1969-10-24,4051,4051,Non-binary,Thai
4052,1983-03-06,4052,4052,Non-binary,Thai
4053,1975-02-16,4053,4053,Male,Swedish
4054,1962-12-02,4054,4054,Prefer not to say,German
4055,1987-04-23,4055,4055,Non-binary,Romanian
4056,1973-12-15,4056,4056,Male,German
4057,1963-03-13,4057,4057,Female,Vietnamese
4058,1976-03-07,4058,4058,Male,Portuguese
4059,1961-11-10,4059,4059,Female,Russian
4060,1989-06-22,4060,4060,Male,Portuguese
4061,1991-03-11,4061,4061,Male,Turkish
4062,1980-01-07,4062,4062,Prefer not to say,French
4063,1975-10-10,4063,4063,Female,Korean
4064,1976-04-24,4064,4064,Non-binary,Japanese
4065,1992-06-26,4065,4065,Female,Thai
4066,1965-09-05,4066,4066,Non-binary,Polish
4067,1991-09-24,4067,4067,Female,German
4068,1960-08-09,4068,4068,Non-binary,Polish
4069,1973-10-30,4069,4069,Prefer not to say,Italian
4070,1982-04-20,4070,4070,Male,Swedish
4071,1974-04-05,4071,4071,Female,Swedish
4072,1989-12-16,4072,4072,Male,German
4073,1961-09-13,4073,4073,Female,Polish
4074,1977-11-03,4074,4074,Prefer not to say,Turkish
4075,1961-02-13,4075,4075,Male,Mandarin
4076,1973-11-12,4076,4076,Male,Dutch
4077,1991-08-08,4077,4077,Prefer not to say,Turkish
4078,1968-07-21,4078,4078,Prefer not to say,Italian
4079,1976-08-29,4079,4079,Male,German
4080,1989-08-02,4080,4080,Female,Turkish
4081,1970-06-01,4081,4081,Female,Turkish
4082,1980-03-01,4082,4082,Prefer not to say,French
4083,1990-09-28,4083,4083,Prefer not to say,Hindi
4084,1996-03-20,4084,4084,Female,German
4085,1970-02-16,4085,4085,Male,English
4086,1966-06-01,4086,4086,Female,Thai
4087,1991-07-22,4087,4087,Non-binary,Japanese
4088,1995-02-22,4088,4088,Female,Korean
4089,1974-08-24,4089,4089,Non-binary,Italian
4090,1974-01-04,4090,4090,Prefer not to say,Korean
4091,1996-09-23,4091,4091,Prefer not to say,Turkish
4092,1965-10-11,4092,4092,Male,Spanish
4093,1997-05-16,4093,4093,Male,Swedish
4094,1973-01-24,4094,4094,Prefer not to say,Thai
4095,1981-07-06,4095,4095,Female,Polish
4096,1962-10-16,4096,4096,Male,French
4097,1963-08-01,4097,4097,Female,Russian
4098,1981-06-09,4098,4098,Female,German
4099,1981-02-14,4099,4099,Non-binary,Polish
4100,2000-04-12,4100,4100,Male,Italian
4101,1998-06-21,4101,4101,Prefer not to say,Thai
4102,1981-12-18,4102,4102,Prefer not to say,Portuguese
4103,1974-05-09,4103,4103,Female,Dutch
4104,1983-04-13,4104,4104,Non-binary,Japanese
4105,1966-04-20,4105,4105,Non-binary,Romanian
4106,1986-11-10,4106,4106,Prefer not to say,Korean
4107,1963-02-25,4107,4107,Female,Italian
4108,1984-09-20,4108,4108,Non-binary,Korean
4109,1999-07-30,4109,4109,Non-binary,Korean
4110,1995-03-03,4110,4110,Prefer not to say,Turkish
4111,1995-11-26,4111,4111,Prefer not to say,Dutch
4112,1971-03-27,4112,4112,Male,Romanian
4113,1975-02-04,4113,4113,Male,Romanian
4114,1975-12-31,4114,4114,Male,Russian
4115,1979-04-20,4115,4115,Prefer not to say,French
4116,1962-11-25,4116,4116,Male,Russian
4117,1977-07-02,4117,4117,Male,Korean
4118,1972-06-29,4118,4118,Male,Russian
4119,1995-11-16,4119,4119,Female,Korean
4120,1972-10-23,4120,4120,Prefer not to say,French
4121,1998-02-17,4121,4121,Prefer not to say,Korean
4122,1991-07-25,4122,4122,Prefer not to say,Hindi
4123,1961-07-04,4123,4123,Prefer not to say,Romanian
4124,1998-11-02,4124,4124,Non-binary,Dutch
4125,1990-12-03,4125,4125,Male,Swedish
4126,1988-12-13,4126,4126,Non-binary,Dutch
4127,1981-02-13,4127,4127,Prefer not to say,German
4128,1964-01-18,4128,4128,Prefer not to say,Mandarin
4129,1985-09-14,4129,4129,Male,Romanian
4130,1971-03-20,4130,4130,Non-binary,Dutch
4131,1995-06-07,4131,4131,Male,French
4132,1970-01-09,4132,4132,Non-binary,Korean
4133,1974-11-07,4133,4133,Prefer not to say,Polish
4134,1985-09-25,4134,4134,Non-binary,Swedish
4135,1966-07-19,4135,4135,Female,Greek
4136,1997-08-14,4136,4136,Non-binary,Arabic
4137,1988-03-08,4137,4137,Female,Dutch
4138,1966-03-20,4138,4138,Male,Romanian
4139,1991-01-19,4139,4139,Non-binary,French
4140,1973-06-13,4140,4140,Female,Korean
4141,1965-06-29,4141,4141,Female,Swedish
4142,1993-07-04,4142,4142,Female,Polish
4143,1967-10-12,4143,4143,Male,Mandarin
4144,1986-03-28,4144,4144,Prefer not to say,Polish
4145,1981-12-25,4145,4145,Non-binary,Greek
4146,1989-07-10,4146,4146,Male,Korean
4147,1990-06-17,4147,4147,Male,Dutch
4148,1974-10-25,4148,4148,Female,Italian
4149,1980-04-09,4149,4149,Male,German
4150,1972-11-23,4150,4150,Female,Italian
4151,2000-03-03,4151,4151,Male,Russian
4152,1993-03-17,4152,4152,Female,Thai
4153,1991-09-22,4153,4153,Male,Dutch
4154,1978-02-24,4154,4154,Prefer not to say,Portuguese
4155,1966-04-11,4155,4155,Prefer not to say,Vietnamese
4156,1986-02-09,4156,4156,Prefer not to say,Italian
4157,1962-10-08,4157,4157,Prefer not to say,German
4158,1989-04-24,4158,4158,Prefer not to say,French
4159,1969-03-06,4159,4159,Non-binary,Korean
4160,1974-11-24,4160,4160,Male,Italian
4161,1964-12-25,4161,4161,Female,Greek
4162,1983-03-21,4162,4162,Male,Vietnamese
4163,1961-10-29,4163,4163,Male,English
4164,1977-12-05,4164,4164,Non-binary,Turkish
4165,1970-07-28,4165,4165,Female,Mandarin
4166,1974-07-05,4166,4166,Male,Greek
4167,1979-12-02,4167,4167,Non-binary,Korean
4168,1975-03-18,4168,4168,Prefer not to say,English
4169,1963-03-10,4169,4169,Female,Arabic
4170,1967-09-15,4170,4170,Prefer not to say,Japanese
4171,1996-07-01,4171,4171,Male,Mandarin
4172,1994-09-06,4172,4172,Prefer not to say,Vietnamese
4173,2000-07-06,4173,4173,Prefer not to say,German
4174,1984-04-21,4174,4174,Female,Russian
4175,1962-12-12,4175,4175,Female,Portuguese
4176,1961-11-13,4176,4176,Female,Swedish
4177,1990-06-18,4177,4177,Non-binary,Arabic
4178,1979-08-27,4178,4178,Prefer not to say,Arabic
4179,1989-10-04,4179,4179,Prefer not to say,German
4180,1971-02-08,4180,4180,Non-binary,Vietnamese
4181,1967-06-09,4181,4181,Male,Portuguese
4182,1979-04-29,4182,4182,Male,Vietnamese
4183,1993-07-09,4183,4183,Prefer not to say,Vietnamese
4184,1974-02-19,4184,4184,Female,Korean
4185,1994-09-23,4185,4185,Female,Spanish
4186,1999-06-22,4186,4186,Prefer not to say,Greek
4187,1991-04-26,4187,4187,Male,Spanish
4188,1963-01-06,4188,4188,Female,Korean
4189,1982-09-28,4189,4189,Male,Romanian
4190,1963-04-23,4190,4190,Male,Arabic
4191,1991-02-24,4191,4191,Male,Hindi
4192,1987-04-30,4192,4192,Female,Italian
4193,1989-07-09,4193,4193,Female,Polish
4194,1965-08-02,4194,4194,Female,Spanish
4195,1975-03-21,4195,4195,Non-binary,English
4196,1994-07-01,4196,4196,Male,Vietnamese
4197,1985-01-22,4197,4197,Non-binary,Swedish
4198,1996-05-15,4198,4198,Male,Portuguese
4199,1966-04-22,4199,4199,Prefer not to say,Thai
4200,1960-09-27,4200,4200,Prefer not to say,Hindi
4201,1986-10-26,4201,4201,Prefer not to say,Italian
4202,1975-09-02,4202,4202,Male,English
4203,1970-01-27,4203,4203,Non-binary,Portuguese
4204,1967-10-30,4204,4204,Male,Greek
4205,1969-10-06,4205,4205,Female,Mandarin
4206,1997-12-17,4206,4206,Prefer not to say,Dutch
4207,1969-02-06,4207,4207,Female,Polish
4208,1983-09-19,4208,4208,Non-binary,Mandarin
4209,1997-08-04,4209,4209,Prefer not to say,Portuguese
4210,1962-10-20,4210,4210,Male,Korean
4211,2000-01-17,4211,4211,Male,Hindi
4212,1964-08-02,4212,4212,Prefer not to say,Mandarin
4213,1983-03-21,4213,4213,Prefer not to say,Italian
4214,1966-07-03,4214,4214,Female,Polish
4215,1993-12-05,4215,4215,Prefer not to say,English
4216,1975-03-09,4216,4216,Male,Italian
4217,1972-07-25,4217,4217,Prefer not to say,Thai
4218,1975-08-20,4218,4218,Non-binary,Korean
4219,1981-10-20,4219,4219,Female,French
4220,1965-02-14,4220,4220,Male,Swedish
4221,1963-09-08,4221,4221,Prefer not to say,Hindi
4222,1984-11-12,4222,4222,Prefer not to say,Korean
4223,1980-03-17,4223,4223,Non-binary,Swedish
4224,1964-03-10,4224,4224,Non-binary,French
4225,1996-07-20,4225,4225,Prefer not to say,Romanian
4226,1988-04-15,4226,4226,Prefer not to say,Hindi
4227,1983-08-16,4227,4227,Male,Hindi
4228,1999-10-10,4228,4228,Female,Korean
4229,1976-07-28,4229,4229,Non-binary,Hindi
4230,1965-09-19,4230,4230,Prefer not to say,Vietnamese
4231,1999-06-26,4231,4231,Male,Russian
4232,1986-10-09,4232,4232,Female,Dutch
4233,1991-12-01,4233,4233,Prefer not to say,Italian
4234,1971-06-29,4234,4234,Male,Portuguese
4235,1977-07-25,4235,4235,Prefer not to say,Portuguese
4236,1975-10-09,4236,4236,Prefer not to say,Vietnamese
4237,1983-08-27,4237,4237,Female,Vietnamese
4238,1968-08-10,4238,4238,Male,Korean
4239,1991-02-08,4239,4239,Male,Hindi
4240,1992-02-22,4240,4240,Prefer not to say,German
4241,1970-06-29,4241,4241,Prefer not to say,Polish
4242,1992-12-18,4242,4242,Female,French
4243,1976-01-02,4243,4243,Prefer not to say,Thai
4244,1974-08-11,4244,4244,Non-binary,Korean
4245,1969-04-21,4245,4245,Prefer not to say,Romanian
4246,1967-02-23,4246,4246,Male,Hindi
4247,1983-02-18,4247,4247,Female,Arabic
4248,1993-02-08,4248,4248,Female,Italian
4249,1993-02-24,4249,4249,Female,Dutch
4250,1968-09-19,4250,4250,Non-binary,Italian
4251,1975-06-02,4251,4251,Non-binary,Turkish
4252,1972-10-10,4252,4252,Prefer not to say,Hindi
4253,1996-09-15,4253,4253,Female,Italian
4254,1965-09-12,4254,4254,Prefer not to say,Russian
4255,1962-05-02,4255,4255,Non-binary,Thai
4256,1976-11-23,4256,4256,Male,Korean
4257,1968-08-01,4257,4257,Male,Greek
4258,1969-06-29,4258,4258,Non-binary,French
4259,1974-01-01,4259,4259,Non-binary,Russian
4260,1982-08-25,4260,4260,Non-binary,Turkish
4261,1974-12-22,4261,4261,Male,Mandarin
4262,1996-08-26,4262,4262,Prefer not to say,English
4263,1996-07-30,4263,4263,Male,Portuguese
4264,1983-11-01,4264,4264,Prefer not to say,Dutch
4265,1971-03-30,4265,4265,Non-binary,Polish
4266,1988-09-26,4266,4266,Non-binary,Swedish
4267,1977-01-03,4267,4267,Male,English
4268,1978-11-04,4268,4268,Female,German
4269,1994-04-20,4269,4269,Female,Turkish
4270,1969-02-07,4270,4270,Non-binary,Korean
4271,1966-11-30,4271,4271,Prefer not to say,Swedish
4272,1972-01-15,4272,4272,Prefer not to say,Thai
4273,1984-07-05,4273,4273,Female,Romanian
4274,1971-12-11,4274,4274,Non-binary,Greek
4275,1979-03-24,4275,4275,Male,Hindi
4276,1988-11-15,4276,4276,Female,Arabic
4277,1985-02-24,4277,4277,Prefer not to say,Greek
4278,1983-08-11,4278,4278,Male,Japanese
4279,1998-07-11,4279,4279,Male,French
4280,1988-02-13,4280,4280,Female,Swedish
4281,1986-03-06,4281,4281,Prefer not to say,Japanese
4282,1987-08-16,4282,4282,Male,Turkish
4283,1970-04-18,4283,4283,Female,Japanese
4284,1980-01-22,4284,4284,Female,Swedish
4285,1995-04-14,4285,4285,Non-binary,Polish
4286,1965-06-28,4286,4286,Prefer not to say,Romanian
4287,1995-01-09,4287,4287,Male,Japanese
4288,1995-01-22,4288,4288,Male,Romanian
4289,1990-01-26,4289,4289,Prefer not to say,Swedish
4290,1979-09-03,4290,4290,Male,English
4291,1983-08-23,4291,4291,Non-binary,Mandarin
4292,1987-07-23,4292,4292,Prefer not to say,English
4293,1993-12-20,4293,4293,Female,Swedish
4294,1963-05-17,4294,4294,Non-binary,German
4295,1965-06-06,4295,4295,Prefer not to say,Greek
4296,1982-05-10,4296,4296,Prefer not to say,Portuguese
4297,1991-10-05,4297,4297,Female,Greek
4298,1992-03-11,4298,4298,Prefer not to say,Korean
4299,1964-08-13,4299,4299,Non-binary,Greek
4300,1996-12-10,4300,4300,Prefer not to say,Japanese
4301,1987-12-18,4301,4301,Male,Portuguese
4302,1989-07-17,4302,4302,Prefer not to say,Portuguese
4303,2000-02-05,4303,4303,Female,German
4304,1960-10-11,4304,4304,Prefer not to say,Thai
4305,1997-06-13,4305,4305,Female,German
4306,1986-03-28,4306,4306,Prefer not to say,German
4307,1997-10-16,4307,4307,Female,Dutch
4308,1962-06-05,4308,4308,Non-binary,Arabic
4309,1984-05-09,4309,4309,Female,Mandarin
4310,1995-05-20,4310,4310,Prefer not to say,Russian
4311,1988-01-05,4311,4311,Female,French
4312,1985-07-05,4312,4312,Male,Dutch
4313,1963-09-09,4313,4313,Non-binary,Korean
4314,1966-01-06,4314,4314,Male,Polish
4315,1997-08-24,4315,4315,Female,Italian
4316,1981-11-24,4316,4316,Non-binary,Korean
4317,1976-10-08,4317,4317,Prefer not to say,Turkish
4318,1991-11-21,4318,4318,Non-binary,Thai
4319,1995-07-05,4319,4319,Prefer not to say,Hindi
4320,1997-06-21,4320,4320,Female,Dutch
4321,1976-06-06,4321,4321,Prefer not to say,Dutch
4322,1999-07-09,4322,4322,Female,Turkish
4323,1967-04-25,4323,4323,Prefer not to say,Thai
4324,1973-03-14,4324,4324,Non-binary,Japanese
4325,1981-12-30,4325,4325,Female,Romanian
4326,1990-01-12,4326,4326,Male,French
4327,1971-08-01,4327,4327,Male,English
4328,1960-09-06,4328,4328,Prefer not to say,French
4329,1961-12-02,4329,4329,Non-binary,English
4330,1986-07-01,4330,4330,Female,Korean
4331,1962-08-19,4331,4331,Male,Russian
4332,1967-06-09,4332,4332,Female,Vietnamese
4333,1961-06-18,4333,4333,Male,Dutch
4334,1998-01-18,4334,4334,Female,Korean
4335,1964-10-09,4335,4335,Male,Japanese
4336,1997-10-03,4336,4336,Non-binary,Italian
4337,1993-06-04,4337,4337,Non-binary,Italian
4338,1961-06-10,4338,4338,Prefer not to say,Italian
4339,1970-12-25,4339,4339,Prefer not to say,Korean
4340,1962-07-12,4340,4340,Non-binary,Mandarin
4341,1972-06-16,4341,4341,Male,German
4342,1979-09-09,4342,4342,Prefer not to say,German
4343,1999-03-09,4343,4343,Prefer not to say,Hindi
4344,1967-12-14,4344,4344,Prefer not to say,Romanian
4345,1960-01-02,4345,4345,Non-binary,Turkish
4346,1992-05-30,4346,4346,Female,Dutch
4347,1971-03-07,4347,4347,Prefer not to say,Hindi
4348,1994-06-04,4348,4348,Non-binary,German
4349,1990-10-04,4349,4349,Non-binary,Thai
4350,1970-09-20,4350,4350,Prefer not to say,Thai
4351,1998-09-14,4351,4351,Prefer not to say,Polish
4352,1965-05-13,4352,4352,Non-binary,Mandarin
4353,1967-02-18,4353,4353,Prefer not to say,Arabic
4354,1972-03-31,4354,4354,Prefer not to say,Vietnamese
4355,1968-02-16,4355,4355,Non-binary,Dutch
4356,1975-02-10,4356,4356,Female,Greek
4357,1981-07-23,4357,4357,Prefer not to say,Greek
4358,1963-02-13,4358,4358,Male,Portuguese
4359,2000-12-27,4359,4359,Non-binary,Italian
4360,1984-09-05,4360,4360,Prefer not to say,Vietnamese
4361,1965-12-14,4361,4361,Female,Italian
4362,1986-03-20,4362,4362,Female,Portuguese
4363,1962-07-25,4363,4363,Prefer not to say,Swedish
4364,1996-04-11,4364,4364,Prefer not to say,Greek
4365,1968-03-09,4365,4365,Female,Romanian
4366,1993-04-28,4366,4366,Female,English
4367,1968-11-06,4367,4367,Prefer not to say,Dutch
4368,1997-07-02,4368,4368,Non-binary,Thai
4369,2000-01-29,4369,4369,Prefer not to say,Korean
4370,1972-01-16,4370,4370,Female,Swedish
4371,1981-04-23,4371,4371,Prefer not to say,Polish
4372,1981-05-14,4372,4372,Prefer not to say,Japanese
4373,1996-11-19,4373,4373,Non-binary,German
4374,2000-07-10,4374,4374,Male,English
4375,1973-12-29,4375,4375,Male,Japanese
4376,1999-04-11,4376,4376,Non-binary,Hindi
4377,2000-05-05,4377,4377,Prefer not to say,Hindi
4378,2000-01-10,4378,4378,Non-binary,Italian
4379,1970-01-17,4379,4379,Prefer not to say,Arabic
4380,2000-07-09,4380,4380,Prefer not to say,Italian
4381,1990-07-28,4381,4381,Male,Dutch
4382,1970-10-02,4382,4382,Prefer not to say,Russian
4383,1991-11-01,4383,4383,Non-binary,Polish
4384,1999-08-09,4384,4384,Female,English
4385,1967-11-15,4385,4385,Female,Vietnamese
4386,1970-09-25,4386,4386,Female,Romanian
4387,1971-10-19,4387,4387,Non-binary,Russian
4388,1997-08-06,4388,4388,Female,English
4389,1969-04-23,4389,4389,Male,Greek
4390,1994-04-14,4390,4390,Non-binary,Vietnamese
4391,1975-04-21,4391,4391,Male,Spanish
4392,1975-01-09,4392,4392,Non-binary,Italian
4393,1963-05-14,4393,4393,Female,Japanese
4394,1994-09-23,4394,4394,Male,Spanish
4395,1986-08-26,4395,4395,Female,Hindi
4396,1991-06-02,4396,4396,Prefer not to say,Spanish
4397,1992-01-25,4397,4397,Non-binary,Romanian
4398,1972-12-31,4398,4398,Non-binary,Greek
4399,1995-08-20,4399,4399,Male,Turkish
4400,1982-04-24,4400,4400,Prefer not to say,Greek
4401,1968-02-09,4401,4401,Female,Swedish
4402,1972-02-29,4402,4402,Female,Mandarin
4403,1984-12-21,4403,4403,Male,Hindi
4404,1977-06-10,4404,4404,Male,Spanish
4405,1984-01-22,4405,4405,Prefer not to say,Italian
4406,1992-12-02,4406,4406,Non-binary,Turkish
4407,1969-04-28,4407,4407,Female,Portuguese
4408,1964-04-25,4408,4408,Female,Romanian
4409,1964-03-06,4409,4409,Prefer not to say,English
4410,1960-01-27,4410,4410,Prefer not to say,Polish
4411,1978-05-24,4411,4411,Male,Mandarin
4412,1980-05-27,4412,4412,Prefer not to say,Italian
4413,1999-02-02,4413,4413,Non-binary,Portuguese
4414,1980-12-24,4414,4414,Female,German
4415,1983-08-04,4415,4415,Prefer not to say,Mandarin
4416,1969-07-08,4416,4416,Prefer not to say,German
4417,1964-03-03,4417,4417,Female,Spanish
4418,1997-03-27,4418,4418,Prefer not to say,Italian
4419,1967-05-26,4419,4419,Male,Thai
4420,1963-10-07,4420,4420,Non-binary,Italian
4421,1962-05-15,4421,4421,Prefer not to say,Korean
4422,1965-05-26,4422,4422,Non-binary,German
4423,1981-04-26,4423,4423,Male,Thai
4424,1976-06-16,4424,4424,Male,Turkish
4425,1987-03-01,4425,4425,Non-binary,Polish
4426,1962-08-06,4426,4426,Prefer not to say,Greek
4427,1975-01-18,4427,4427,Prefer not to say,Spanish
4428,1981-04-13,4428,4428,Non-binary,Japanese
4429,1973-04-16,4429,4429,Male,German
4430,1984-10-02,4430,4430,Prefer not to say,Japanese
4431,1998-05-05,4431,4431,Male,Italian
4432,1998-09-15,4432,4432,Non-binary,Japanese
4433,1966-02-28,4433,4433,Female,Polish
4434,1987-08-22,4434,4434,Non-binary,Greek
4435,1978-03-01,4435,4435,Non-binary,Dutch
4436,1985-03-25,4436,4436,Male,Arabic
4437,1977-03-29,4437,4437,Female,German
4438,1991-03-14,4438,4438,Male,Mandarin
4439,1966-11-12,4439,4439,Female,Polish
4440,1987-04-13,4440,4440,Prefer not to say,Arabic
4441,1993-05-28,4441,4441,Male,Japanese
4442,1981-09-27,4442,4442,Female,Thai
4443,1991-05-07,4443,4443,Non-binary,Korean
4444,1979-06-12,4444,4444,Prefer not to say,Greek
4445,1985-05-15,4445,4445,Male,Romanian
4446,1981-04-24,4446,4446,Prefer not to say,Spanish
4447,1995-09-24,4447,4447,Female,German
4448,1997-11-19,4448,4448,Female,Swedish
4449,2000-11-12,4449,4449,Prefer not to say,Russian
4450,1980-06-01,4450,4450,Prefer not to say,Korean
4451,1963-01-22,4451,4451,Female,Thai
4452,1991-08-21,4452,4452,Prefer not to say,French
4453,1976-03-19,4453,4453,Male,Greek
4454,1962-09-26,4454,4454,Female,Vietnamese
4455,1968-11-07,4455,4455,Female,Russian
4456,1982-10-25,4456,4456,Male,Hindi
4457,1988-04-21,4457,4457,Male,Japanese
4458,1975-10-15,4458,4458,Male,Swedish
4459,1974-09-01,4459,4459,Non-binary,Portuguese
4460,1964-09-07,4460,4460,Female,German
4461,1981-11-02,4461,4461,Male,Greek
4462,1980-04-10,4462,4462,Non-binary,Mandarin
4463,1973-08-25,4463,4463,Prefer not to say,Swedish
4464,1981-04-18,4464,4464,Non-binary,Portuguese
4465,1970-09-25,4465,4465,Prefer not to say,Polish
4466,1985-11-21,4466,4466,Prefer not to say,Vietnamese
4467,1974-04-17,4467,4467,Male,French
4468,1961-10-10,4468,4468,Non-binary,Turkish
4469,1979-11-01,4469,4469,Male,Thai
4470,1961-09-25,4470,4470,Prefer not to say,Spanish
4471,1984-08-31,4471,4471,Male,Spanish
4472,1970-01-29,4472,4472,Male,Turkish
4473,1973-11-09,4473,4473,Female,Romanian
4474,1996-12-11,4474,4474,Prefer not to say,Vietnamese
4475,1990-06-12,4475,4475,Non-binary,Polish
4476,1997-05-09,4476,4476,Prefer not to say,Portuguese
4477,1985-03-28,4477,4477,Non-binary,Italian
4478,2000-07-06,4478,4478,Prefer not to say,Portuguese
4479,1982-06-23,4479,4479,Male,Japanese
4480,1965-04-12,4480,4480,Male,Vietnamese
4481,1988-05-06,4481,4481,Prefer not to say,Japanese
4482,1990-05-29,4482,4482,Female,Mandarin
4483,1972-12-28,4483,4483,Prefer not to say,Swedish
4484,1994-03-18,4484,4484,Male,Swedish
4485,1975-04-06,4485,4485,Female,Greek
4486,1981-03-06,4486,4486,Female,Arabic
4487,1972-09-20,4487,4487,Prefer not to say,Swedish
4488,1976-03-01,4488,4488,Prefer not to say,Dutch
4489,1968-06-01,4489,4489,Non-binary,Greek
4490,1968-08-30,4490,4490,Prefer not to say,Swedish
4491,1964-06-09,4491,4491,Female,Greek
4492,1994-10-08,4492,4492,Non-binary,Dutch
4493,1998-12-10,4493,4493,Non-binary,Arabic
4494,1960-12-06,4494,4494,Female,Portuguese
4495,1964-09-13,4495,4495,Prefer not to say,Turkish
4496,1966-04-09,4496,4496,Prefer not to say,Greek
4497,1982-03-01,4497,4497,Non-binary,English
4498,1967-09-30,4498,4498,Prefer not to say,Hindi
4499,1977-01-01,4499,4499,Prefer not to say,Mandarin
4500,1969-11-21,4500,4500,Male,Korean
4501,1997-01-22,4501,4501,Prefer not to say,Vietnamese
4502,1968-03-14,4502,4502,Male,Turkish
4503,1997-06-16,4503,4503,Female,Romanian
4504,1972-07-18,4504,4504,Male,Italian
4505,2000-01-24,4505,4505,Prefer not to say,Spanish
4506,1986-02-26,4506,4506,Female,Portuguese
4507,1964-07-18,4507,4507,Male,Italian
4508,1991-07-27,4508,4508,Prefer not to say,German
4509,1994-09-11,4509,4509,Non-binary,Hindi
4510,1972-05-24,4510,4510,Female,Turkish
4511,1973-10-16,4511,4511,Non-binary,Italian
4512,1973-01-18,4512,4512,Female,Polish
4513,1984-06-04,4513,4513,Female,Hindi
4514,1970-11-13,4514,4514,Non-binary,English
4515,1980-01-24,4515,4515,Male,Hindi
4516,1976-05-28,4516,4516,Female,Thai
4517,1962-01-22,4517,4517,Female,Korean
4518,2000-05-21,4518,4518,Female,Polish
4519,1971-02-18,4519,4519,Non-binary,Swedish
4520,1981-06-15,4520,4520,Male,Arabic
4521,1962-12-19,4521,4521,Male,Swedish
4522,1970-02-24,4522,4522,Female,Portuguese
4523,1986-05-06,4523,4523,Male,Portuguese
4524,1979-06-30,4524,4524,Non-binary,Swedish
4525,1985-09-11,4525,4525,Prefer not to say,English
4526,1989-09-08,4526,4526,Non-binary,Japanese
4527,1974-06-13,4527,4527,Prefer not to say,Romanian
4528,1967-09-17,4528,4528,Female,Portuguese
4529,1962-01-16,4529,4529,Male,Romanian
4530,1972-06-30,4530,4530,Male,Turkish
4531,1978-03-23,4531,4531,Female,Japanese
4532,1976-12-08,4532,4532,Non-binary,Polish
4533,1981-01-23,4533,4533,Prefer not to say,Turkish
4534,1986-07-04,4534,4534,Male,Spanish
4535,1984-09-19,4535,4535,Male,Romanian
4536,1997-04-06,4536,4536,Female,English
4537,1982-06-27,4537,4537,Non-binary,Swedish
4538,1984-12-09,4538,4538,Female,Polish
4539,1967-05-22,4539,4539,Female,Russian
4540,1976-11-01,4540,4540,Prefer not to say,Dutch
4541,1991-04-22,4541,4541,Male,Vietnamese
4542,1972-04-14,4542,4542,Female,Vietnamese
4543,1994-03-18,4543,4543,Non-binary,Japanese
4544,2000-02-01,4544,4544,Prefer not to say,German
4545,1988-10-15,4545,4545,Male,Arabic
4546,1999-04-27,4546,4546,Female,Dutch
4547,1970-05-03,4547,4547,Non-binary,Russian
4548,1990-06-09,4548,4548,Prefer not to say,Portuguese
4549,1975-05-14,4549,4549,Non-binary,Mandarin
4550,1965-09-12,4550,4550,Female,Greek
4551,1994-06-04,4551,4551,Prefer not to say,Swedish
4552,1967-07-25,4552,4552,Prefer not to say,French
4553,1985-05-05,4553,4553,Prefer not to say,Japanese
4554,1964-09-23,4554,4554,Prefer not to say,Hindi
4555,1962-02-17,4555,4555,Prefer not to say,Polish
4556,1978-03-15,4556,4556,Prefer not to say,Russian
4557,1996-02-24,4557,4557,Non-binary,French
4558,1987-01-03,4558,4558,Non-binary,Japanese
4559,1970-12-06,4559,4559,Non-binary,Thai
4560,1984-07-27,4560,4560,Prefer not to say,Arabic
4561,1995-07-23,4561,4561,Female,Dutch
4562,1991-08-07,4562,4562,Female,Portuguese
4563,1999-01-21,4563,4563,Non-binary,English
4564,1969-07-19,4564,4564,Prefer not to say,Hindi
4565,1986-03-27,4565,4565,Non-binary,Korean
4566,1964-10-06,4566,4566,Prefer not to say,Japanese
4567,1986-08-25,4567,4567,Male,German
4568,1989-09-02,4568,4568,Female,Portuguese
4569,1999-09-04,4569,4569,Prefer not to say,Greek
4570,1991-04-27,4570,4570,Non-binary,Hindi
4571,2000-02-22,4571,4571,Prefer not to say,Dutch
4572,1969-09-04,4572,4572,Non-binary,Polish
4573,1972-10-02,4573,4573,Female,Russian
4574,1991-03-23,4574,4574,Male,Japanese
4575,1964-07-28,4575,4575,Non-binary,Japanese
4576,1964-02-10,4576,4576,Male,Italian
4577,1963-06-24,4577,4577,Non-binary,Turkish
4578,1963-10-25,4578,4578,Prefer not to say,Romanian
4579,1999-02-19,4579,4579,Female,Thai
4580,1971-10-25,4580,4580,Male,Swedish
4581,1980-04-23,4581,4581,Female,English
4582,1962-08-28,4582,4582,Female,Vietnamese
4583,1982-03-09,4583,4583,Female,Greek
4584,1988-06-30,4584,4584,Non-binary,Italian
4585,1996-08-20,4585,4585,Male,Mandarin
4586,1972-05-23,4586,4586,Non-binary,Korean
4587,1983-07-31,4587,4587,Non-binary,English
4588,1992-03-10,4588,4588,Male,Swedish
4589,1986-10-02,4589,4589,Non-binary,Dutch
4590,1977-05-28,4590,4590,Male,Russian
4591,1981-03-09,4591,4591,Prefer not to say,Greek
4592,1971-10-18,4592,4592,Non-binary,Swedish
4593,1980-04-08,4593,4593,Male,Polish
4594,1963-07-04,4594,4594,Female,Polish
4595,1993-09-09,4595,4595,Male,Thai
4596,1985-08-14,4596,4596,Male,Turkish
4597,1985-08-25,4597,4597,Non-binary,Hindi
4598,1982-04-05,4598,4598,Non-binary,Vietnamese
4599,1990-07-02,4599,4599,Prefer not to say,Vietnamese
4600,1992-06-10,4600,4600,Male,Dutch
4601,1973-12-25,4601,4601,Female,Portuguese
4602,1989-07-25,4602,4602,Male,Turkish
4603,1992-03-13,4603,4603,Female,German
4604,1995-10-28,4604,4604,Non-binary,Hindi
4605,1981-01-25,4605,4605,Female,Korean
4606,1994-05-23,4606,4606,Male,Vietnamese
4607,1977-08-27,4607,4607,Non-binary,English
4608,2000-06-25,4608,4608,Male,German
4609,1985-01-17,4609,4609,Male,German
4610,1974-02-07,4610,4610,Non-binary,Swedish
4611,1987-08-31,4611,4611,Female,Japanese
4612,1968-07-20,4612,4612,Male,French
4613,1982-01-10,4613,4613,Prefer not to say,Portuguese
4614,1978-03-18,4614,4614,Non-binary,Mandarin
4615,1968-10-16,4615,4615,Prefer not to say,Spanish
4616,1983-07-18,4616,4616,Female,Dutch
4617,1981-08-31,4617,4617,Non-binary,German
4618,1998-07-19,4618,4618,Female,Greek
4619,1971-08-06,4619,4619,Female,Dutch
4620,1987-12-13,4620,4620,Non-binary,Russian
4621,1981-07-20,4621,4621,Prefer not to say,Spanish
4622,1966-02-16,4622,4622,Male,German
4623,1999-12-13,4623,4623,Non-binary,Korean
4624,1974-05-31,4624,4624,Male,Greek
4625,1965-09-27,4625,4625,Male,Spanish
4626,1965-08-25,4626,4626,Male,Russian
4627,1989-07-30,4627,4627,Male,Polish
4628,1970-07-07,4628,4628,Male,German
4629,1963-03-06,4629,4629,Male,Hindi
4630,1978-06-20,4630,4630,Prefer not to say,Arabic
4631,1993-11-29,4631,4631,Female,Dutch
4632,1994-07-18,4632,4632,Prefer not to say,Korean
4633,1999-11-10,4633,4633,Non-binary,Greek
4634,1997-10-01,4634,4634,Male,Spanish
4635,1986-05-09,4635,4635,Male,Greek
4636,1975-09-06,4636,4636,Non-binary,Spanish
4637,1984-01-06,4637,4637,Male,Portuguese
4638,1966-12-05,4638,4638,Non-binary,Korean
4639,1964-05-02,4639,4639,Female,Dutch
4640,1967-10-20,4640,4640,Non-binary,Greek
4641,1982-03-28,4641,4641,Prefer not to say,Turkish
4642,1974-12-23,4642,4642,Non-binary,Portuguese
4643,1972-11-15,4643,4643,Female,German
4644,1987-11-11,4644,4644,Non-binary,Spanish
4645,1982-06-27,4645,4645,Female,Korean
4646,1994-09-28,4646,4646,Prefer not to say,Turkish
4647,1974-10-27,4647,4647,Female,Japanese
4648,1991-03-11,4648,4648,Male,Spanish
4649,1961-05-27,4649,4649,Non-binary,Thai
4650,1982-06-06,4650,4650,Male,Hindi
4651,1992-08-05,4651,4651,Non-binary,Arabic
4652,1990-02-01,4652,4652,Non-binary,English
4653,1969-03-02,4653,4653,Female,Hindi
4654,1998-04-02,4654,4654,Non-binary,Romanian
4655,1997-04-22,4655,4655,Male,Polish
4656,1966-12-17,4656,4656,Prefer not to say,Romanian
4657,1994-05-07,4657,4657,Male,Greek
4658,1974-08-19,4658,4658,Female,Korean
4659,1996-03-31,4659,4659,Male,German
4660,1970-11-29,4660,4660,Male,German
4661,1998-07-01,4661,4661,Prefer not to say,Greek
4662,1975-09-01,4662,4662,Non-binary,Japanese
4663,1992-06-03,4663,4663,Male,Arabic
4664,1970-06-20,4664,4664,Prefer not to say,Swedish
4665,1981-08-20,4665,4665,Female,German
4666,2000-05-02,4666,4666,Male,Polish
4667,1975-10-10,4667,4667,Prefer not to say,Dutch
4668,1963-10-19,4668,4668,Prefer not to say,French
4669,1974-01-06,4669,4669,Female,Spanish
4670,1994-09-26,4670,4670,Prefer not to say,Arabic
4671,1961-07-27,4671,4671,Non-binary,Polish
4672,1987-01-19,4672,4672,Female,Korean
4673,1972-07-20,4673,4673,Male,Italian
4674,1978-06-03,4674,4674,Male,Romanian
4675,1987-08-10,4675,4675,Prefer not to say,Arabic
4676,1983-03-20,4676,4676,Prefer not to say,Japanese
4677,1994-12-08,4677,4677,Male,Vietnamese
4678,1993-07-02,4678,4678,Non-binary,Greek
4679,1996-11-20,4679,4679,Male,Japanese
4680,1971-11-28,4680,4680,Non-binary,Swedish
4681,1971-09-27,4681,4681,Female,Russian
4682,1987-12-28,4682,4682,Male,Arabic
4683,1974-03-31,4683,4683,Female,Japanese
4684,1966-01-14,4684,4684,Prefer not to say,German
4685,1966-05-31,4685,4685,Male,Arabic
4686,1972-04-02,4686,4686,Female,Vietnamese
4687,1983-07-22,4687,4687,Non-binary,Greek
4688,1988-06-10,4688,4688,Prefer not to say,Hindi
4689,1990-06-23,4689,4689,Female,German
4690,1973-04-12,4690,4690,Non-binary,Korean
4691,1981-08-08,4691,4691,Male,Thai
4692,1967-11-04,4692,4692,Female,Turkish
4693,1967-06-09,4693,4693,Prefer not to say,Arabic
4694,1979-01-26,4694,4694,Male,Greek
4695,1964-10-08,4695,4695,Female,Japanese
4696,1986-07-15,4696,4696,Non-binary,Polish
4697,1966-04-03,4697,4697,Male,Russian
4698,1968-07-05,4698,4698,Male,Spanish
4699,1991-04-08,4699,4699,Non-binary,Vietnamese
4700,1966-04-08,4700,4700,Prefer not to say,Greek
4701,1975-02-25,4701,4701,Prefer not to say,Korean
4702,1962-07-05,4702,4702,Non-binary,Polish
4703,1992-10-07,4703,4703,Non-binary,Mandarin
4704,1985-01-17,4704,4704,Male,English
4705,1992-10-24,4705,4705,Prefer not to say,Hindi
4706,1973-01-20,4706,4706,Female,Hindi
4707,1967-06-02,4707,4707,Male,Russian
4708,1994-04-24,4708,4708,Male,Arabic
4709,1982-08-07,4709,4709,Prefer not to say,Dutch
4710,1982-06-24,4710,4710,Non-binary,French
4711,1980-04-08,4711,4711,Female,Arabic
4712,1969-09-28,4712,4712,Female,Turkish
4713,1984-12-28,4713,4713,Prefer not to say,Turkish
4714,1976-10-16,4714,4714,Non-binary,Polish
4715,1991-03-29,4715,4715,Prefer not to say,Italian
4716,1990-11-23,4716,4716,Prefer not to say,Thai
4717,1992-07-04,4717,4717,Prefer not to say,Italian
4718,1963-03-17,4718,4718,Male,Arabic
4719,1968-05-21,4719,4719,Female,Turkish
4720,1993-12-20,4720,4720,Female,French
4721,1982-08-05,4721,4721,Female,Turkish
4722,1989-12-20,4722,4722,Female,Vietnamese
4723,1978-11-28,4723,4723,Male,Polish
4724,1972-12-26,4724,4724,Prefer not to say,Italian
4725,1964-02-05,4725,4725,Prefer not to say,Japanese
4726,1964-02-25,4726,4726,Male,French
4727,1978-10-03,4727,4727,Female,Romanian
4728,1995-04-18,4728,4728,Non-binary,Romanian
4729,1997-11-27,4729,4729,Non-binary,Greek
4730,1986-02-04,4730,4730,Prefer not to say,Hindi
4731,1995-09-09,4731,4731,Non-binary,Spanish
4732,1960-03-23,4732,4732,Female,Japanese
4733,1961-05-20,4733,4733,Male,Japanese
4734,1982-06-16,4734,4734,Male,Dutch
4735,1974-12-24,4735,4735,Female,Turkish
4736,1969-05-27,4736,4736,Female,French
4737,1991-04-09,4737,4737,Male,Greek
4738,1980-03-20,4738,4738,Prefer not to say,Portuguese
4739,1960-04-10,4739,4739,Male,Dutch
4740,1968-12-14,4740,4740,Female,Greek
4741,1987-08-12,4741,4741,Female,Swedish
4742,1968-05-23,4742,4742,Non-binary,Greek
4743,1963-02-16,4743,4743,Non-binary,Japanese
4744,1987-12-16,4744,4744,Male,Portuguese
4745,1983-09-09,4745,4745,Male,French
4746,1987-05-14,4746,4746,Female,Romanian
4747,1973-09-17,4747,4747,Non-binary,Thai
4748,1967-07-07,4748,4748,Male,French
4749,1977-05-01,4749,4749,Non-binary,German
4750,1963-12-02,4750,4750,Female,Russian
4751,1994-11-03,4751,4751,Prefer not to say,Hindi
4752,1972-11-15,4752,4752,Prefer not to say,Thai
4753,1968-05-04,4753,4753,Non-binary,Mandarin
4754,1979-01-03,4754,4754,Prefer not to say,Dutch
4755,1965-06-03,4755,4755,Prefer not to say,Thai
4756,1979-03-31,4756,4756,Male,Portuguese
4757,1995-09-12,4757,4757,Non-binary,Russian
4758,1961-07-15,4758,4758,Prefer not to say,German
4759,1985-08-05,4759,4759,Female,Italian
4760,1961-04-03,4760,4760,Non-binary,Vietnamese
4761,1962-12-20,4761,4761,Female,Polish
4762,1983-03-25,4762,4762,Male,Vietnamese
4763,1978-08-06,4763,4763,Male,Swedish
4764,1989-09-23,4764,4764,Prefer not to say,Dutch
4765,1961-10-11,4765,4765,Female,English
4766,1981-01-08,4766,4766,Female,Spanish
4767,1983-11-05,4767,4767,Male,Greek
4768,1979-06-02,4768,4768,Non-binary,Greek
4769,1981-05-15,4769,4769,Male,Italian
4770,1964-07-23,4770,4770,Male,Dutch
4771,1996-02-05,4771,4771,Non-binary,German
4772,1998-12-06,4772,4772,Non-binary,French
4773,2000-09-03,4773,4773,Female,Vietnamese
4774,1981-04-30,4774,4774,Prefer not to say,Turkish
4775,1985-07-12,4775,4775,Prefer not to say,German
4776,1987-01-17,4776,4776,Non-binary,Korean
4777,1992-11-05,4777,4777,Prefer not to say,Greek
4778,1995-04-28,4778,4778,Female,Turkish
4779,1980-07-17,4779,4779,Non-binary,Turkish
4780,1989-06-30,4780,4780,Male,Turkish
4781,1997-10-18,4781,4781,Female,Japanese
4782,1995-07-08,4782,4782,Female,Mandarin
4783,1976-07-14,4783,4783,Non-binary,Japanese
4784,1998-06-11,4784,4784,Prefer not to say,Portuguese
4785,1970-08-02,4785,4785,Female,English
4786,1992-01-11,4786,4786,Prefer not to say,Vietnamese
4787,1994-12-29,4787,4787,Male,French
4788,1983-09-02,4788,4788,Prefer not to say,Romanian
4789,1995-03-07,4789,4789,Male,Italian
4790,1971-03-22,4790,4790,Male,Dutch
4791,1986-09-01,4791,4791,Female,Turkish
4792,1979-10-16,4792,4792,Prefer not to say,Hindi
4793,1987-01-21,4793,4793,Non-binary,Greek
4794,1975-11-13,4794,4794,Non-binary,Arabic
4795,1980-02-02,4795,4795,Male,Thai
4796,1968-01-01,4796,4796,Prefer not to say,Mandarin
4797,1994-09-05,4797,4797,Male,French
4798,1961-07-17,4798,4798,Non-binary,Swedish
4799,1984-04-09,4799,4799,Non-binary,Polish
4800,1973-10-10,4800,4800,Male,Greek
4801,1965-12-25,4801,4801,Male,Japanese
4802,1969-05-20,4802,4802,Prefer not to say,Spanish
4803,1976-09-20,4803,4803,Prefer not to say,Portuguese
4804,1961-04-14,4804,4804,Male,Romanian
4805,1983-10-03,4805,4805,Male,Romanian
4806,1964-08-26,4806,4806,Prefer not to say,Romanian
4807,1980-03-30,4807,4807,Prefer not to say,Mandarin
4808,1986-02-10,4808,4808,Male,Swedish
4809,1975-03-01,4809,4809,Prefer not to say,Japanese
4810,1996-02-07,4810,4810,Prefer not to say,Swedish
4811,1998-07-22,4811,4811,Prefer not to say,Arabic
4812,1992-09-24,4812,4812,Prefer not to say,Spanish
4813,1992-04-24,4813,4813,Non-binary,Polish
4814,1980-08-27,4814,4814,Prefer not to say,French
4815,1975-03-09,4815,4815,Non-binary,Hindi
4816,1978-01-27,4816,4816,Prefer not to say,Spanish
4817,1982-12-07,4817,4817,Male,Polish
4818,1997-07-10,4818,4818,Male,Swedish
4819,1989-08-15,4819,4819,Non-binary,Japanese
4820,1973-04-19,4820,4820,Prefer not to say,Thai
4821,1962-12-25,4821,4821,Female,Polish
4822,1962-02-24,4822,4822,Prefer not to say,Korean
4823,1967-09-04,4823,4823,Prefer not to say,English
4824,1989-06-17,4824,4824,Male,Thai
4825,1967-05-18,4825,4825,Non-binary,Thai
4826,1986-02-07,4826,4826,Male,Polish
4827,1979-10-19,4827,4827,Female,Polish
4828,1981-05-21,4828,4828,Female,Italian
4829,1977-08-03,4829,4829,Non-binary,English
4830,1978-06-14,4830,4830,Non-binary,Turkish
4831,1979-03-23,4831,4831,Male,Vietnamese
4832,1987-02-03,4832,4832,Non-binary,Dutch
4833,1984-07-07,4833,4833,Female,Turkish
4834,1980-05-03,4834,4834,Prefer not to say,Korean
4835,1990-10-01,4835,4835,Prefer not to say,German
4836,1979-02-21,4836,4836,Prefer not to say,Thai
4837,1960-05-01,4837,4837,Male,Polish
4838,1986-05-06,4838,4838,Female,Swedish
4839,1986-05-08,4839,4839,Female,Thai
4840,1986-01-21,4840,4840,Non-binary,Dutch
4841,1985-01-07,4841,4841,Non-binary,Mandarin
4842,1989-01-09,4842,4842,Non-binary,Greek
4843,1995-03-19,4843,4843,Prefer not to say,Turkish
4844,1990-01-10,4844,4844,Female,Turkish
4845,1997-09-13,4845,4845,Non-binary,Dutch
4846,1980-09-25,4846,4846,Non-binary,Italian
4847,1988-05-12,4847,4847,Prefer not to say,Italian
4848,1987-04-25,4848,4848,Male,Vietnamese
4849,1972-08-09,4849,4849,Non-binary,Italian
4850,1997-02-17,4850,4850,Female,Spanish
4851,1982-07-31,4851,4851,Male,Vietnamese
4852,1994-12-12,4852,4852,Male,Thai
4853,1990-03-18,4853,4853,Male,English
4854,1975-11-11,4854,4854,Female,Greek
4855,1972-05-27,4855,4855,Female,Dutch
4856,1977-04-05,4856,4856,Non-binary,French
4857,1978-10-16,4857,4857,Prefer not to say,Japanese
4858,1963-06-21,4858,4858,Female,Arabic
4859,2000-10-31,4859,4859,Prefer not to say,Polish
4860,1979-01-14,4860,4860,Non-binary,Arabic
4861,1986-06-14,4861,4861,Male,Japanese
4862,1973-05-05,4862,4862,Male,German
4863,1975-11-11,4863,4863,Prefer not to say,Hindi
4864,1991-12-13,4864,4864,Prefer not to say,Turkish
4865,1980-04-05,4865,4865,Non-binary,Russian
4866,1975-12-22,4866,4866,Non-binary,Mandarin
4867,1962-09-23,4867,4867,Male,Japanese
4868,1964-10-08,4868,4868,Prefer not to say,Hindi
4869,1968-01-18,4869,4869,Female,Dutch
4870,1973-07-20,4870,4870,Male,Romanian
4871,1985-03-12,4871,4871,Prefer not to say,English
4872,1982-08-30,4872,4872,Non-binary,Turkish
4873,1961-02-13,4873,4873,Prefer not to say,Polish
4874,1961-11-15,4874,4874,Prefer not to say,Spanish
4875,1963-04-07,4875,4875,Non-binary,French
4876,1975-12-21,4876,4876,Prefer not to say,Thai
4877,1970-07-27,4877,4877,Non-binary,French
4878,1972-03-04,4878,4878,Non-binary,Portuguese
4879,1963-03-31,4879,4879,Prefer not to say,Spanish
4880,1987-10-24,4880,4880,Prefer not to say,Greek
4881,1970-02-10,4881,4881,Female,German
4882,1987-05-06,4882,4882,Prefer not to say,Portuguese
4883,1973-11-02,4883,4883,Prefer not to say,Russian
4884,1995-05-30,4884,4884,Female,Swedish
4885,1987-01-09,4885,4885,Female,Russian
4886,1976-08-26,4886,4886,Non-binary,Vietnamese
4887,1993-01-08,4887,4887,Prefer not to say,Dutch
4888,1987-04-01,4888,4888,Non-binary,Russian
4889,1960-06-08,4889,4889,Prefer not to say,Korean
4890,1994-06-25,4890,4890,Non-binary,Dutch
4891,1995-06-26,4891,4891,Male,Portuguese
4892,1986-08-31,4892,4892,Female,Vietnamese
4893,1981-10-20,4893,4893,Prefer not to say,Romanian
4894,1960-07-05,4894,4894,Prefer not to say,French
4895,1966-03-30,4895,4895,Female,Spanish
4896,1996-07-09,4896,4896,Male,Portuguese
4897,1968-09-23,4897,4897,Female,Hindi
4898,1960-05-18,4898,4898,Female,Polish
4899,1977-11-24,4899,4899,Male,Portuguese
4900,1999-11-30,4900,4900,Prefer not to say,Mandarin
4901,1977-09-23,4901,4901,Prefer not to say,Turkish
4902,1984-12-01,4902,4902,Female,Vietnamese
4903,1989-12-21,4903,4903,Non-binary,Arabic
4904,1976-12-12,4904,4904,Prefer not to say,Greek
4905,1972-12-12,4905,4905,Non-binary,Swedish
4906,1991-03-19,4906,4906,Male,Portuguese
4907,1991-09-22,4907,4907,Male,Dutch
4908,1996-01-14,4908,4908,Prefer not to say,German
4909,1994-08-08,4909,4909,Non-binary,German
4910,1996-08-17,4910,4910,Female,Hindi
4911,1997-06-22,4911,4911,Non-binary,French
4912,1974-02-06,4912,4912,Prefer not to say,Japanese
4913,1983-02-03,4913,4913,Female,Korean
4914,1975-10-01,4914,4914,Male,Spanish
4915,1967-09-09,4915,4915,Prefer not to say,Korean
4916,1980-12-15,4916,4916,Female,Korean
4917,1983-11-03,4917,4917,Male,Korean
4918,1978-09-22,4918,4918,Female,German
4919,1992-07-29,4919,4919,Female,Vietnamese
4920,1998-01-10,4920,4920,Male,Thai
4921,1992-11-04,4921,4921,Female,French
4922,1993-03-03,4922,4922,Male,Italian
4923,1973-05-20,4923,4923,Female,English
4924,1989-08-26,4924,4924,Prefer not to say,Arabic
4925,1962-08-30,4925,4925,Non-binary,Thai
4926,1988-04-17,4926,4926,Male,Mandarin
4927,1991-01-17,4927,4927,Male,Mandarin
4928,1990-06-20,4928,4928,Prefer not to say,English
4929,1968-08-01,4929,4929,Male,Greek
4930,1976-09-05,4930,4930,Female,Polish
4931,1981-11-13,4931,4931,Female,Arabic
4932,1988-01-14,4932,4932,Male,Portuguese
4933,1973-04-29,4933,4933,Non-binary,Vietnamese
4934,1993-02-10,4934,4934,Male,German
4935,1965-10-17,4935,4935,Non-binary,Portuguese
4936,1971-02-16,4936,4936,Prefer not to say,English
4937,1981-09-17,4937,4937,Prefer not to say,Greek
4938,1986-06-24,4938,4938,Non-binary,Italian
4939,1988-07-11,4939,4939,Male,Swedish
4940,1968-01-17,4940,4940,Male,Romanian
4941,1978-08-07,4941,4941,Non-binary,Polish
4942,1997-02-06,4942,4942,Non-binary,Vietnamese
4943,1984-08-26,4943,4943,Prefer not to say,Korean
4944,1995-09-14,4944,4944,Male,Korean
4945,1963-03-05,4945,4945,Prefer not to say,English
4946,1972-10-09,4946,4946,Non-binary,Hindi
4947,1998-01-02,4947,4947,Female,Mandarin
4948,1976-11-26,4948,4948,Non-binary,Hindi
4949,1973-04-13,4949,4949,Non-binary,Italian
4950,1987-06-26,4950,4950,Female,Thai
4951,1996-09-05,4951,4951,Male,Vietnamese
4952,1967-06-03,4952,4952,Female,Hindi
4953,1999-12-25,4953,4953,Prefer not to say,English
4954,1980-03-06,4954,4954,Prefer not to say,Turkish
4955,1963-02-28,4955,4955,Female,Swedish
4956,1964-02-06,4956,4956,Female,Korean
4957,1989-03-01,4957,4957,Non-binary,Romanian
4958,1960-05-25,4958,4958,Male,Korean
4959,1993-12-27,4959,4959,Prefer not to say,Swedish
4960,1981-05-04,4960,4960,Prefer not to say,Russian
4961,1985-12-21,4961,4961,Female,Korean
4962,1979-08-15,4962,4962,Female,English
4963,1961-11-02,4963,4963,Male,Vietnamese
4964,1978-09-25,4964,4964,Prefer not to say,Greek
4965,1989-10-14,4965,4965,Female,Swedish
4966,1984-02-25,4966,4966,Female,Russian
4967,1960-03-19,4967,4967,Prefer not to say,French
4968,2000-06-06,4968,4968,Prefer not to say,Dutch
4969,1970-06-10,4969,4969,Non-binary,Mandarin
4970,1967-04-18,4970,4970,Non-binary,Romanian
4971,1970-11-15,4971,4971,Prefer not to say,Greek
4972,1976-11-19,4972,4972,Prefer not to say,Arabic
4973,1970-12-27,4973,4973,Female,Italian
4974,1988-02-05,4974,4974,Female,Mandarin
4975,1986-03-30,4975,4975,Non-binary,Korean
4976,1961-04-03,4976,4976,Non-binary,French
4977,1983-07-28,4977,4977,Non-binary,Greek
4978,1979-11-28,4978,4978,Non-binary,Japanese
4979,1963-02-10,4979,4979,Female,French
4980,1974-06-06,4980,4980,Male,English
4981,1988-10-16,4981,4981,Male,Spanish
4982,1987-03-23,4982,4982,Prefer not to say,Romanian
4983,1973-03-30,4983,4983,Non-binary,Thai
4984,1984-07-30,4984,4984,Male,Italian
4985,1986-01-14,4985,4985,Male,Polish
4986,1976-10-27,4986,4986,Non-binary,Hindi
4987,1996-09-21,4987,4987,Non-binary,Polish
4988,1994-05-12,4988,4988,Prefer not to say,Spanish
4989,1996-12-04,4989,4989,Male,French
4990,1992-11-13,4990,4990,Prefer not to say,Dutch
4991,1999-09-02,4991,4991,Non-binary,Portuguese
4992,1974-03-18,4992,4992,Female,Russian
4993,1972-01-01,4993,4993,Male,Romanian
4994,1961-10-06,4994,4994,Non-binary,Korean
4995,1984-12-12,4995,4995,Male,Vietnamese
4996,1984-04-18,4996,4996,Prefer not to say,Swedish
4997,1961-09-14,4997,4997,Prefer not to say,Hindi
4998,1964-04-26,4998,4998,Male,Thai
4999,1974-03-16,4999,4999,Female,Arabic
5000,1985-01-16,5000,5000,Female,Greek
5001,1988-10-25,5001,5001,Male,Greek
5002,1976-02-06,5002,5002,Prefer not to say,Thai
5003,1962-08-14,5003,5003,Non-binary,Swedish
5004,1963-05-18,5004,5004,Non-binary,Russian
5005,1971-06-26,5005,5005,Non-binary,Arabic
5006,1983-02-07,5006,5006,Female,Dutch
5007,1992-01-14,5007,5007,Prefer not to say,Italian
5008,1979-08-01,5008,5008,Prefer not to say,Mandarin
5009,1968-12-27,5009,5009,Non-binary,French
5010,1975-03-27,5010,5010,Prefer not to say,Greek
5011,1984-06-03,5011,5011,Female,Mandarin
5012,1994-02-07,5012,5012,Female,Polish
5013,1991-11-29,5013,5013,Male,Italian
5014,1964-09-25,5014,5014,Non-binary,Italian
5015,1978-05-03,5015,5015,Male,German
5016,1972-06-12,5016,5016,Female,Greek
5017,1978-07-01,5017,5017,Female,Portuguese
5018,1971-10-30,5018,5018,Female,Thai
5019,1962-05-03,5019,5019,Male,Thai
5020,1993-08-19,5020,5020,Female,Mandarin
5021,1983-10-07,5021,5021,Prefer not to say,Romanian
5022,1988-06-15,5022,5022,Male,Polish
5023,1987-10-30,5023,5023,Prefer not to say,Japanese
5024,1990-05-08,5024,5024,Prefer not to say,Italian
5025,1960-04-27,5025,5025,Male,Thai
5026,1989-05-25,5026,5026,Non-binary,Portuguese
5027,1962-01-28,5027,5027,Non-binary,Arabic
5028,1971-04-10,5028,5028,Male,Hindi
5029,1984-02-17,5029,5029,Prefer not to say,Portuguese
5030,1989-07-11,5030,5030,Non-binary,Polish
5031,1971-04-28,5031,5031,Female,Hindi
5032,1978-05-12,5032,5032,Male,German
5033,1988-09-14,5033,5033,Male,Korean
5034,1963-08-22,5034,5034,Female,Vietnamese
5035,1999-11-23,5035,5035,Prefer not to say,Italian
5036,1995-11-05,5036,5036,Female,English
5037,1965-03-27,5037,5037,Non-binary,Italian
5038,1998-05-28,5038,5038,Prefer not to say,Polish
5039,1973-05-17,5039,5039,Prefer not to say,Romanian
5040,1976-11-23,5040,5040,Non-binary,Portuguese
5041,1998-08-27,5041,5041,Male,French
5042,1998-05-06,5042,5042,Prefer not to say,Mandarin
5043,1965-06-17,5043,5043,Female,Vietnamese
5044,1988-11-14,5044,5044,Female,Russian
5045,2000-04-21,5045,5045,Male,English
5046,1985-11-22,5046,5046,Female,Korean
5047,1968-03-13,5047,5047,Non-binary,Portuguese
5048,1975-10-12,5048,5048,Non-binary,German
5049,1989-04-29,5049,5049,Female,Turkish
5050,1960-06-14,5050,5050,Non-binary,Japanese
5051,1985-04-28,5051,5051,Non-binary,Hindi
5052,1978-09-06,5052,5052,Non-binary,Dutch
5053,1992-08-27,5053,5053,Female,Italian
5054,1989-10-07,5054,5054,Female,Vietnamese
5055,1969-09-26,5055,5055,Non-binary,Korean
5056,1981-09-26,5056,5056,Non-binary,Arabic
5057,1990-06-20,5057,5057,Prefer not to say,Swedish
5058,1972-10-12,5058,5058,Male,German
5059,1999-09-19,5059,5059,Non-binary,Hindi
5060,1968-05-19,5060,5060,Male,Spanish
5061,1997-11-21,5061,5061,Female,Romanian
5062,1971-12-22,5062,5062,Prefer not to say,Italian
5063,1990-08-05,5063,5063,Female,Russian
5064,1982-01-24,5064,5064,Male,Portuguese
5065,1978-12-29,5065,5065,Prefer not to say,Mandarin
5066,2000-02-27,5066,5066,Female,Greek
5067,1968-04-08,5067,5067,Prefer not to say,Japanese
5068,1998-02-28,5068,5068,Female,Japanese
5069,1989-05-26,5069,5069,Prefer not to say,Korean
5070,1974-02-08,5070,5070,Prefer not to say,Japanese
5071,1981-02-08,5071,5071,Prefer not to say,Russian
5072,1998-05-12,5072,5072,Male,Romanian
5073,1984-03-22,5073,5073,Female,Vietnamese
5074,1983-10-17,5074,5074,Female,Korean
5075,1990-04-02,5075,5075,Prefer not to say,Italian
5076,1961-01-30,5076,5076,Non-binary,French
5077,1996-06-26,5077,5077,Non-binary,Turkish
5078,1963-01-15,5078,5078,Non-binary,Arabic
5079,1973-06-29,5079,5079,Non-binary,Romanian
5080,1967-02-15,5080,5080,Female,Spanish
5081,1994-10-01,5081,5081,Prefer not to say,German
5082,1996-07-16,5082,5082,Non-binary,English
5083,1981-09-07,5083,5083,Female,Polish
5084,1979-02-15,5084,5084,Male,Vietnamese
5085,1967-06-20,5085,5085,Female,Swedish
5086,1975-02-02,5086,5086,Non-binary,Italian
5087,1962-03-22,5087,5087,Prefer not to say,Thai
5088,1963-07-24,5088,5088,Female,Polish
5089,1989-12-26,5089,5089,Prefer not to say,Italian
5090,1977-10-17,5090,5090,Non-binary,English
5091,2000-03-18,5091,5091,Male,Dutch
5092,1966-03-04,5092,5092,Female,Swedish
5093,1986-12-27,5093,5093,Female,Dutch
5094,1969-09-03,5094,5094,Prefer not to say,Polish
5095,1994-11-29,5095,5095,Male,Korean
5096,1975-08-28,5096,5096,Male,Japanese
5097,1980-06-15,5097,5097,Male,Arabic
5098,1968-04-09,5098,5098,Prefer not to say,Romanian
5099,1982-01-19,5099,5099,Prefer not to say,Russian
5100,1974-03-19,5100,5100,Female,Vietnamese
5101,1987-11-24,5101,5101,Non-binary,Vietnamese
5102,1966-03-06,5102,5102,Female,Greek
5103,1994-10-29,5103,5103,Female,English
5104,1980-10-06,5104,5104,Male,Russian
5105,1971-03-18,5105,5105,Prefer not to say,Polish
5106,1989-10-25,5106,5106,Prefer not to say,Vietnamese
5107,1962-03-17,5107,5107,Male,Korean
5108,1983-05-31,5108,5108,Female,Thai
5109,1992-08-16,5109,5109,Male,Dutch
5110,1976-11-17,5110,5110,Male,Hindi
5111,1984-12-17,5111,5111,Male,Italian
5112,1966-11-30,5112,5112,Prefer not to say,Korean
5113,1989-08-16,5113,5113,Prefer not to say,Arabic
5114,1995-10-24,5114,5114,Male,Russian
5115,1982-06-08,5115,5115,Non-binary,Swedish
5116,1977-01-16,5116,5116,Non-binary,English
5117,1999-05-28,5117,5117,Male,Korean
5118,1969-06-04,5118,5118,Female,Mandarin
5119,1980-10-04,5119,5119,Prefer not to say,Vietnamese
5120,1974-10-07,5120,5120,Male,Turkish
5121,1967-03-26,5121,5121,Non-binary,Vietnamese
5122,1971-11-07,5122,5122,Male,Turkish
5123,1983-03-08,5123,5123,Female,German
5124,1999-02-16,5124,5124,Male,Korean
5125,1967-02-28,5125,5125,Female,Mandarin
5126,1969-06-23,5126,5126,Male,Korean
5127,1993-04-22,5127,5127,Prefer not to say,Swedish
5128,1981-10-14,5128,5128,Prefer not to say,Hindi
5129,1970-10-17,5129,5129,Non-binary,Spanish
5130,1990-10-03,5130,5130,Prefer not to say,German
5131,1976-07-08,5131,5131,Male,Japanese
5132,1970-07-06,5132,5132,Male,Russian
5133,1997-10-03,5133,5133,Male,Italian
5134,1991-11-30,5134,5134,Male,Greek
5135,1994-08-31,5135,5135,Non-binary,Italian
5136,1960-02-22,5136,5136,Female,Spanish
5137,1967-09-11,5137,5137,Female,Mandarin
5138,1971-07-14,5138,5138,Non-binary,Thai
5139,1960-11-28,5139,5139,Non-binary,Polish
5140,1986-09-28,5140,5140,Female,Thai
5141,1998-04-18,5141,5141,Female,Japanese
5142,1996-05-03,5142,5142,Non-binary,Mandarin
5143,1991-04-16,5143,5143,Prefer not to say,Vietnamese
5144,1964-12-03,5144,5144,Female,Polish
5145,1963-10-16,5145,5145,Non-binary,Polish
5146,2000-10-08,5146,5146,Male,Vietnamese
5147,1962-06-15,5147,5147,Prefer not to say,English
5148,1996-07-25,5148,5148,Non-binary,Japanese
5149,1961-02-05,5149,5149,Female,Japanese
5150,1999-05-13,5150,5150,Male,Portuguese
5151,1988-07-24,5151,5151,Non-binary,Dutch
5152,1990-09-02,5152,5152,Female,Hindi
5153,1997-01-28,5153,5153,Non-binary,Korean
5154,1978-05-24,5154,5154,Female,Spanish
5155,1971-06-10,5155,5155,Female,Spanish
5156,1996-10-29,5156,5156,Prefer not to say,Greek
5157,1993-05-13,5157,5157,Female,Russian
5158,1992-03-23,5158,5158,Male,Italian
5159,1973-06-15,5159,5159,Male,French
5160,1969-11-06,5160,5160,Non-binary,German
5161,1961-02-18,5161,5161,Prefer not to say,Greek
5162,1962-04-12,5162,5162,Non-binary,French
5163,1991-04-26,5163,5163,Non-binary,Italian
5164,1990-07-03,5164,5164,Male,French
5165,1990-08-29,5165,5165,Prefer not to say,Greek
5166,1967-05-05,5166,5166,Prefer not to say,English
5167,1969-03-31,5167,5167,Female,Swedish
5168,1996-10-26,5168,5168,Non-binary,Arabic
5169,1960-11-09,5169,5169,Prefer not to say,Turkish
5170,1982-11-19,5170,5170,Prefer not to say,Hindi
5171,1977-03-01,5171,5171,Female,Thai
5172,1963-04-17,5172,5172,Female,Swedish
5173,1982-06-14,5173,5173,Prefer not to say,Hindi
5174,1969-11-24,5174,5174,Female,Korean
5175,1990-10-18,5175,5175,Female,Vietnamese
5176,1961-05-24,5176,5176,Female,Swedish
5177,1997-04-20,5177,5177,Prefer not to say,Turkish
5178,1969-04-21,5178,5178,Male,Mandarin
5179,2000-12-01,5179,5179,Male,Swedish
5180,1977-01-30,5180,5180,Prefer not to say,French
5181,1984-06-15,5181,5181,Female,English
5182,1999-07-17,5182,5182,Non-binary,Spanish
5183,1986-04-13,5183,5183,Female,Mandarin
5184,1986-11-26,5184,5184,Male,Spanish
5185,1963-07-20,5185,5185,Prefer not to say,Vietnamese
5186,1994-04-29,5186,5186,Female,Dutch
5187,1974-02-19,5187,5187,Prefer not to say,Portuguese
5188,1973-05-29,5188,5188,Prefer not to say,German
5189,2000-02-25,5189,5189,Male,Vietnamese
5190,1981-06-22,5190,5190,Non-binary,Swedish
5191,1993-02-20,5191,5191,Male,Thai
5192,1986-05-14,5192,5192,Female,Swedish
5193,1993-03-30,5193,5193,Prefer not to say,Portuguese
5194,1982-01-17,5194,5194,Prefer not to say,Mandarin
5195,1965-04-28,5195,5195,Non-binary,Vietnamese
5196,1983-09-21,5196,5196,Non-binary,Spanish
5197,1968-01-19,5197,5197,Female,Arabic
5198,1968-09-25,5198,5198,Male,Japanese
5199,1985-03-27,5199,5199,Non-binary,Hindi
5200,1964-12-09,5200,5200,Male,Russian
5201,1994-12-22,5201,5201,Prefer not to say,Polish
5202,1963-05-18,5202,5202,Male,Spanish
5203,1973-06-11,5203,5203,Female,Arabic
5204,1982-03-11,5204,5204,Prefer not to say,Japanese
5205,1985-02-25,5205,5205,Non-binary,Hindi
5206,1966-08-19,5206,5206,Prefer not to say,Turkish
5207,1966-05-20,5207,5207,Prefer not to say,Italian
5208,1996-12-05,5208,5208,Female,Russian
5209,1967-11-30,5209,5209,Prefer not to say,Italian
5210,1991-06-13,5210,5210,Male,Spanish
5211,1975-09-17,5211,5211,Non-binary,English
5212,1977-10-11,5212,5212,Prefer not to say,Arabic
5213,1962-01-27,5213,5213,Female,French
5214,1961-08-11,5214,5214,Prefer not to say,Dutch
5215,1996-09-17,5215,5215,Male,Hindi
5216,1975-12-21,5216,5216,Male,Japanese
5217,1999-11-13,5217,5217,Male,Dutch
5218,1970-06-22,5218,5218,Male,Hindi
5219,1966-06-15,5219,5219,Female,Thai
5220,1972-10-26,5220,5220,Prefer not to say,Romanian
5221,1976-04-18,5221,5221,Male,Arabic
5222,1996-12-24,5222,5222,Male,Vietnamese
5223,1991-01-15,5223,5223,Male,Arabic
5224,1975-07-22,5224,5224,Prefer not to say,Romanian
5225,1992-03-10,5225,5225,Female,Romanian
5226,1989-04-02,5226,5226,Female,Polish
5227,1969-09-16,5227,5227,Female,Russian
5228,1982-07-30,5228,5228,Prefer not to say,Swedish
5229,1989-01-07,5229,5229,Non-binary,French
5230,1960-01-30,5230,5230,Non-binary,Russian
5231,1981-02-06,5231,5231,Prefer not to say,Spanish
5232,1972-04-05,5232,5232,Prefer not to say,Portuguese
5233,1989-08-15,5233,5233,Female,English
5234,1964-02-29,5234,5234,Non-binary,German
5235,2000-01-08,5235,5235,Female,Greek
5236,1984-12-18,5236,5236,Female,Swedish
5237,1977-10-14,5237,5237,Non-binary,Korean
5238,1974-05-29,5238,5238,Male,Polish
5239,1996-03-27,5239,5239,Non-binary,Polish
5240,1978-04-19,5240,5240,Non-binary,Hindi
5241,1969-09-17,5241,5241,Male,Vietnamese
5242,1982-04-22,5242,5242,Prefer not to say,German
5243,1998-02-14,5243,5243,Prefer not to say,Portuguese
5244,1975-02-16,5244,5244,Male,Spanish
5245,1993-08-11,5245,5245,Male,Dutch
5246,1993-08-13,5246,5246,Male,Korean
5247,2000-06-02,5247,5247,Male,Italian
5248,1998-12-19,5248,5248,Prefer not to say,Swedish
5249,1989-10-10,5249,5249,Male,Arabic
5250,1988-12-18,5250,5250,Prefer not to say,Thai
5251,1987-08-21,5251,5251,Male,French
5252,1971-09-01,5252,5252,Prefer not to say,Mandarin
5253,1993-05-05,5253,5253,Prefer not to say,Greek
5254,1972-09-11,5254,5254,Prefer not to say,Mandarin
5255,1991-09-10,5255,5255,Female,Korean
5256,1984-10-21,5256,5256,Prefer not to say,Korean
5257,1979-11-04,5257,5257,Prefer not to say,Thai
5258,1962-07-18,5258,5258,Female,Swedish
5259,1993-09-26,5259,5259,Prefer not to say,Italian
5260,1987-09-15,5260,5260,Non-binary,Thai
5261,1987-04-03,5261,5261,Non-binary,German
5262,1976-08-12,5262,5262,Female,Thai
5263,1994-12-04,5263,5263,Prefer not to say,Greek
5264,1979-03-20,5264,5264,Female,English
5265,2000-04-02,5265,5265,Female,French
5266,1968-10-17,5266,5266,Prefer not to say,English
5267,1961-01-21,5267,5267,Male,Arabic
5268,1993-04-20,5268,5268,Prefer not to say,Mandarin
5269,1990-08-07,5269,5269,Male,Polish
5270,1961-05-18,5270,5270,Non-binary,Spanish
5271,1994-03-08,5271,5271,Female,Turkish
5272,1995-08-25,5272,5272,Prefer not to say,Hindi
5273,1992-08-04,5273,5273,Non-binary,Arabic
5274,1984-11-11,5274,5274,Male,Italian
5275,1991-03-24,5275,5275,Male,Russian
5276,1996-06-03,5276,5276,Prefer not to say,Korean
5277,1993-08-24,5277,5277,Non-binary,Mandarin
5278,1998-05-10,5278,5278,Prefer not to say,Russian
5279,1986-06-25,5279,5279,Prefer not to say,French
5280,1973-11-05,5280,5280,Female,Russian
5281,1974-07-26,5281,5281,Male,Polish
5282,1995-04-06,5282,5282,Non-binary,English
5283,1996-11-19,5283,5283,Female,Spanish
5284,1980-06-14,5284,5284,Female,Hindi
5285,1968-07-12,5285,5285,Prefer not to say,Greek
5286,1979-06-17,5286,5286,Prefer not to say,Greek
5287,1975-02-11,5287,5287,Non-binary,Turkish
5288,1988-10-31,5288,5288,Non-binary,Vietnamese
5289,1987-04-08,5289,5289,Non-binary,German
5290,1978-11-07,5290,5290,Non-binary,Italian
5291,1995-08-21,5291,5291,Non-binary,Russian
5292,1960-01-20,5292,5292,Non-binary,Russian
5293,1974-06-11,5293,5293,Male,Romanian
5294,1981-04-19,5294,5294,Prefer not to say,Hindi
5295,1990-03-09,5295,5295,Male,Korean
5296,1985-08-23,5296,5296,Male,Portuguese
5297,1988-01-30,5297,5297,Female,Romanian
5298,1965-05-10,5298,5298,Non-binary,Portuguese
5299,1960-07-06,5299,5299,Prefer not to say,Arabic
5300,1960-03-14,5300,5300,Female,Russian
5301,1980-03-13,5301,5301,Female,Spanish
5302,1983-10-13,5302,5302,Prefer not to say,Greek
5303,1969-11-08,5303,5303,Female,Hindi
5304,1967-07-12,5304,5304,Male,Korean
5305,1977-04-03,5305,5305,Female,Portuguese
5306,1964-07-22,5306,5306,Non-binary,Russian
5307,1998-05-17,5307,5307,Male,Vietnamese
5308,1967-09-03,5308,5308,Male,Spanish
5309,1989-04-13,5309,5309,Male,Hindi
5310,1990-11-26,5310,5310,Female,Russian
5311,1996-06-05,5311,5311,Non-binary,Dutch
5312,1992-02-14,5312,5312,Male,Swedish
5313,1965-12-08,5313,5313,Non-binary,Turkish
5314,1963-06-05,5314,5314,Prefer not to say,French
5315,1992-04-22,5315,5315,Prefer not to say,Thai
5316,1984-08-18,5316,5316,Male,Polish
5317,1964-08-20,5317,5317,Prefer not to say,Turkish
5318,1997-04-24,5318,5318,Male,Mandarin
5319,1972-08-03,5319,5319,Male,Portuguese
5320,1988-05-28,5320,5320,Female,Dutch
5321,1990-09-07,5321,5321,Female,French
5322,1966-06-13,5322,5322,Prefer not to say,Turkish
5323,1991-07-31,5323,5323,Male,Dutch
5324,1991-07-07,5324,5324,Female,German
5325,2000-10-09,5325,5325,Non-binary,Mandarin
5326,1998-07-28,5326,5326,Female,Korean
5327,2000-11-24,5327,5327,Female,Polish
5328,1980-04-16,5328,5328,Female,Japanese
5329,1986-04-02,5329,5329,Non-binary,Romanian
5330,1972-10-18,5330,5330,Non-binary,Japanese
5331,1977-12-09,5331,5331,Female,Turkish
5332,1976-09-30,5332,5332,Prefer not to say,Vietnamese
5333,1969-01-20,5333,5333,Male,Spanish
5334,1993-04-02,5334,5334,Non-binary,French
5335,1988-03-13,5335,5335,Male,Greek
5336,1980-07-10,5336,5336,Female,Thai
5337,1964-03-30,5337,5337,Prefer not to say,German
5338,1964-08-21,5338,5338,Male,Hindi
5339,1989-04-28,5339,5339,Male,English
5340,1997-04-25,5340,5340,Prefer not to say,Polish
5341,1997-10-04,5341,5341,Female,Vietnamese
5342,1979-05-26,5342,5342,Female,Turkish
5343,1983-11-28,5343,5343,Female,Greek
5344,1981-11-10,5344,5344,Female,Vietnamese
5345,1962-04-10,5345,5345,Male,Portuguese
5346,1964-08-05,5346,5346,Non-binary,German
5347,1972-10-17,5347,5347,Female,Portuguese
5348,1979-05-28,5348,5348,Male,Korean
5349,1995-06-08,5349,5349,Female,Hindi
5350,1965-12-05,5350,5350,Prefer not to say,English
5351,1983-07-05,5351,5351,Non-binary,French
5352,1982-07-02,5352,5352,Non-binary,Hindi
5353,1979-10-22,5353,5353,Non-binary,Spanish
5354,1994-12-29,5354,5354,Non-binary,Turkish
5355,1960-10-23,5355,5355,Male,English
5356,1968-01-19,5356,5356,Male,Vietnamese
5357,1988-03-10,5357,5357,Non-binary,Portuguese
5358,1971-05-29,5358,5358,Male,Mandarin
5359,1990-05-16,5359,5359,Male,Romanian
5360,1991-06-11,5360,5360,Prefer not to say,Arabic
5361,1966-10-14,5361,5361,Prefer not to say,Korean
5362,1990-03-10,5362,5362,Non-binary,Korean
5363,1982-10-15,5363,5363,Male,German
5364,1974-06-22,5364,5364,Non-binary,Arabic
5365,1964-03-13,5365,5365,Prefer not to say,Italian
5366,1989-01-04,5366,5366,Prefer not to say,Korean
5367,1995-12-23,5367,5367,Male,English
5368,1974-09-05,5368,5368,Female,Swedish
5369,1977-01-26,5369,5369,Male,German
5370,1983-01-03,5370,5370,Female,Thai
5371,1985-12-13,5371,5371,Non-binary,French
5372,1971-11-19,5372,5372,Non-binary,French
5373,1978-08-12,5373,5373,Prefer not to say,German
5374,1989-02-04,5374,5374,Prefer not to say,German
5375,1967-01-31,5375,5375,Male,German
5376,1984-01-23,5376,5376,Male,Japanese
5377,1980-07-12,5377,5377,Male,Thai
5378,1998-10-07,5378,5378,Female,Mandarin
5379,1960-09-23,5379,5379,Male,French
5380,1965-04-12,5380,5380,Male,Arabic
5381,2000-09-18,5381,5381,Female,Hindi
5382,1961-07-15,5382,5382,Non-binary,German
5383,1989-08-29,5383,5383,Non-binary,Portuguese
5384,1962-06-18,5384,5384,Prefer not to say,Hindi
5385,1972-04-17,5385,5385,Female,Italian
5386,1995-10-01,5386,5386,Male,Romanian
5387,1985-09-19,5387,5387,Female,Portuguese
5388,1982-10-26,5388,5388,Female,Korean
5389,1971-05-17,5389,5389,Prefer not to say,Spanish
5390,1985-11-22,5390,5390,Non-binary,Spanish
5391,1995-08-20,5391,5391,Non-binary,Japanese
5392,1974-11-26,5392,5392,Non-binary,French
5393,1988-08-22,5393,5393,Prefer not to say,French
5394,1968-03-14,5394,5394,Female,Turkish
5395,1991-01-11,5395,5395,Male,Vietnamese
5396,1988-09-12,5396,5396,Male,Portuguese
5397,1961-11-30,5397,5397,Male,Korean
5398,2000-04-17,5398,5398,Female,English
5399,1986-08-15,5399,5399,Prefer not to say,Italian
5400,1971-05-22,5400,5400,Male,Swedish
5401,1971-12-17,5401,5401,Female,Russian
5402,1981-07-18,5402,5402,Prefer not to say,Hindi
5403,1976-03-04,5403,5403,Female,Swedish
5404,1999-06-03,5404,5404,Female,Polish
5405,1995-01-17,5405,5405,Non-binary,Swedish
5406,1994-03-29,5406,5406,Non-binary,German
5407,1964-12-11,5407,5407,Prefer not to say,Russian
5408,1982-05-19,5408,5408,Non-binary,Swedish
5409,1974-04-03,5409,5409,Non-binary,Romanian
5410,1963-07-11,5410,5410,Male,Dutch
5411,1965-03-26,5411,5411,Prefer not to say,Vietnamese
5412,1980-12-15,5412,5412,Non-binary,Hindi
5413,1963-08-12,5413,5413,Male,Spanish
5414,1977-09-21,5414,5414,Female,Polish
5415,1991-06-20,5415,5415,Prefer not to say,Korean
5416,1980-11-18,5416,5416,Non-binary,Portuguese
5417,1997-01-28,5417,5417,Non-binary,Romanian
5418,1991-05-13,5418,5418,Male,Hindi
5419,1991-10-14,5419,5419,Female,Mandarin
5420,1993-01-18,5420,5420,Male,Mandarin
5421,1968-12-15,5421,5421,Female,Turkish
5422,1988-05-13,5422,5422,Prefer not to say,Greek
5423,1994-12-26,5423,5423,Male,Greek
5424,1986-07-18,5424,5424,Non-binary,German
5425,1979-09-09,5425,5425,Male,Portuguese
5426,1975-01-14,5426,5426,Prefer not to say,Mandarin
5427,1961-01-16,5427,5427,Prefer not to say,Mandarin
5428,1987-03-01,5428,5428,Prefer not to say,Mandarin
5429,1960-07-11,5429,5429,Non-binary,Spanish
5430,1960-01-01,5430,5430,Prefer not to say,Polish
5431,1976-11-27,5431,5431,Non-binary,Romanian
5432,1992-03-29,5432,5432,Prefer not to say,Mandarin
5433,1979-04-30,5433,5433,Non-binary,Swedish
5434,1960-10-22,5434,5434,Non-binary,Dutch
5435,1982-11-04,5435,5435,Prefer not to say,German
5436,1985-03-22,5436,5436,Male,Dutch
5437,1983-01-25,5437,5437,Female,Vietnamese
5438,1972-12-13,5438,5438,Female,Italian
5439,1984-05-07,5439,5439,Prefer not to say,Russian
5440,1960-01-13,5440,5440,Male,Italian
5441,1996-05-11,5441,5441,Male,Thai
5442,1971-05-24,5442,5442,Female,Italian
5443,1996-04-08,5443,5443,Male,Spanish
5444,1973-01-14,5444,5444,Prefer not to say,Turkish
5445,1992-07-07,5445,5445,Prefer not to say,Spanish
5446,1975-08-21,5446,5446,Male,Greek
5447,1980-01-09,5447,5447,Non-binary,Mandarin
5448,1994-05-17,5448,5448,Female,Italian
5449,1966-07-27,5449,5449,Prefer not to say,Spanish
5450,1988-05-15,5450,5450,Prefer not to say,Portuguese
5451,1991-10-28,5451,5451,Non-binary,Portuguese
5452,1969-10-02,5452,5452,Non-binary,English
5453,1998-07-15,5453,5453,Female,Romanian
5454,1986-05-16,5454,5454,Non-binary,Arabic
5455,1982-03-07,5455,5455,Male,Hindi
5456,1977-02-26,5456,5456,Female,English
5457,1995-01-09,5457,5457,Female,Russian
5458,1977-09-29,5458,5458,Male,Japanese
5459,1987-03-28,5459,5459,Prefer not to say,Dutch
5460,1961-10-01,5460,5460,Female,Korean
5461,1974-09-22,5461,5461,Non-binary,Russian
5462,1985-10-04,5462,5462,Prefer not to say,Dutch
5463,1981-12-26,5463,5463,Male,Vietnamese
5464,1960-07-05,5464,5464,Non-binary,Hindi
5465,1988-12-30,5465,5465,Female,Romanian
5466,1981-05-30,5466,5466,Prefer not to say,Spanish
5467,1980-11-05,5467,5467,Non-binary,Vietnamese
5468,1968-05-05,5468,5468,Prefer not to say,Greek
5469,1968-02-08,5469,5469,Female,Russian
5470,1981-03-19,5470,5470,Non-binary,Japanese
5471,1989-01-19,5471,5471,Male,Dutch
5472,1996-12-21,5472,5472,Non-binary,French
5473,1985-11-14,5473,5473,Prefer not to say,Swedish
5474,1972-03-18,5474,5474,Male,Japanese
5475,1985-09-25,5475,5475,Prefer not to say,Korean
5476,1979-11-12,5476,5476,Non-binary,French
5477,1980-06-10,5477,5477,Female,Dutch
5478,1977-06-23,5478,5478,Prefer not to say,Turkish
5479,1962-10-16,5479,5479,Female,Turkish
5480,1960-11-07,5480,5480,Female,Italian
5481,1996-09-14,5481,5481,Female,English
5482,1974-03-06,5482,5482,Non-binary,Polish
5483,2000-05-10,5483,5483,Non-binary,Swedish
5484,1963-05-11,5484,5484,Non-binary,Arabic
5485,1982-08-16,5485,5485,Male,Spanish
5486,1961-02-09,5486,5486,Prefer not to say,Russian
5487,1988-09-29,5487,5487,Male,Portuguese
5488,1974-06-22,5488,5488,Male,Hindi
5489,1976-07-08,5489,5489,Male,Italian
5490,1968-02-02,5490,5490,Prefer not to say,Spanish
5491,1962-06-11,5491,5491,Male,Hindi
5492,1987-07-22,5492,5492,Non-binary,Arabic
5493,1965-01-03,5493,5493,Non-binary,Arabic
5494,1963-12-01,5494,5494,Prefer not to say,French
5495,1967-06-19,5495,5495,Non-binary,Polish
5496,1994-09-28,5496,5496,Male,Arabic
5497,1994-07-19,5497,5497,Female,Portuguese
5498,1973-04-19,5498,5498,Female,Thai
5499,1963-06-29,5499,5499,Female,Greek
5500,1986-01-01,5500,5500,Male,Mandarin
5501,1974-03-01,5501,5501,Male,Mandarin
5502,1963-10-12,5502,5502,Male,Russian
5503,1975-08-24,5503,5503,Prefer not to say,Korean
5504,1977-06-05,5504,5504,Male,Vietnamese
5505,1985-06-12,5505,5505,Non-binary,Arabic
5506,1989-10-26,5506,5506,Prefer not to say,Japanese
5507,1998-10-30,5507,5507,Male,Dutch
5508,1981-01-04,5508,5508,Male,Thai
5509,1994-06-06,5509,5509,Female,Vietnamese
5510,1972-12-11,5510,5510,Prefer not to say,Thai
5511,1972-10-15,5511,5511,Female,Korean
5512,1969-07-11,5512,5512,Non-binary,Turkish
5513,2000-09-06,5513,5513,Prefer not to say,Vietnamese
5514,1981-01-16,5514,5514,Female,Romanian
5515,1992-08-02,5515,5515,Non-binary,German
5516,1994-03-18,5516,5516,Prefer not to say,Portuguese
5517,1998-06-04,5517,5517,Male,Greek
5518,1987-09-17,5518,5518,Non-binary,Arabic
5519,1967-12-17,5519,5519,Prefer not to say,Thai
5520,1993-11-05,5520,5520,Non-binary,Russian
5521,1967-07-24,5521,5521,Female,Japanese
5522,1965-11-10,5522,5522,Non-binary,Romanian
5523,1998-10-10,5523,5523,Non-binary,German
5524,1961-07-30,5524,5524,Prefer not to say,Romanian
5525,1966-01-01,5525,5525,Prefer not to say,English
5526,1966-10-24,5526,5526,Female,Russian
5527,1963-07-14,5527,5527,Prefer not to say,Swedish
5528,1990-06-10,5528,5528,Prefer not to say,Italian
5529,1991-05-05,5529,5529,Female,Hindi
5530,1997-10-09,5530,5530,Male,Turkish
5531,1978-01-29,5531,5531,Female,Polish
5532,1993-11-08,5532,5532,Prefer not to say,Mandarin
5533,1989-10-09,5533,5533,Male,Romanian
5534,1983-03-18,5534,5534,Female,Polish
5535,1992-02-11,5535,5535,Male,Turkish
5536,1966-12-26,5536,5536,Non-binary,Spanish
5537,1990-02-24,5537,5537,Male,Arabic
5538,1978-05-02,5538,5538,Female,Spanish
5539,1991-03-15,5539,5539,Prefer not to say,Turkish
5540,1962-07-18,5540,5540,Male,Russian
5541,1999-05-16,5541,5541,Male,Korean
5542,1963-03-01,5542,5542,Non-binary,French
5543,1963-11-02,5543,5543,Prefer not to say,Polish
5544,1983-07-24,5544,5544,Male,Korean
5545,1998-07-07,5545,5545,Non-binary,Dutch
5546,1961-04-26,5546,5546,Male,English
5547,1977-10-01,5547,5547,Female,German
5548,1978-01-15,5548,5548,Male,Italian
5549,1989-01-30,5549,5549,Male,Korean
5550,1996-12-22,5550,5550,Male,English
5551,1975-03-17,5551,5551,Non-binary,Swedish
5552,1973-02-20,5552,5552,Prefer not to say,Korean
5553,1988-12-24,5553,5553,Prefer not to say,Dutch
5554,1962-12-04,5554,5554,Non-binary,Portuguese
5555,1991-06-25,5555,5555,Prefer not to say,Mandarin
5556,1995-11-16,5556,5556,Female,Dutch
5557,1976-07-06,5557,5557,Male,German
5558,1979-02-26,5558,5558,Male,Korean
5559,1990-01-08,5559,5559,Female,Italian
5560,1977-11-12,5560,5560,Female,Vietnamese
5561,1980-01-28,5561,5561,Female,Greek
5562,1982-07-29,5562,5562,Male,Hindi
5563,1961-02-12,5563,5563,Female,Vietnamese
5564,1973-03-09,5564,5564,Male,Arabic
5565,1984-08-25,5565,5565,Female,Korean
5566,1960-05-20,5566,5566,Prefer not to say,English
5567,2000-08-12,5567,5567,Non-binary,German
5568,1965-03-07,5568,5568,Male,Arabic
5569,1967-04-10,5569,5569,Female,Arabic
5570,1995-12-14,5570,5570,Male,Japanese
5571,1977-05-11,5571,5571,Female,Hindi
5572,1973-03-11,5572,5572,Non-binary,Russian
5573,1960-09-25,5573,5573,Female,Russian
5574,1994-04-05,5574,5574,Male,Spanish
5575,1968-02-09,5575,5575,Prefer not to say,Spanish
5576,2000-05-03,5576,5576,Prefer not to say,Hindi
5577,1984-10-08,5577,5577,Prefer not to say,Spanish
5578,1996-12-09,5578,5578,Male,Japanese
5579,1978-01-09,5579,5579,Female,Dutch
5580,1992-09-09,5580,5580,Non-binary,Mandarin
5581,1964-04-18,5581,5581,Non-binary,Italian
5582,1991-09-15,5582,5582,Male,Mandarin
5583,1966-03-13,5583,5583,Male,Russian
5584,1994-09-08,5584,5584,Male,Romanian
5585,1995-12-23,5585,5585,Male,Vietnamese
5586,1962-01-28,5586,5586,Non-binary,Japanese
5587,1964-09-22,5587,5587,Prefer not to say,Thai
5588,1977-10-14,5588,5588,Prefer not to say,Portuguese
5589,1975-06-14,5589,5589,Male,French
5590,1965-10-05,5590,5590,Male,Hindi
5591,1962-11-07,5591,5591,Female,French
5592,1993-09-10,5592,5592,Female,Greek
5593,1987-01-03,5593,5593,Male,Turkish
5594,1979-01-05,5594,5594,Female,Greek
5595,1973-10-09,5595,5595,Prefer not to say,Greek
5596,1991-09-06,5596,5596,Female,Swedish
5597,1972-06-10,5597,5597,Female,French
5598,1972-01-20,5598,5598,Male,Hindi
5599,1995-07-24,5599,5599,Female,Spanish
5600,1997-06-02,5600,5600,Non-binary,French
5601,1987-11-02,5601,5601,Prefer not to say,French
5602,1983-11-09,5602,5602,Prefer not to say,Russian
5603,1987-03-19,5603,5603,Prefer not to say,Portuguese
5604,1999-04-23,5604,5604,Prefer not to say,Polish
5605,1980-11-23,5605,5605,Prefer not to say,Portuguese
5606,1999-07-26,5606,5606,Female,Turkish
5607,1972-06-18,5607,5607,Male,Polish
5608,1964-04-06,5608,5608,Male,Turkish
5609,1984-09-03,5609,5609,Female,Mandarin
5610,1976-08-01,5610,5610,Prefer not to say,Dutch
5611,1981-01-02,5611,5611,Female,Turkish
5612,1983-07-12,5612,5612,Male,Russian
5613,1966-03-26,5613,5613,Female,German
5614,1964-12-15,5614,5614,Female,English
5615,1963-11-13,5615,5615,Male,Mandarin
5616,1989-03-19,5616,5616,Non-binary,Thai
5617,1976-10-30,5617,5617,Male,Korean
5618,1991-11-02,5618,5618,Prefer not to say,English
5619,1960-01-08,5619,5619,Male,Romanian
5620,1987-06-21,5620,5620,Male,Arabic
5621,1996-10-29,5621,5621,Non-binary,Polish
5622,1983-08-17,5622,5622,Male,French
5623,1991-09-24,5623,5623,Male,Korean
5624,1964-05-15,5624,5624,Prefer not to say,Swedish
5625,1964-05-03,5625,5625,Prefer not to say,Russian
5626,1970-11-04,5626,5626,Non-binary,English
5627,1970-07-18,5627,5627,Non-binary,Spanish
5628,1983-12-24,5628,5628,Male,Swedish
5629,1967-06-17,5629,5629,Non-binary,Turkish
5630,1987-06-07,5630,5630,Male,German
5631,1987-03-09,5631,5631,Prefer not to say,Italian
5632,1965-07-02,5632,5632,Female,Russian
5633,1985-02-27,5633,5633,Female,Portuguese
5634,1974-04-26,5634,5634,Non-binary,Mandarin
5635,1990-02-05,5635,5635,Prefer not to say,Dutch
5636,1988-02-22,5636,5636,Non-binary,Portuguese
5637,1991-03-28,5637,5637,Prefer not to say,Thai
5638,1979-05-22,5638,5638,Male,Vietnamese
5639,1989-11-08,5639,5639,Non-binary,Dutch
5640,1981-11-13,5640,5640,Non-binary,Arabic
5641,1969-09-19,5641,5641,Prefer not to say,Hindi
5642,1994-12-08,5642,5642,Non-binary,Portuguese
5643,1998-10-12,5643,5643,Male,Portuguese
5644,1979-05-22,5644,5644,Non-binary,Russian
5645,1989-02-10,5645,5645,Female,Turkish
5646,1994-06-17,5646,5646,Female,French
5647,1987-08-12,5647,5647,Prefer not to say,Vietnamese
5648,1968-10-04,5648,5648,Non-binary,Spanish
5649,1987-06-28,5649,5649,Prefer not to say,Portuguese
5650,1964-09-21,5650,5650,Prefer not to say,Arabic
5651,1979-07-06,5651,5651,Male,Thai
5652,1979-06-28,5652,5652,Female,Russian
5653,1979-06-13,5653,5653,Prefer not to say,Dutch
5654,1995-11-13,5654,5654,Male,Italian
5655,1985-06-26,5655,5655,Prefer not to say,Greek
5656,1975-06-03,5656,5656,Non-binary,Swedish
5657,1989-07-21,5657,5657,Prefer not to say,Korean
5658,1997-11-15,5658,5658,Non-binary,Portuguese
5659,1975-03-29,5659,5659,Female,Mandarin
5660,1981-05-07,5660,5660,Non-binary,Greek
5661,1963-11-11,5661,5661,Non-binary,Dutch
5662,1985-10-24,5662,5662,Prefer not to say,Spanish
5663,1965-08-16,5663,5663,Non-binary,Korean
5664,1975-02-22,5664,5664,Male,Hindi
5665,1999-12-22,5665,5665,Prefer not to say,Korean
5666,1994-05-06,5666,5666,Non-binary,Turkish
5667,1986-07-30,5667,5667,Male,Vietnamese
5668,1999-05-02,5668,5668,Male,Hindi
5669,1973-10-12,5669,5669,Female,Russian
5670,1960-12-15,5670,5670,Non-binary,German
5671,1979-02-13,5671,5671,Female,Turkish
5672,1966-12-11,5672,5672,Male,Spanish
5673,1994-01-19,5673,5673,Non-binary,English
5674,1969-11-10,5674,5674,Male,Arabic
5675,1971-12-14,5675,5675,Non-binary,Hindi
5676,1994-08-17,5676,5676,Non-binary,Korean
5677,1987-08-13,5677,5677,Female,Polish
5678,1978-07-14,5678,5678,Non-binary,Turkish
5679,1998-10-14,5679,5679,Male,Hindi
5680,1995-11-08,5680,5680,Prefer not to say,Turkish
5681,1998-10-16,5681,5681,Female,English
5682,1992-09-24,5682,5682,Prefer not to say,Italian
5683,1972-01-14,5683,5683,Non-binary,Arabic
5684,1971-07-27,5684,5684,Male,Swedish
5685,1981-01-04,5685,5685,Female,Turkish
5686,1977-06-23,5686,5686,Male,Dutch
5687,1967-06-08,5687,5687,Female,Vietnamese
5688,1999-04-17,5688,5688,Male,Swedish
5689,1960-05-08,5689,5689,Female,Arabic
5690,1971-08-29,5690,5690,Prefer not to say,Polish
5691,1993-07-26,5691,5691,Female,Mandarin
5692,1961-02-20,5692,5692,Prefer not to say,Russian
5693,1988-09-01,5693,5693,Non-binary,Portuguese
5694,1997-07-15,5694,5694,Non-binary,Portuguese
5695,1960-09-20,5695,5695,Female,French
5696,1982-10-20,5696,5696,Prefer not to say,Swedish
5697,1983-07-24,5697,5697,Prefer not to say,Italian
5698,1964-12-08,5698,5698,Non-binary,Thai
5699,1978-03-12,5699,5699,Female,Russian
5700,1983-11-27,5700,5700,Female,Vietnamese
5701,1976-03-16,5701,5701,Female,Russian
5702,1990-05-23,5702,5702,Female,Spanish
5703,1980-04-11,5703,5703,Prefer not to say,French
5704,1999-11-10,5704,5704,Female,Swedish
5705,1969-07-07,5705,5705,Female,Turkish
5706,1974-06-29,5706,5706,Non-binary,Greek
5707,1961-09-20,5707,5707,Non-binary,Korean
5708,1994-10-23,5708,5708,Non-binary,Greek
5709,1969-03-28,5709,5709,Non-binary,Mandarin
5710,1984-08-02,5710,5710,Male,Spanish
5711,1984-12-27,5711,5711,Non-binary,Portuguese
5712,1976-04-28,5712,5712,Prefer not to say,French
5713,1991-05-18,5713,5713,Male,Romanian
5714,1974-08-28,5714,5714,Non-binary,Arabic
5715,1991-03-10,5715,5715,Prefer not to say,English
5716,1962-05-08,5716,5716,Female,Russian
5717,1962-08-19,5717,5717,Male,Italian
5718,1967-04-14,5718,5718,Male,Mandarin
5719,1992-04-03,5719,5719,Non-binary,Greek
5720,1981-04-19,5720,5720,Female,Greek
5721,1975-07-11,5721,5721,Female,German
5722,1964-09-01,5722,5722,Male,English
5723,1970-06-17,5723,5723,Non-binary,Arabic
5724,1965-02-02,5724,5724,Male,Vietnamese
5725,1979-12-22,5725,5725,Male,German
5726,1965-01-16,5726,5726,Male,Portuguese
5727,1974-12-09,5727,5727,Female,German
5728,1971-11-04,5728,5728,Female,Vietnamese
5729,1972-04-08,5729,5729,Non-binary,Turkish
5730,1978-11-02,5730,5730,Male,Dutch
5731,1963-07-27,5731,5731,Female,Spanish
5732,1984-06-04,5732,5732,Non-binary,German
5733,1988-12-19,5733,5733,Non-binary,Spanish
5734,1962-02-26,5734,5734,Female,Korean
5735,1984-01-17,5735,5735,Prefer not to say,Thai
5736,1970-07-25,5736,5736,Prefer not to say,Romanian
5737,1992-09-11,5737,5737,Female,French
5738,1980-05-13,5738,5738,Prefer not to say,French
5739,1997-01-08,5739,5739,Non-binary,Greek
5740,1996-03-28,5740,5740,Female,Swedish
5741,1995-05-05,5741,5741,Female,Swedish
5742,1997-10-15,5742,5742,Prefer not to say,Mandarin
5743,1996-12-09,5743,5743,Male,French
5744,1975-07-04,5744,5744,Male,Italian
5745,1977-06-14,5745,5745,Male,Spanish
5746,1986-12-18,5746,5746,Prefer not to say,Vietnamese
5747,1962-11-09,5747,5747,Female,Vietnamese
5748,1962-06-09,5748,5748,Prefer not to say,Korean
5749,1963-04-24,5749,5749,Prefer not to say,Polish
5750,1994-08-14,5750,5750,Non-binary,English
5751,1960-10-29,5751,5751,Prefer not to say,Russian
5752,1963-12-11,5752,5752,Male,Thai
5753,1973-01-17,5753,5753,Male,Korean
5754,1991-06-19,5754,5754,Prefer not to say,Russian
5755,1984-04-24,5755,5755,Male,Italian
5756,1980-04-15,5756,5756,Male,Mandarin
5757,1997-11-28,5757,5757,Prefer not to say,Japanese
5758,1969-12-12,5758,5758,Male,Korean
5759,1986-12-03,5759,5759,Male,Mandarin
5760,1963-05-04,5760,5760,Male,Spanish
5761,1965-11-24,5761,5761,Male,Hindi
5762,1972-05-09,5762,5762,Non-binary,Korean
5763,1967-09-28,5763,5763,Prefer not to say,English
5764,1986-07-14,5764,5764,Prefer not to say,Polish
5765,1975-09-28,5765,5765,Female,Turkish
5766,1971-09-13,5766,5766,Male,Vietnamese
5767,1980-01-30,5767,5767,Non-binary,Swedish
5768,2000-04-18,5768,5768,Female,Swedish
5769,1969-02-20,5769,5769,Female,Arabic
5770,1976-07-13,5770,5770,Female,Mandarin
5771,1971-09-19,5771,5771,Non-binary,Dutch
5772,1998-02-09,5772,5772,Prefer not to say,Italian
5773,1976-12-27,5773,5773,Non-binary,German
5774,1977-11-26,5774,5774,Male,Swedish
5775,1960-02-16,5775,5775,Female,English
5776,1966-08-15,5776,5776,Prefer not to say,Mandarin
5777,1962-03-17,5777,5777,Female,Korean
5778,1976-10-30,5778,5778,Prefer not to say,Swedish
5779,1975-04-08,5779,5779,Non-binary,Polish
5780,1961-11-21,5780,5780,Non-binary,Portuguese
5781,1989-08-08,5781,5781,Female,Portuguese
5782,1978-03-25,5782,5782,Female,Romanian
5783,1982-12-25,5783,5783,Prefer not to say,Thai
5784,1989-06-06,5784,5784,Male,Swedish
5785,1997-12-26,5785,5785,Non-binary,Korean
5786,1979-04-05,5786,5786,Female,Korean
5787,1991-05-14,5787,5787,Prefer not to say,English
5788,1969-06-13,5788,5788,Female,Polish
5789,1988-03-01,5789,5789,Prefer not to say,Hindi
5790,1986-12-01,5790,5790,Female,Italian
5791,1973-10-01,5791,5791,Non-binary,Romanian
5792,1991-07-04,5792,5792,Female,Mandarin
5793,1961-07-03,5793,5793,Male,Portuguese
5794,1965-08-20,5794,5794,Prefer not to say,Turkish
5795,1979-05-28,5795,5795,Prefer not to say,Thai
5796,1962-10-03,5796,5796,Male,Italian
5797,1973-10-13,5797,5797,Non-binary,Hindi
5798,1992-05-24,5798,5798,Non-binary,German
5799,1972-11-26,5799,5799,Female,Korean
5800,1990-07-18,5800,5800,Female,Romanian
5801,1989-06-09,5801,5801,Prefer not to say,Dutch
5802,1995-03-08,5802,5802,Female,Polish
5803,1987-05-05,5803,5803,Non-binary,French
5804,1999-02-04,5804,5804,Female,Greek
5805,1988-04-15,5805,5805,Male,Korean
5806,1970-01-02,5806,5806,Prefer not to say,Spanish
5807,1974-11-29,5807,5807,Male,Italian
5808,1962-08-30,5808,5808,Male,Korean
5809,1998-03-16,5809,5809,Female,Romanian
5810,1987-01-01,5810,5810,Prefer not to say,Romanian
5811,1982-02-24,5811,5811,Prefer not to say,Thai
5812,1963-08-12,5812,5812,Male,Korean
5813,1986-02-24,5813,5813,Female,Russian
5814,1969-04-28,5814,5814,Prefer not to say,Japanese
5815,1986-12-20,5815,5815,Non-binary,Portuguese
5816,1983-03-25,5816,5816,Male,Romanian
5817,1969-09-26,5817,5817,Prefer not to say,Vietnamese
5818,1982-08-10,5818,5818,Male,Hindi
5819,1966-11-16,5819,5819,Non-binary,Thai
5820,1966-06-17,5820,5820,Female,German
5821,1987-04-27,5821,5821,Female,Greek
5822,1994-08-17,5822,5822,Female,Polish
5823,1974-03-27,5823,5823,Female,Polish
5824,1970-01-23,5824,5824,Female,Romanian
5825,1971-06-11,5825,5825,Non-binary,Turkish
5826,1999-08-20,5826,5826,Prefer not to say,Polish
5827,1971-08-06,5827,5827,Prefer not to say,Russian
5828,1970-06-15,5828,5828,Prefer not to say,Vietnamese
5829,1986-10-05,5829,5829,Female,Greek
5830,1990-02-16,5830,5830,Non-binary,Hindi
5831,1992-05-14,5831,5831,Prefer not to say,Turkish
5832,1991-10-01,5832,5832,Female,Mandarin
5833,1982-11-25,5833,5833,Non-binary,German
5834,1965-12-05,5834,5834,Non-binary,French
5835,1965-02-11,5835,5835,Female,Spanish
5836,1997-01-05,5836,5836,Non-binary,Thai
5837,1984-10-29,5837,5837,Female,Thai
5838,1975-09-29,5838,5838,Female,Greek
5839,1971-04-13,5839,5839,Male,Arabic
5840,1997-09-14,5840,5840,Female,Thai
5841,1988-01-03,5841,5841,Non-binary,Russian
5842,1984-09-12,5842,5842,Non-binary,Thai
5843,1981-04-03,5843,5843,Non-binary,Arabic
5844,1988-11-17,5844,5844,Female,Russian
5845,1987-07-15,5845,5845,Non-binary,Russian
5846,1994-07-22,5846,5846,Female,Greek
5847,1960-09-13,5847,5847,Non-binary,Greek
5848,1972-03-10,5848,5848,Non-binary,English
5849,1980-07-26,5849,5849,Male,French
5850,1979-07-20,5850,5850,Male,Turkish
5851,1979-02-16,5851,5851,Male,Greek
5852,1998-09-20,5852,5852,Prefer not to say,Polish
5853,1971-12-19,5853,5853,Male,Thai
5854,1990-10-04,5854,5854,Prefer not to say,Greek
5855,1968-03-28,5855,5855,Male,Mandarin
5856,2000-08-01,5856,5856,Male,Russian
5857,1975-04-27,5857,5857,Male,Russian
5858,1961-05-16,5858,5858,Prefer not to say,Korean
5859,1977-08-23,5859,5859,Prefer not to say,Japanese
5860,1987-02-07,5860,5860,Female,Swedish
5861,1972-02-09,5861,5861,Male,Spanish
5862,1992-06-14,5862,5862,Prefer not to say,Polish
5863,1970-11-11,5863,5863,Prefer not to say,Swedish
5864,1989-05-17,5864,5864,Female,Turkish
5865,1998-03-27,5865,5865,Non-binary,Hindi
5866,1965-12-25,5866,5866,Prefer not to say,Hindi
5867,1977-09-27,5867,5867,Male,Spanish
5868,1997-03-06,5868,5868,Female,Vietnamese
5869,1974-06-15,5869,5869,Prefer not to say,English
5870,1999-01-17,5870,5870,Prefer not to say,Turkish
5871,1964-12-01,5871,5871,Prefer not to say,Arabic
5872,1964-12-20,5872,5872,Female,Korean
5873,1976-04-04,5873,5873,Non-binary,Russian
5874,1960-07-06,5874,5874,Non-binary,French
5875,1998-05-10,5875,5875,Male,Korean
5876,1971-10-09,5876,5876,Prefer not to say,Japanese
5877,1960-07-28,5877,5877,Male,Arabic
5878,1967-05-31,5878,5878,Non-binary,Romanian
5879,1967-09-25,5879,5879,Male,Dutch
5880,1988-10-25,5880,5880,Non-binary,Thai
5881,1986-09-19,5881,5881,Female,Hindi
5882,1974-07-21,5882,5882,Non-binary,Mandarin
5883,2000-09-07,5883,5883,Non-binary,Italian
5884,1994-05-02,5884,5884,Female,English
5885,1967-01-22,5885,5885,Non-binary,Hindi
5886,1977-03-25,5886,5886,Non-binary,Romanian
5887,1985-05-02,5887,5887,Male,English
5888,1991-04-11,5888,5888,Non-binary,Spanish
5889,1987-03-26,5889,5889,Non-binary,German
5890,1996-09-16,5890,5890,Female,English
5891,1988-05-04,5891,5891,Male,Portuguese
5892,1969-11-16,5892,5892,Non-binary,Spanish
5893,1978-11-01,5893,5893,Male,Spanish
5894,1970-03-10,5894,5894,Female,German
5895,1972-09-15,5895,5895,Male,Japanese
5896,1984-12-26,5896,5896,Male,Portuguese
5897,1988-06-19,5897,5897,Prefer not to say,Russian
5898,1978-05-26,5898,5898,Male,Greek
5899,1960-05-18,5899,5899,Male,Vietnamese
5900,1995-10-05,5900,5900,Prefer not to say,Mandarin
5901,1976-10-31,5901,5901,Prefer not to say,Greek
5902,1991-09-14,5902,5902,Female,Arabic
5903,1973-09-30,5903,5903,Male,Mandarin
5904,1975-12-11,5904,5904,Female,Spanish
5905,1960-04-10,5905,5905,Female,Polish
5906,1984-09-26,5906,5906,Female,German
5907,1966-03-30,5907,5907,Female,Hindi
5908,1968-12-07,5908,5908,Prefer not to say,Hindi
5909,1970-07-10,5909,5909,Male,English
5910,1993-07-01,5910,5910,Non-binary,Arabic
5911,1972-11-14,5911,5911,Male,German
5912,1993-12-26,5912,5912,Male,German
5913,1976-03-04,5913,5913,Male,Spanish
5914,1984-09-09,5914,5914,Male,Korean
5915,1970-08-17,5915,5915,Female,Arabic
5916,1965-06-01,5916,5916,Non-binary,French
5917,1970-05-17,5917,5917,Male,English
5918,1982-11-17,5918,5918,Prefer not to say,French
5919,1977-02-21,5919,5919,Prefer not to say,Arabic
5920,1966-04-03,5920,5920,Male,Greek
5921,1979-02-01,5921,5921,Female,Italian
5922,1969-09-29,5922,5922,Female,Russian
5923,1986-08-03,5923,5923,Female,Russian
5924,1981-08-17,5924,5924,Male,Dutch
5925,1960-11-24,5925,5925,Prefer not to say,Turkish
5926,1961-07-05,5926,5926,Female,Dutch
5927,1981-11-15,5927,5927,Female,Turkish
5928,1987-07-05,5928,5928,Non-binary,Japanese
5929,1989-03-21,5929,5929,Male,German
5930,1979-06-20,5930,5930,Female,Mandarin
5931,1971-07-24,5931,5931,Female,Dutch
5932,1966-04-22,5932,5932,Non-binary,Romanian
5933,1992-12-31,5933,5933,Female,Spanish
5934,1982-05-03,5934,5934,Female,Mandarin
5935,1998-04-12,5935,5935,Female,Greek
5936,1988-04-29,5936,5936,Female,Korean
5937,1998-12-08,5937,5937,Prefer not to say,Mandarin
5938,1989-09-10,5938,5938,Female,Mandarin
5939,1979-06-27,5939,5939,Male,English
5940,1963-07-24,5940,5940,Female,Romanian
5941,1962-11-17,5941,5941,Prefer not to say,Polish
5942,1966-01-20,5942,5942,Female,Thai
5943,1963-11-05,5943,5943,Non-binary,Korean
5944,1990-02-25,5944,5944,Female,German
5945,1963-06-06,5945,5945,Female,Thai
5946,1991-08-24,5946,5946,Female,Mandarin
5947,1961-02-10,5947,5947,Female,Vietnamese
5948,1966-12-26,5948,5948,Female,Vietnamese
5949,1980-06-04,5949,5949,Female,French
5950,1975-06-12,5950,5950,Non-binary,Swedish
5951,1978-11-11,5951,5951,Male,Turkish
5952,1980-08-14,5952,5952,Non-binary,Arabic
5953,1964-02-22,5953,5953,Male,German
5954,1985-03-19,5954,5954,Non-binary,German
5955,1994-08-27,5955,5955,Male,Vietnamese
5956,1966-08-03,5956,5956,Female,Greek
5957,1998-05-22,5957,5957,Female,German
5958,1962-07-14,5958,5958,Non-binary,Greek
5959,1992-12-28,5959,5959,Prefer not to say,Greek
5960,1981-10-26,5960,5960,Non-binary,Mandarin
5961,1966-07-02,5961,5961,Prefer not to say,French
5962,1971-10-19,5962,5962,Prefer not to say,Portuguese
5963,1965-07-25,5963,5963,Male,Italian
5964,1989-04-23,5964,5964,Male,Spanish
5965,1968-01-23,5965,5965,Non-binary,Italian
5966,1973-05-25,5966,5966,Prefer not to say,Japanese
5967,1986-07-18,5967,5967,Male,French
5968,1975-10-11,5968,5968,Male,French
5969,1997-01-29,5969,5969,Prefer not to say,French
5970,1973-06-16,5970,5970,Non-binary,English
5971,1972-01-31,5971,5971,Prefer not to say,Korean
5972,1981-01-09,5972,5972,Prefer not to say,Korean
5973,1988-05-10,5973,5973,Non-binary,Spanish
5974,1977-11-12,5974,5974,Non-binary,Turkish
5975,1961-11-08,5975,5975,Prefer not to say,Hindi
5976,2000-11-25,5976,5976,Prefer not to say,Thai
5977,1984-02-13,5977,5977,Prefer not to say,Arabic
5978,1987-08-11,5978,5978,Male,Swedish
5979,1982-06-24,5979,5979,Male,Arabic
5980,1995-10-20,5980,5980,Male,Vietnamese
5981,1984-05-10,5981,5981,Prefer not to say,Spanish
5982,1965-06-09,5982,5982,Male,Korean
5983,1995-10-07,5983,5983,Female,Turkish
5984,1963-06-30,5984,5984,Non-binary,Arabic
5985,1968-12-15,5985,5985,Female,Dutch
5986,1991-09-08,5986,5986,Female,Polish
5987,1995-01-25,5987,5987,Female,Thai
5988,1997-11-29,5988,5988,Male,French
5989,1972-01-10,5989,5989,Male,Mandarin
5990,2000-02-10,5990,5990,Non-binary,Hindi
5991,1967-02-01,5991,5991,Prefer not to say,Polish
5992,1980-05-03,5992,5992,Male,Spanish
5993,1985-06-08,5993,5993,Female,English
5994,1980-11-28,5994,5994,Non-binary,Portuguese
5995,1980-10-27,5995,5995,Prefer not to say,Greek
5996,1992-10-25,5996,5996,Prefer not to say,Russian
5997,1968-10-09,5997,5997,Female,Mandarin
5998,1997-11-29,5998,5998,Non-binary,French
5999,1969-05-21,5999,5999,Prefer not to say,Arabic
6000,1960-09-26,6000,6000,Prefer not to say,Polish
6001,1989-04-11,6001,6001,Non-binary,Korean
6002,1961-04-07,6002,6002,Non-binary,Thai
6003,1981-10-22,6003,6003,Prefer not to say,Arabic
6004,1965-02-18,6004,6004,Non-binary,Dutch
6005,1974-01-10,6005,6005,Male,Swedish
6006,1998-10-25,6006,6006,Male,Swedish
6007,1995-01-17,6007,6007,Female,Turkish
6008,1988-05-10,6008,6008,Prefer not to say,Korean
6009,1980-12-02,6009,6009,Male,Arabic
6010,1965-11-23,6010,6010,Prefer not to say,German
6011,1965-08-05,6011,6011,Female,Italian
6012,1965-08-26,6012,6012,Female,Arabic
6013,1963-08-05,6013,6013,Female,Polish
6014,1962-06-10,6014,6014,Female,Arabic
6015,1965-06-20,6015,6015,Male,Swedish
6016,1982-04-14,6016,6016,Prefer not to say,Korean
6017,1998-02-06,6017,6017,Male,Turkish
6018,1968-05-29,6018,6018,Prefer not to say,Turkish
6019,1995-05-25,6019,6019,Female,Russian
6020,1993-09-28,6020,6020,Male,Swedish
6021,1962-09-26,6021,6021,Male,Arabic
6022,1995-04-29,6022,6022,Male,Russian
6023,1967-11-24,6023,6023,Male,Mandarin
6024,1975-07-21,6024,6024,Prefer not to say,Romanian
6025,1971-08-22,6025,6025,Prefer not to say,Greek
6026,1975-12-18,6026,6026,Prefer not to say,Korean
6027,1982-11-22,6027,6027,Male,Korean
6028,1976-09-03,6028,6028,Female,Turkish
6029,1994-09-13,6029,6029,Prefer not to say,Greek
6030,1987-01-08,6030,6030,Prefer not to say,Greek
6031,1997-05-14,6031,6031,Prefer not to say,Korean
6032,1977-08-11,6032,6032,Male,French
6033,1990-11-02,6033,6033,Prefer not to say,French
6034,1990-01-14,6034,6034,Male,German
6035,1982-12-12,6035,6035,Female,Vietnamese
6036,1970-01-12,6036,6036,Male,French
6037,2000-12-25,6037,6037,Male,Italian
6038,1995-07-23,6038,6038,Prefer not to say,Swedish
6039,1974-01-06,6039,6039,Non-binary,Japanese
6040,1988-09-30,6040,6040,Female,Portuguese
6041,1994-02-19,6041,6041,Female,Russian
6042,1981-05-22,6042,6042,Prefer not to say,Korean
6043,1965-01-07,6043,6043,Non-binary,French
6044,1993-04-15,6044,6044,Non-binary,Spanish
6045,1990-06-21,6045,6045,Male,Arabic
6046,1971-12-15,6046,6046,Female,English
6047,1965-03-08,6047,6047,Prefer not to say,Japanese
6048,1996-03-01,6048,6048,Female,Dutch
6049,1996-11-03,6049,6049,Non-binary,English
6050,1960-02-07,6050,6050,Prefer not to say,Korean
6051,1968-08-23,6051,6051,Prefer not to say,Korean
6052,1990-03-17,6052,6052,Male,Thai
6053,1976-01-04,6053,6053,Female,Hindi
6054,1977-04-05,6054,6054,Female,Japanese
6055,1985-10-30,6055,6055,Prefer not to say,Mandarin
6056,1972-12-12,6056,6056,Male,Korean
6057,1975-05-08,6057,6057,Prefer not to say,Portuguese
6058,1983-02-10,6058,6058,Prefer not to say,Romanian
6059,1996-03-14,6059,6059,Female,German
6060,1992-04-25,6060,6060,Prefer not to say,Russian
6061,1984-10-01,6061,6061,Male,Greek
6062,1983-06-19,6062,6062,Prefer not to say,Portuguese
6063,1990-02-15,6063,6063,Male,Mandarin
6064,1989-05-08,6064,6064,Female,French
6065,1985-12-07,6065,6065,Male,Dutch
6066,1999-07-29,6066,6066,Non-binary,Spanish
6067,1991-04-11,6067,6067,Prefer not to say,Dutch
6068,1999-12-09,6068,6068,Prefer not to say,Polish
6069,1996-05-25,6069,6069,Prefer not to say,English
6070,1968-06-06,6070,6070,Female,Turkish
6071,1998-06-05,6071,6071,Female,Portuguese
6072,1985-11-21,6072,6072,Non-binary,Polish
6073,1964-03-22,6073,6073,Female,Romanian
6074,1972-08-22,6074,6074,Female,Italian
6075,1968-08-24,6075,6075,Non-binary,Arabic
6076,1996-01-07,6076,6076,Prefer not to say,Spanish
6077,1995-11-17,6077,6077,Non-binary,Dutch
6078,1997-07-30,6078,6078,Female,Vietnamese
6079,1964-06-28,6079,6079,Male,Korean
6080,2000-03-07,6080,6080,Prefer not to say,Japanese
6081,1987-05-20,6081,6081,Prefer not to say,Japanese
6082,1970-05-20,6082,6082,Non-binary,Thai
6083,1974-11-28,6083,6083,Male,Spanish
6084,1960-02-26,6084,6084,Male,Swedish
6085,1994-06-13,6085,6085,Female,Korean
6086,1995-07-03,6086,6086,Non-binary,Hindi
6087,1986-05-23,6087,6087,Non-binary,Hindi
6088,1993-06-16,6088,6088,Female,Polish
6089,1997-09-01,6089,6089,Male,Spanish
6090,2000-08-02,6090,6090,Non-binary,Swedish
6091,1977-02-02,6091,6091,Prefer not to say,Turkish
6092,1974-12-19,6092,6092,Prefer not to say,Portuguese
6093,1987-02-25,6093,6093,Male,Arabic
6094,1998-07-08,6094,6094,Male,Hindi
6095,1981-07-04,6095,6095,Male,Italian
6096,1987-09-03,6096,6096,Male,Swedish
6097,1988-01-16,6097,6097,Female,Polish
6098,1994-04-17,6098,6098,Female,Italian
6099,1970-01-15,6099,6099,Prefer not to say,Korean
6100,1976-07-04,6100,6100,Prefer not to say,Spanish
6101,1995-03-12,6101,6101,Male,Korean
6102,1972-02-14,6102,6102,Non-binary,Portuguese
6103,1994-08-19,6103,6103,Non-binary,Polish
6104,1999-11-20,6104,6104,Male,Spanish
6105,1972-11-30,6105,6105,Non-binary,English
6106,1981-06-05,6106,6106,Prefer not to say,Dutch
6107,1982-10-08,6107,6107,Male,Vietnamese
6108,1975-10-31,6108,6108,Female,Dutch
6109,1983-07-21,6109,6109,Non-binary,Hindi
6110,1971-05-29,6110,6110,Female,English
6111,1969-12-17,6111,6111,Female,Korean
6112,1966-12-27,6112,6112,Male,English
6113,1977-08-01,6113,6113,Male,Swedish
6114,1960-04-21,6114,6114,Non-binary,Polish
6115,1991-07-10,6115,6115,Female,German
6116,1972-11-07,6116,6116,Female,Portuguese
6117,1987-04-09,6117,6117,Male,Korean
6118,1994-04-05,6118,6118,Female,Russian
6119,1960-11-02,6119,6119,Non-binary,Vietnamese
6120,1962-05-04,6120,6120,Male,English
6121,1971-04-27,6121,6121,Non-binary,Arabic
6122,1961-09-18,6122,6122,Non-binary,Mandarin
6123,1980-09-20,6123,6123,Female,Arabic
6124,1978-03-24,6124,6124,Prefer not to say,Thai
6125,1994-11-17,6125,6125,Prefer not to say,Korean
6126,1991-12-12,6126,6126,Prefer not to say,Romanian
6127,1994-04-24,6127,6127,Male,Vietnamese
6128,1996-03-14,6128,6128,Female,English
6129,1982-01-26,6129,6129,Prefer not to say,German
6130,1974-10-14,6130,6130,Female,Turkish
6131,1991-05-28,6131,6131,Prefer not to say,Japanese
6132,1990-12-16,6132,6132,Non-binary,German
6133,1997-04-30,6133,6133,Non-binary,Arabic
6134,1985-08-29,6134,6134,Non-binary,Vietnamese
6135,1968-01-12,6135,6135,Prefer not to say,French
6136,1993-05-30,6136,6136,Prefer not to say,Korean
6137,1999-06-15,6137,6137,Male,Korean
6138,1992-08-02,6138,6138,Prefer not to say,Russian
6139,1963-11-20,6139,6139,Prefer not to say,Italian
6140,1980-01-02,6140,6140,Non-binary,German
6141,1968-03-16,6141,6141,Non-binary,Dutch
6142,1992-10-22,6142,6142,Female,Dutch
6143,1973-02-17,6143,6143,Female,Swedish
6144,1974-03-06,6144,6144,Male,Turkish
6145,1963-11-26,6145,6145,Female,Greek
6146,1961-02-28,6146,6146,Prefer not to say,German
6147,1984-10-06,6147,6147,Prefer not to say,Portuguese
6148,1965-12-27,6148,6148,Prefer not to say,Arabic
6149,2000-08-26,6149,6149,Male,English
6150,1964-01-31,6150,6150,Non-binary,Italian
6151,1969-01-21,6151,6151,Male,English
6152,1972-04-03,6152,6152,Prefer not to say,Turkish
6153,1974-06-07,6153,6153,Non-binary,French
6154,1995-03-17,6154,6154,Female,Russian
6155,1979-01-22,6155,6155,Prefer not to say,Korean
6156,1984-02-07,6156,6156,Male,French
6157,1996-02-18,6157,6157,Male,Russian
6158,1982-08-05,6158,6158,Male,Vietnamese
6159,1977-08-09,6159,6159,Female,Italian
6160,1982-09-12,6160,6160,Female,Korean
6161,1999-04-19,6161,6161,Prefer not to say,Romanian
6162,1991-11-30,6162,6162,Male,Korean
6163,1960-01-16,6163,6163,Prefer not to say,English
6164,1978-02-28,6164,6164,Non-binary,Greek
6165,1968-03-27,6165,6165,Prefer not to say,Russian
6166,1997-07-05,6166,6166,Female,Russian
6167,1989-09-24,6167,6167,Prefer not to say,Italian
6168,1972-02-28,6168,6168,Male,Polish
6169,1969-05-26,6169,6169,Non-binary,Romanian
6170,1974-12-15,6170,6170,Non-binary,Thai
6171,1963-11-18,6171,6171,Female,French
6172,1995-03-28,6172,6172,Non-binary,Greek
6173,1999-08-31,6173,6173,Male,Thai
6174,1993-10-23,6174,6174,Female,Polish
6175,1987-01-20,6175,6175,Female,Arabic
6176,1996-04-29,6176,6176,Female,Mandarin
6177,1982-05-20,6177,6177,Female,Italian
6178,1974-02-28,6178,6178,Male,French
6179,1992-06-08,6179,6179,Non-binary,Greek
6180,1991-09-24,6180,6180,Non-binary,Mandarin
6181,1969-02-07,6181,6181,Prefer not to say,Turkish
6182,1971-01-09,6182,6182,Non-binary,Dutch
6183,1976-07-16,6183,6183,Prefer not to say,Swedish
6184,1989-07-23,6184,6184,Prefer not to say,Thai
6185,1987-05-08,6185,6185,Female,Arabic
6186,1985-01-31,6186,6186,Non-binary,Romanian
6187,1978-07-21,6187,6187,Prefer not to say,Vietnamese
6188,2000-10-15,6188,6188,Prefer not to say,German
6189,1961-05-11,6189,6189,Male,Greek
6190,1962-04-08,6190,6190,Prefer not to say,Thai
6191,1986-01-21,6191,6191,Non-binary,Korean
6192,1976-01-04,6192,6192,Female,Thai
6193,1961-10-19,6193,6193,Female,Romanian
6194,1963-07-19,6194,6194,Male,Spanish
6195,1988-12-11,6195,6195,Male,Russian
6196,1994-08-15,6196,6196,Female,Turkish
6197,1990-05-28,6197,6197,Male,Korean
6198,1967-06-19,6198,6198,Non-binary,Arabic
6199,1987-10-20,6199,6199,Prefer not to say,English
6200,1973-01-01,6200,6200,Female,Greek
6201,1984-02-04,6201,6201,Non-binary,Thai
6202,1969-11-09,6202,6202,Non-binary,French
6203,1967-01-26,6203,6203,Female,Portuguese
6204,1981-09-19,6204,6204,Prefer not to say,Turkish
6205,1996-02-15,6205,6205,Non-binary,Polish
6206,1962-07-22,6206,6206,Male,French
6207,1966-06-14,6207,6207,Non-binary,Greek
6208,1994-05-18,6208,6208,Male,Hindi
6209,1974-07-24,6209,6209,Female,Polish
6210,1994-11-16,6210,6210,Male,Dutch
6211,1993-02-12,6211,6211,Prefer not to say,Swedish
6212,1989-07-02,6212,6212,Prefer not to say,Thai
6213,1961-02-16,6213,6213,Prefer not to say,Vietnamese
6214,1984-04-14,6214,6214,Non-binary,English
6215,1961-03-04,6215,6215,Female,Japanese
6216,1978-05-07,6216,6216,Prefer not to say,Polish
6217,1998-10-05,6217,6217,Non-binary,Italian
6218,1988-03-07,6218,6218,Non-binary,Romanian
6219,1997-10-13,6219,6219,Male,Hindi
6220,1989-04-16,6220,6220,Female,Vietnamese
6221,1983-06-07,6221,6221,Male,Romanian
6222,1969-05-02,6222,6222,Prefer not to say,Vietnamese
6223,1999-03-02,6223,6223,Non-binary,Italian
6224,1979-09-24,6224,6224,Female,Vietnamese
6225,1990-05-21,6225,6225,Female,Spanish
6226,1992-08-29,6226,6226,Prefer not to say,Swedish
6227,2000-11-04,6227,6227,Female,Swedish
6228,1985-11-16,6228,6228,Female,Russian
6229,1974-07-23,6229,6229,Prefer not to say,Japanese
6230,1971-10-20,6230,6230,Female,Arabic
6231,1999-03-26,6231,6231,Non-binary,Greek
6232,1968-04-02,6232,6232,Female,Mandarin
6233,2000-01-24,6233,6233,Female,German
6234,1982-01-11,6234,6234,Prefer not to say,Russian
6235,1964-10-30,6235,6235,Prefer not to say,Dutch
6236,2000-11-06,6236,6236,Male,Greek
6237,1979-07-20,6237,6237,Female,Arabic
6238,1995-02-15,6238,6238,Non-binary,Korean
6239,1970-12-17,6239,6239,Prefer not to say,Arabic
6240,1967-01-22,6240,6240,Prefer not to say,Hindi
6241,1961-06-07,6241,6241,Non-binary,French
6242,1966-03-22,6242,6242,Prefer not to say,Hindi
6243,1993-12-24,6243,6243,Female,German
6244,1983-10-12,6244,6244,Prefer not to say,Polish
6245,1980-04-24,6245,6245,Female,French
6246,1963-01-28,6246,6246,Male,Turkish
6247,1999-09-09,6247,6247,Prefer not to say,English
6248,1989-06-11,6248,6248,Female,Dutch
6249,1995-02-06,6249,6249,Non-binary,Japanese
6250,1985-06-10,6250,6250,Prefer not to say,Japanese
6251,1995-12-12,6251,6251,Female,Greek
6252,1993-12-30,6252,6252,Non-binary,French
6253,1965-10-30,6253,6253,Male,French
6254,1967-01-23,6254,6254,Prefer not to say,Turkish
6255,1994-11-16,6255,6255,Female,Polish
6256,1985-08-30,6256,6256,Female,Russian
6257,1983-08-30,6257,6257,Female,Dutch
6258,1981-01-10,6258,6258,Female,Hindi
6259,1990-09-13,6259,6259,Prefer not to say,Japanese
6260,1988-03-04,6260,6260,Female,Vietnamese
6261,1970-10-14,6261,6261,Prefer not to say,Japanese
6262,1977-01-19,6262,6262,Prefer not to say,Turkish
6263,1983-08-11,6263,6263,Female,Greek
6264,1975-02-27,6264,6264,Prefer not to say,Italian
6265,1976-03-15,6265,6265,Female,Thai
6266,1974-02-26,6266,6266,Male,French
6267,1998-09-26,6267,6267,Female,Dutch
6268,1973-05-24,6268,6268,Female,Romanian
6269,1978-04-14,6269,6269,Male,Turkish
6270,1983-08-23,6270,6270,Female,Thai
6271,1998-08-02,6271,6271,Non-binary,Dutch
6272,1979-03-17,6272,6272,Male,Turkish
6273,1978-06-19,6273,6273,Female,Swedish
6274,1969-07-17,6274,6274,Non-binary,Turkish
6275,1990-05-06,6275,6275,Male,Russian
6276,1981-07-30,6276,6276,Male,Japanese
6277,1984-04-17,6277,6277,Male,English
6278,1995-04-05,6278,6278,Male,Turkish
6279,1980-12-31,6279,6279,Non-binary,Romanian
6280,1983-06-12,6280,6280,Non-binary,Korean
6281,1986-11-14,6281,6281,Prefer not to say,Spanish
6282,1965-01-15,6282,6282,Female,Vietnamese
6283,1981-07-19,6283,6283,Prefer not to say,Portuguese
6284,1980-12-06,6284,6284,Non-binary,Spanish
6285,1972-07-07,6285,6285,Non-binary,Polish
6286,1962-04-22,6286,6286,Female,Vietnamese
6287,1975-07-20,6287,6287,Female,Polish
6288,1984-08-23,6288,6288,Male,Italian
6289,1976-10-31,6289,6289,Female,Russian
6290,1980-08-23,6290,6290,Prefer not to say,Greek
6291,1984-10-02,6291,6291,Male,Thai
6292,1970-06-15,6292,6292,Female,Arabic
6293,1997-05-26,6293,6293,Female,Swedish
6294,1980-10-20,6294,6294,Prefer not to say,Korean
6295,1992-06-16,6295,6295,Prefer not to say,Mandarin
6296,1976-07-14,6296,6296,Non-binary,English
6297,1961-04-16,6297,6297,Male,Dutch
6298,1973-10-23,6298,6298,Female,Turkish
6299,1991-02-09,6299,6299,Male,Spanish
6300,1969-12-26,6300,6300,Female,German
6301,1999-11-24,6301,6301,Male,Russian
6302,1984-09-17,6302,6302,Male,Hindi
6303,1991-04-22,6303,6303,Male,Romanian
6304,1988-10-26,6304,6304,Female,Greek
6305,1966-09-23,6305,6305,Female,Spanish
6306,1974-08-16,6306,6306,Prefer not to say,English
6307,1963-02-02,6307,6307,Non-binary,Romanian
6308,1982-06-26,6308,6308,Non-binary,English
6309,1986-04-06,6309,6309,Non-binary,Spanish
6310,1970-07-05,6310,6310,Female,Mandarin
6311,1978-07-24,6311,6311,Prefer not to say,German
6312,1998-10-19,6312,6312,Non-binary,Swedish
6313,1982-03-08,6313,6313,Female,Russian
6314,1962-06-11,6314,6314,Female,Mandarin
6315,1975-03-27,6315,6315,Female,Vietnamese
6316,1985-10-11,6316,6316,Prefer not to say,Thai
6317,1995-07-29,6317,6317,Non-binary,Japanese
6318,1965-11-24,6318,6318,Prefer not to say,Mandarin
6319,1970-11-05,6319,6319,Non-binary,Turkish
6320,1997-09-15,6320,6320,Prefer not to say,Polish
6321,1977-12-21,6321,6321,Female,Italian
6322,1998-05-30,6322,6322,Non-binary,Arabic
6323,1995-04-14,6323,6323,Male,Korean
6324,1986-06-04,6324,6324,Prefer not to say,Turkish
6325,1969-07-16,6325,6325,Female,Swedish
6326,1994-12-14,6326,6326,Female,Japanese
6327,1966-08-09,6327,6327,Non-binary,Mandarin
6328,1993-01-16,6328,6328,Prefer not to say,Mandarin
6329,1999-09-16,6329,6329,Non-binary,Vietnamese
6330,1975-04-01,6330,6330,Non-binary,Russian
6331,2000-01-12,6331,6331,Female,Arabic
6332,1970-09-01,6332,6332,Male,Portuguese
6333,1999-03-26,6333,6333,Prefer not to say,Japanese
6334,1986-02-02,6334,6334,Prefer not to say,French
6335,1993-06-01,6335,6335,Prefer not to say,German
6336,1975-01-26,6336,6336,Female,Spanish
6337,1995-06-30,6337,6337,Female,Portuguese
6338,1993-08-31,6338,6338,Non-binary,Thai
6339,1963-04-08,6339,6339,Female,German
6340,1974-01-14,6340,6340,Non-binary,Japanese
6341,1963-04-04,6341,6341,Male,Polish
6342,1984-11-05,6342,6342,Male,German
6343,1997-06-29,6343,6343,Non-binary,Polish
6344,1979-12-30,6344,6344,Male,Thai
6345,2000-09-14,6345,6345,Male,Polish
6346,1996-10-23,6346,6346,Prefer not to say,Thai
6347,1980-03-16,6347,6347,Female,Romanian
6348,1983-01-23,6348,6348,Non-binary,Dutch
6349,1986-04-09,6349,6349,Prefer not to say,Greek
6350,1978-07-15,6350,6350,Female,Korean
6351,1985-10-23,6351,6351,Non-binary,Turkish
6352,1960-01-25,6352,6352,Female,Portuguese
6353,1987-05-31,6353,6353,Non-binary,Spanish
6354,1988-01-13,6354,6354,Male,Spanish
6355,1965-05-02,6355,6355,Male,Vietnamese
6356,1964-07-28,6356,6356,Non-binary,Spanish
6357,1960-08-31,6357,6357,Non-binary,Korean
6358,1967-06-22,6358,6358,Prefer not to say,Russian
6359,1997-01-19,6359,6359,Prefer not to say,Turkish
6360,1965-09-27,6360,6360,Non-binary,Russian
6361,1984-12-11,6361,6361,Non-binary,German
6362,1969-03-22,6362,6362,Non-binary,Hindi
6363,1997-11-07,6363,6363,Male,Mandarin
6364,1993-12-05,6364,6364,Non-binary,Arabic
6365,1970-03-18,6365,6365,Female,Swedish
6366,1976-05-04,6366,6366,Male,Russian
6367,1996-10-24,6367,6367,Non-binary,Vietnamese
6368,1968-10-22,6368,6368,Female,Romanian
6369,1988-04-03,6369,6369,Non-binary,Arabic
6370,1969-02-15,6370,6370,Non-binary,German
6371,1988-12-31,6371,6371,Male,Korean
6372,1997-11-15,6372,6372,Female,French
6373,1999-01-26,6373,6373,Prefer not to say,English
6374,2000-03-08,6374,6374,Non-binary,Japanese
6375,1977-01-12,6375,6375,Prefer not to say,Swedish
6376,1982-04-20,6376,6376,Prefer not to say,Thai
6377,1995-12-19,6377,6377,Prefer not to say,French
6378,1988-09-21,6378,6378,Female,Japanese
6379,1987-11-06,6379,6379,Female,French
6380,1998-08-28,6380,6380,Prefer not to say,English
6381,1995-07-20,6381,6381,Male,Vietnamese
6382,1978-08-25,6382,6382,Non-binary,Portuguese
6383,1983-04-30,6383,6383,Non-binary,Arabic
6384,1969-05-15,6384,6384,Male,Swedish
6385,1963-05-01,6385,6385,Non-binary,Swedish
6386,1990-04-02,6386,6386,Non-binary,Mandarin
6387,1982-03-16,6387,6387,Prefer not to say,Arabic
6388,1988-01-10,6388,6388,Female,Swedish
6389,1988-01-21,6389,6389,Non-binary,Hindi
6390,1974-04-14,6390,6390,Non-binary,Vietnamese
6391,1981-06-25,6391,6391,Male,English
6392,1977-03-31,6392,6392,Prefer not to say,Italian
6393,1970-09-02,6393,6393,Non-binary,Spanish
6394,1986-07-15,6394,6394,Non-binary,Spanish
6395,1964-11-23,6395,6395,Male,Thai
6396,1968-05-13,6396,6396,Male,Vietnamese
6397,1999-07-20,6397,6397,Non-binary,Polish
6398,1988-05-09,6398,6398,Non-binary,Italian
6399,1960-09-23,6399,6399,Prefer not to say,Russian
6400,1995-07-18,6400,6400,Female,Swedish
6401,1971-07-13,6401,6401,Female,Mandarin
6402,1962-08-16,6402,6402,Female,German
6403,1981-11-28,6403,6403,Non-binary,Thai
6404,1983-07-01,6404,6404,Non-binary,Dutch
6405,1988-04-08,6405,6405,Prefer not to say,French
6406,1979-10-23,6406,6406,Male,Russian
6407,1969-08-30,6407,6407,Female,Korean
6408,1994-03-16,6408,6408,Female,Dutch
6409,1977-05-18,6409,6409,Male,Polish
6410,1997-03-19,6410,6410,Non-binary,French
6411,1960-09-25,6411,6411,Male,French
6412,1999-04-10,6412,6412,Prefer not to say,German
6413,1984-05-03,6413,6413,Prefer not to say,Arabic
6414,1967-01-23,6414,6414,Prefer not to say,Greek
6415,1961-09-01,6415,6415,Male,Spanish
6416,1988-01-14,6416,6416,Prefer not to say,Thai
6417,1972-11-22,6417,6417,Male,Vietnamese
6418,1973-06-01,6418,6418,Male,Polish
6419,1978-04-19,6419,6419,Female,Thai
6420,1998-11-11,6420,6420,Male,English
6421,1976-02-26,6421,6421,Prefer not to say,German
6422,1966-06-20,6422,6422,Female,Korean
6423,1994-12-12,6423,6423,Non-binary,Swedish
6424,1996-04-02,6424,6424,Non-binary,English
6425,1973-08-13,6425,6425,Female,Dutch
6426,1977-01-19,6426,6426,Male,German
6427,1999-09-05,6427,6427,Female,Polish
6428,1993-08-11,6428,6428,Prefer not to say,Portuguese
6429,1989-05-24,6429,6429,Female,Arabic
6430,1972-12-09,6430,6430,Male,Korean
6431,2000-08-13,6431,6431,Non-binary,Dutch
6432,1978-03-13,6432,6432,Prefer not to say,Thai
6433,1984-07-15,6433,6433,Non-binary,German
6434,1991-01-06,6434,6434,Non-binary,Mandarin
6435,1992-10-05,6435,6435,Male,Japanese
6436,1990-03-20,6436,6436,Prefer not to say,Thai
6437,1984-10-08,6437,6437,Female,Greek
6438,1962-01-28,6438,6438,Male,Romanian
6439,1994-12-14,6439,6439,Male,Polish
6440,1975-01-23,6440,6440,Prefer not to say,Italian
6441,1966-12-30,6441,6441,Prefer not to say,French
6442,1985-09-29,6442,6442,Non-binary,Mandarin
6443,1972-10-28,6443,6443,Male,Polish
6444,1968-06-05,6444,6444,Prefer not to say,Polish
6445,1966-09-08,6445,6445,Non-binary,Russian
6446,1999-12-28,6446,6446,Prefer not to say,French
6447,1972-05-10,6447,6447,Prefer not to say,German
6448,1986-07-11,6448,6448,Male,Swedish
6449,1987-12-02,6449,6449,Female,Italian
6450,1984-11-12,6450,6450,Female,Japanese
6451,1973-03-24,6451,6451,Prefer not to say,Russian
6452,1963-01-13,6452,6452,Male,Romanian
6453,1983-08-04,6453,6453,Prefer not to say,Portuguese
6454,1996-04-17,6454,6454,Female,French
6455,1980-08-17,6455,6455,Female,German
6456,1980-01-26,6456,6456,Female,Mandarin
6457,1982-03-11,6457,6457,Non-binary,English
6458,1975-02-03,6458,6458,Female,German
6459,1983-12-21,6459,6459,Female,Italian
6460,1972-01-20,6460,6460,Male,Swedish
6461,1972-02-28,6461,6461,Female,Italian
6462,1981-09-10,6462,6462,Non-binary,Turkish
6463,1990-10-28,6463,6463,Non-binary,Mandarin
6464,1991-07-20,6464,6464,Non-binary,Arabic
6465,1994-06-26,6465,6465,Prefer not to say,Japanese
6466,1998-12-21,6466,6466,Female,Vietnamese
6467,1984-12-05,6467,6467,Female,Hindi
6468,1962-04-10,6468,6468,Female,Arabic
6469,1979-09-06,6469,6469,Prefer not to say,Dutch
6470,1974-10-09,6470,6470,Non-binary,English
6471,1997-09-24,6471,6471,Female,Greek
6472,1964-01-23,6472,6472,Prefer not to say,Vietnamese
6473,1990-12-30,6473,6473,Female,Korean
6474,1964-02-21,6474,6474,Male,Mandarin
6475,1966-06-11,6475,6475,Prefer not to say,Swedish
6476,1984-06-28,6476,6476,Prefer not to say,Turkish
6477,1990-06-10,6477,6477,Female,Hindi
6478,1985-12-15,6478,6478,Female,Polish
6479,1962-12-13,6479,6479,Female,Romanian
6480,1970-08-20,6480,6480,Non-binary,Turkish
6481,1999-05-14,6481,6481,Prefer not to say,Korean
6482,1995-04-17,6482,6482,Female,Japanese
6483,1989-11-25,6483,6483,Non-binary,German
6484,1983-03-31,6484,6484,Female,Swedish
6485,1964-11-07,6485,6485,Non-binary,German
6486,1972-09-26,6486,6486,Prefer not to say,French
6487,1965-01-26,6487,6487,Female,Swedish
6488,1982-05-18,6488,6488,Prefer not to say,Greek
6489,1962-12-18,6489,6489,Male,Spanish
6490,1985-01-08,6490,6490,Prefer not to say,Arabic
6491,1960-12-03,6491,6491,Female,Vietnamese
6492,1960-04-30,6492,6492,Prefer not to say,Swedish
6493,1977-06-21,6493,6493,Male,Japanese
6494,1999-01-31,6494,6494,Female,Thai
6495,1962-06-24,6495,6495,Female,Italian
6496,1982-11-14,6496,6496,Non-binary,French
6497,1961-08-28,6497,6497,Male,Romanian
6498,1987-01-28,6498,6498,Male,Polish
6499,1994-04-13,6499,6499,Non-binary,Japanese
6500,1987-06-26,6500,6500,Male,Dutch
6501,1977-01-12,6501,6501,Non-binary,Spanish
6502,1989-03-24,6502,6502,Male,Russian
6503,1985-10-06,6503,6503,Prefer not to say,Swedish
6504,2000-05-13,6504,6504,Male,Romanian
6505,1975-02-11,6505,6505,Non-binary,French
6506,1960-10-15,6506,6506,Female,Korean
6507,1961-10-26,6507,6507,Prefer not to say,English
6508,1972-10-05,6508,6508,Female,Japanese
6509,1963-10-25,6509,6509,Male,French
6510,1987-05-06,6510,6510,Prefer not to say,German
6511,1996-06-23,6511,6511,Female,Swedish
6512,1979-07-25,6512,6512,Female,French
6513,1996-01-23,6513,6513,Non-binary,Italian
6514,1996-06-24,6514,6514,Prefer not to say,Polish
6515,1962-06-30,6515,6515,Female,Greek
6516,2000-03-15,6516,6516,Prefer not to say,French
6517,1989-04-08,6517,6517,Male,Turkish
6518,1990-10-15,6518,6518,Female,Korean
6519,1999-02-15,6519,6519,Male,Romanian
6520,1988-10-16,6520,6520,Male,Thai
6521,1965-05-27,6521,6521,Non-binary,Korean
6522,1969-07-20,6522,6522,Male,Italian
6523,1969-10-09,6523,6523,Non-binary,Mandarin
6524,1978-08-04,6524,6524,Male,Japanese
6525,1966-07-16,6525,6525,Male,Dutch
6526,1990-09-25,6526,6526,Non-binary,Greek
6527,1988-11-23,6527,6527,Non-binary,Mandarin
6528,2000-02-19,6528,6528,Male,Spanish
6529,1976-07-19,6529,6529,Male,Portuguese
6530,2000-05-11,6530,6530,Male,Romanian
6531,1996-07-14,6531,6531,Non-binary,Vietnamese
6532,1998-02-24,6532,6532,Non-binary,Korean
6533,1976-05-29,6533,6533,Male,French
6534,1985-11-09,6534,6534,Female,English
6535,1968-03-23,6535,6535,Prefer not to say,Korean
6536,1977-09-12,6536,6536,Female,Italian
6537,1960-11-26,6537,6537,Female,Russian
6538,1960-05-07,6538,6538,Male,Portuguese
6539,1962-06-25,6539,6539,Male,Romanian
6540,1993-12-29,6540,6540,Female,Dutch
6541,1993-01-19,6541,6541,Female,English
6542,1976-11-19,6542,6542,Non-binary,Swedish
6543,1998-12-21,6543,6543,Non-binary,Spanish
6544,1987-07-02,6544,6544,Female,Romanian
6545,1993-12-07,6545,6545,Non-binary,Vietnamese
6546,1967-04-22,6546,6546,Female,Korean
6547,1967-01-29,6547,6547,Female,German
6548,1994-05-28,6548,6548,Non-binary,Polish
6549,1967-05-27,6549,6549,Non-binary,Arabic
6550,1969-04-18,6550,6550,Male,Turkish
6551,1962-01-17,6551,6551,Non-binary,Arabic
6552,1964-02-25,6552,6552,Male,Japanese
6553,1982-10-14,6553,6553,Female,Swedish
6554,1979-06-02,6554,6554,Male,Greek
6555,1983-10-30,6555,6555,Female,Russian
6556,1962-07-17,6556,6556,Non-binary,Portuguese
6557,1990-08-15,6557,6557,Female,Italian
6558,1974-03-28,6558,6558,Female,Hindi
6559,1987-12-15,6559,6559,Female,Korean
6560,1972-07-10,6560,6560,Prefer not to say,French
6561,1981-11-25,6561,6561,Non-binary,Greek
6562,1995-02-15,6562,6562,Female,Hindi
6563,1963-06-17,6563,6563,Male,Spanish
6564,1973-06-23,6564,6564,Prefer not to say,French
6565,1966-01-01,6565,6565,Female,Arabic
6566,1964-08-18,6566,6566,Male,Mandarin
6567,1960-06-29,6567,6567,Female,Japanese
6568,1976-05-07,6568,6568,Male,French
6569,1963-04-24,6569,6569,Male,Swedish
6570,1968-01-07,6570,6570,Male,Polish
6571,1964-01-27,6571,6571,Prefer not to say,Russian
6572,1985-04-05,6572,6572,Male,Hindi
6573,1982-05-29,6573,6573,Male,English
6574,1972-09-14,6574,6574,Male,Korean
6575,1961-02-13,6575,6575,Prefer not to say,Spanish
6576,1997-02-24,6576,6576,Prefer not to say,Arabic
6577,1977-04-26,6577,6577,Male,Russian
6578,1999-08-21,6578,6578,Non-binary,Vietnamese
6579,1980-05-31,6579,6579,Female,Polish
6580,1994-03-14,6580,6580,Non-binary,Mandarin
6581,1983-05-01,6581,6581,Prefer not to say,Portuguese
6582,1966-04-21,6582,6582,Male,Dutch
6583,1973-12-08,6583,6583,Female,Greek
6584,1984-02-13,6584,6584,Male,Russian
6585,1998-05-28,6585,6585,Male,Dutch
6586,1995-06-07,6586,6586,Female,Italian
6587,1991-10-28,6587,6587,Non-binary,Italian
6588,1965-09-24,6588,6588,Prefer not to say,Portuguese
6589,1975-12-20,6589,6589,Male,Japanese
6590,1962-04-20,6590,6590,Male,French
6591,1977-04-04,6591,6591,Female,Arabic
6592,1997-04-28,6592,6592,Non-binary,French
6593,1994-11-16,6593,6593,Female,Italian
6594,1963-12-18,6594,6594,Male,Thai
6595,2000-11-22,6595,6595,Prefer not to say,Russian
6596,1976-01-28,6596,6596,Female,Polish
6597,1991-11-25,6597,6597,Prefer not to say,Arabic
6598,1964-10-10,6598,6598,Male,Dutch
6599,1997-10-31,6599,6599,Male,Dutch
6600,1993-10-27,6600,6600,Non-binary,Japanese
6601,1978-05-12,6601,6601,Female,English
6602,2000-05-29,6602,6602,Non-binary,Korean
6603,1980-08-01,6603,6603,Male,Mandarin
6604,1979-03-30,6604,6604,Non-binary,Arabic
6605,1964-10-29,6605,6605,Female,Mandarin
6606,1981-06-08,6606,6606,Female,Thai
6607,1995-12-01,6607,6607,Non-binary,Hindi
6608,1977-06-14,6608,6608,Male,Portuguese
6609,1974-06-16,6609,6609,Non-binary,Mandarin
6610,2000-03-15,6610,6610,Female,Dutch
6611,1971-01-15,6611,6611,Non-binary,Japanese
6612,1980-08-01,6612,6612,Non-binary,Japanese
6613,1984-01-06,6613,6613,Prefer not to say,English
6614,1987-11-24,6614,6614,Female,German
6615,1987-04-04,6615,6615,Male,French
6616,1986-07-10,6616,6616,Non-binary,English
6617,1973-05-18,6617,6617,Female,Turkish
6618,1985-03-09,6618,6618,Prefer not to say,Romanian
6619,1998-03-20,6619,6619,Male,Turkish
6620,1972-06-11,6620,6620,Non-binary,Turkish
6621,1965-07-09,6621,6621,Non-binary,Thai
6622,1997-10-28,6622,6622,Non-binary,Greek
6623,1965-01-10,6623,6623,Male,Romanian
6624,1975-07-01,6624,6624,Female,Arabic
6625,1986-08-18,6625,6625,Female,English
6626,1975-01-13,6626,6626,Prefer not to say,Mandarin
6627,1990-02-08,6627,6627,Prefer not to say,Vietnamese
6628,1969-02-27,6628,6628,Prefer not to say,Dutch
6629,1960-12-05,6629,6629,Non-binary,Arabic
6630,1983-12-13,6630,6630,Male,Hindi
6631,1972-10-04,6631,6631,Female,Turkish
6632,1994-08-21,6632,6632,Male,Polish
6633,1972-06-27,6633,6633,Male,French
6634,1981-10-24,6634,6634,Prefer not to say,Greek
6635,1991-01-05,6635,6635,Prefer not to say,Hindi
6636,1995-02-16,6636,6636,Male,French
6637,1974-04-07,6637,6637,Male,Greek
6638,1982-02-10,6638,6638,Non-binary,Russian
6639,1969-01-30,6639,6639,Male,Japanese
6640,1970-12-19,6640,6640,Female,Arabic
6641,1965-10-24,6641,6641,Male,Greek
6642,1977-08-20,6642,6642,Female,Dutch
6643,1994-12-22,6643,6643,Male,Greek
6644,1967-01-21,6644,6644,Prefer not to say,Spanish
6645,1984-05-11,6645,6645,Prefer not to say,Italian
6646,1970-01-02,6646,6646,Prefer not to say,Greek
6647,1988-04-18,6647,6647,Male,Spanish
6648,1965-02-22,6648,6648,Non-binary,Dutch
6649,1962-04-02,6649,6649,Non-binary,Swedish
6650,1975-05-07,6650,6650,Prefer not to say,Swedish
6651,1966-02-02,6651,6651,Male,Swedish
6652,1992-03-22,6652,6652,Prefer not to say,Italian
6653,1988-09-11,6653,6653,Male,Thai
6654,1979-12-08,6654,6654,Prefer not to say,French
6655,1966-09-03,6655,6655,Male,Mandarin
6656,1968-12-28,6656,6656,Prefer not to say,German
6657,1970-01-08,6657,6657,Male,Romanian
6658,1985-07-04,6658,6658,Non-binary,Italian
6659,1973-10-16,6659,6659,Male,Russian
6660,1966-06-04,6660,6660,Prefer not to say,Japanese
6661,1995-05-09,6661,6661,Prefer not to say,Swedish
6662,1976-07-31,6662,6662,Prefer not to say,French
6663,1963-12-04,6663,6663,Male,Italian
6664,1968-11-21,6664,6664,Male,Arabic
6665,1967-01-08,6665,6665,Prefer not to say,Polish
6666,2000-07-23,6666,6666,Male,Russian
6667,1970-04-28,6667,6667,Prefer not to say,Greek
6668,1994-09-21,6668,6668,Prefer not to say,Russian
6669,1984-08-25,6669,6669,Prefer not to say,Korean
6670,1994-02-11,6670,6670,Male,Turkish
6671,1971-02-04,6671,6671,Non-binary,Polish
6672,1988-12-19,6672,6672,Non-binary,Dutch
6673,1964-10-12,6673,6673,Male,Hindi
6674,1985-06-22,6674,6674,Non-binary,Korean
6675,1970-09-05,6675,6675,Non-binary,Turkish
6676,1987-11-27,6676,6676,Female,Swedish
6677,1987-03-11,6677,6677,Prefer not to say,Korean
6678,1969-07-16,6678,6678,Prefer not to say,Swedish
6679,1984-10-01,6679,6679,Non-binary,Romanian
6680,1998-03-22,6680,6680,Male,Greek
6681,1983-08-31,6681,6681,Non-binary,Greek
6682,1993-11-17,6682,6682,Female,Portuguese
6683,1974-02-17,6683,6683,Male,Dutch
6684,1962-12-29,6684,6684,Male,German
6685,1998-10-30,6685,6685,Female,Japanese
6686,1978-02-21,6686,6686,Prefer not to say,Polish
6687,1977-07-25,6687,6687,Non-binary,Italian
6688,1974-04-16,6688,6688,Non-binary,Romanian
6689,1977-09-17,6689,6689,Female,French
6690,1994-04-04,6690,6690,Prefer not to say,Dutch
6691,1985-03-09,6691,6691,Non-binary,Mandarin
6692,1991-02-28,6692,6692,Prefer not to say,Arabic
6693,1974-07-15,6693,6693,Male,Portuguese
6694,1963-09-12,6694,6694,Female,Vietnamese
6695,1990-06-28,6695,6695,Female,Portuguese
6696,2000-01-04,6696,6696,Female,Portuguese
6697,1996-03-24,6697,6697,Female,Korean
6698,1984-10-30,6698,6698,Female,Swedish
6699,1968-09-26,6699,6699,Prefer not to say,Thai
6700,1981-02-11,6700,6700,Prefer not to say,Turkish
6701,1965-07-15,6701,6701,Male,Polish
6702,1977-01-28,6702,6702,Non-binary,German
6703,2000-08-29,6703,6703,Female,Dutch
6704,2000-04-04,6704,6704,Non-binary,Italian
6705,1965-08-22,6705,6705,Prefer not to say,Romanian
6706,1969-12-12,6706,6706,Female,Greek
6707,1987-10-17,6707,6707,Female,Mandarin
6708,2000-02-26,6708,6708,Female,Italian
6709,1986-02-22,6709,6709,Female,Portuguese
6710,1994-12-03,6710,6710,Female,Portuguese
6711,1981-05-08,6711,6711,Prefer not to say,Spanish
6712,1991-11-26,6712,6712,Non-binary,Polish
6713,1990-12-04,6713,6713,Male,Romanian
6714,1970-12-07,6714,6714,Female,Mandarin
6715,1996-06-02,6715,6715,Non-binary,Italian
6716,1989-11-06,6716,6716,Male,Vietnamese
6717,1974-05-19,6717,6717,Male,Japanese
6718,1981-03-29,6718,6718,Female,Japanese
6719,1990-02-10,6719,6719,Female,Korean
6720,1980-01-12,6720,6720,Prefer not to say,Vietnamese
6721,1981-03-11,6721,6721,Female,Greek
6722,1997-09-15,6722,6722,Prefer not to say,Hindi
6723,1992-12-02,6723,6723,Non-binary,Arabic
6724,1991-01-04,6724,6724,Female,Turkish
6725,1993-03-12,6725,6725,Prefer not to say,Vietnamese
6726,1964-12-09,6726,6726,Non-binary,Greek
6727,1996-10-22,6727,6727,Female,Japanese
6728,1987-04-27,6728,6728,Male,Russian
6729,1977-02-25,6729,6729,Non-binary,Thai
6730,1967-10-15,6730,6730,Non-binary,Greek
6731,1968-08-24,6731,6731,Male,Arabic
6732,1979-11-20,6732,6732,Female,Greek
6733,1987-01-30,6733,6733,Female,Spanish
6734,1984-03-19,6734,6734,Non-binary,Korean
6735,1964-05-06,6735,6735,Non-binary,French
6736,1977-01-18,6736,6736,Prefer not to say,French
6737,1972-02-22,6737,6737,Male,German
6738,1967-12-11,6738,6738,Non-binary,Vietnamese
6739,1984-03-11,6739,6739,Prefer not to say,English
6740,1992-02-10,6740,6740,Male,Japanese
6741,1996-01-03,6741,6741,Female,Hindi
6742,1965-11-28,6742,6742,Male,Japanese
6743,1987-12-24,6743,6743,Prefer not to say,Hindi
6744,1988-07-21,6744,6744,Prefer not to say,German
6745,1973-02-02,6745,6745,Non-binary,Thai
6746,1974-10-02,6746,6746,Female,Thai
6747,1968-07-08,6747,6747,Non-binary,French
6748,2000-11-30,6748,6748,Non-binary,Romanian
6749,1961-04-28,6749,6749,Female,French
6750,1961-09-29,6750,6750,Prefer not to say,Polish
6751,1967-08-06,6751,6751,Non-binary,Spanish
6752,2000-08-02,6752,6752,Non-binary,Polish
6753,1987-06-18,6753,6753,Male,Italian
6754,1983-11-05,6754,6754,Prefer not to say,Portuguese
6755,1998-10-03,6755,6755,Prefer not to say,Dutch
6756,1978-08-08,6756,6756,Non-binary,Hindi
6757,1993-03-19,6757,6757,Non-binary,Romanian
6758,1989-08-24,6758,6758,Prefer not to say,German
6759,1977-09-14,6759,6759,Male,Dutch
6760,1970-11-02,6760,6760,Male,Mandarin
6761,1999-07-30,6761,6761,Male,Russian
6762,1981-11-28,6762,6762,Male,Korean
6763,1972-04-11,6763,6763,Male,German
6764,1990-07-05,6764,6764,Non-binary,Japanese
6765,1981-06-04,6765,6765,Prefer not to say,English
6766,1974-06-13,6766,6766,Male,Mandarin
6767,1996-04-12,6767,6767,Non-binary,Greek
6768,2000-10-12,6768,6768,Prefer not to say,German
6769,1997-07-11,6769,6769,Non-binary,Thai
6770,1971-05-25,6770,6770,Prefer not to say,Turkish
6771,1981-04-12,6771,6771,Male,Romanian
6772,1996-02-25,6772,6772,Prefer not to say,Arabic
6773,1988-09-02,6773,6773,Male,Korean
6774,1981-11-04,6774,6774,Male,Dutch
6775,1981-01-11,6775,6775,Non-binary,Dutch
6776,1996-09-20,6776,6776,Prefer not to say,Arabic
6777,1990-02-25,6777,6777,Female,Dutch
6778,1979-03-24,6778,6778,Non-binary,Japanese
6779,1997-09-13,6779,6779,Male,Portuguese
6780,1962-08-13,6780,6780,Non-binary,French
6781,1997-12-02,6781,6781,Prefer not to say,Mandarin
6782,1993-08-12,6782,6782,Male,Hindi
6783,1975-10-03,6783,6783,Prefer not to say,Greek
6784,1966-11-06,6784,6784,Non-binary,Japanese
6785,1967-06-21,6785,6785,Prefer not to say,Russian
6786,1985-11-06,6786,6786,Male,Russian
6787,1997-05-21,6787,6787,Female,Turkish
6788,1984-09-27,6788,6788,Non-binary,Italian
6789,1990-11-22,6789,6789,Non-binary,Italian
6790,1972-12-15,6790,6790,Male,Turkish
6791,1983-02-15,6791,6791,Female,Swedish
6792,1989-08-27,6792,6792,Female,English
6793,1979-11-15,6793,6793,Non-binary,Vietnamese
6794,2000-08-15,6794,6794,Prefer not to say,Vietnamese
6795,1999-09-14,6795,6795,Male,Mandarin
6796,1980-07-09,6796,6796,Female,Korean
6797,1962-02-04,6797,6797,Female,Dutch
6798,1971-12-25,6798,6798,Prefer not to say,Hindi
6799,1981-07-23,6799,6799,Female,Mandarin
6800,1970-08-18,6800,6800,Prefer not to say,Italian
6801,1961-04-02,6801,6801,Prefer not to say,Korean
6802,1996-04-29,6802,6802,Female,Russian
6803,1966-04-11,6803,6803,Female,Hindi
6804,1980-03-13,6804,6804,Female,Turkish
6805,1985-03-16,6805,6805,Non-binary,Korean
6806,1994-12-27,6806,6806,Non-binary,Hindi
6807,1974-05-19,6807,6807,Non-binary,Turkish
6808,1990-12-15,6808,6808,Prefer not to say,Spanish
6809,1996-03-28,6809,6809,Non-binary,Vietnamese
6810,2000-07-26,6810,6810,Male,Portuguese
6811,1979-06-03,6811,6811,Non-binary,Italian
6812,1993-06-05,6812,6812,Male,Korean
6813,1970-11-06,6813,6813,Prefer not to say,Mandarin
6814,1968-09-01,6814,6814,Prefer not to say,Portuguese
6815,1989-09-05,6815,6815,Prefer not to say,Russian
6816,1998-11-04,6816,6816,Female,Arabic
6817,1969-09-04,6817,6817,Prefer not to say,Romanian
6818,1970-06-24,6818,6818,Prefer not to say,Portuguese
6819,1990-10-06,6819,6819,Male,French
6820,1976-11-01,6820,6820,Prefer not to say,Mandarin
6821,1971-05-07,6821,6821,Male,Greek
6822,1966-08-29,6822,6822,Male,German
6823,1994-09-01,6823,6823,Female,Arabic
6824,1998-05-09,6824,6824,Non-binary,Greek
6825,1997-06-17,6825,6825,Non-binary,Dutch
6826,1962-10-19,6826,6826,Non-binary,German
6827,1989-04-06,6827,6827,Prefer not to say,Swedish
6828,1982-02-18,6828,6828,Prefer not to say,Portuguese
6829,1971-12-19,6829,6829,Prefer not to say,Thai
6830,1965-03-15,6830,6830,Female,Russian
6831,1974-06-24,6831,6831,Female,Polish
6832,1997-06-28,6832,6832,Male,German
6833,1971-09-21,6833,6833,Male,Vietnamese
6834,1962-11-12,6834,6834,Non-binary,Romanian
6835,1991-09-10,6835,6835,Female,Japanese
6836,1978-10-29,6836,6836,Non-binary,Korean
6837,1990-09-06,6837,6837,Non-binary,Swedish
6838,1973-01-24,6838,6838,Non-binary,Turkish
6839,1996-01-26,6839,6839,Prefer not to say,English
6840,1968-09-03,6840,6840,Non-binary,English
6841,1978-06-23,6841,6841,Non-binary,Polish
6842,1984-04-06,6842,6842,Non-binary,Thai
6843,1987-08-12,6843,6843,Male,Mandarin
6844,1970-05-13,6844,6844,Female,Dutch
6845,1976-08-10,6845,6845,Male,Polish
6846,1992-12-12,6846,6846,Male,Portuguese
6847,1984-04-11,6847,6847,Male,Hindi
6848,1965-08-03,6848,6848,Male,Italian
6849,1981-05-11,6849,6849,Non-binary,Dutch
6850,1984-07-27,6850,6850,Male,French
6851,1983-07-01,6851,6851,Male,Russian
6852,1990-12-06,6852,6852,Male,Dutch
6853,2000-04-01,6853,6853,Female,Mandarin
6854,2000-04-22,6854,6854,Prefer not to say,Greek
6855,1960-03-09,6855,6855,Female,Portuguese
6856,1974-11-04,6856,6856,Male,Arabic
6857,1986-12-11,6857,6857,Prefer not to say,German
6858,1966-12-23,6858,6858,Male,Romanian
6859,1972-10-25,6859,6859,Non-binary,Mandarin
6860,1995-12-30,6860,6860,Male,French
6861,1986-04-17,6861,6861,Non-binary,Polish
6862,1971-01-30,6862,6862,Female,Polish
6863,1969-01-21,6863,6863,Male,Turkish
6864,1962-04-05,6864,6864,Male,Arabic
6865,1966-05-31,6865,6865,Non-binary,English
6866,1963-07-30,6866,6866,Male,Korean
6867,1966-11-08,6867,6867,Non-binary,Swedish
6868,1963-07-18,6868,6868,Non-binary,Vietnamese
6869,1991-09-09,6869,6869,Female,Arabic
6870,1984-02-01,6870,6870,Male,Polish
6871,1969-08-10,6871,6871,Male,Russian
6872,1995-03-20,6872,6872,Non-binary,Japanese
6873,1967-03-12,6873,6873,Prefer not to say,Dutch
6874,1987-11-11,6874,6874,Prefer not to say,Russian
6875,1975-03-20,6875,6875,Female,Italian
6876,1997-03-16,6876,6876,Non-binary,Polish
6877,1976-12-25,6877,6877,Male,Arabic
6878,1969-06-26,6878,6878,Female,English
6879,1971-12-01,6879,6879,Prefer not to say,Romanian
6880,1995-02-27,6880,6880,Non-binary,Greek
6881,1960-10-19,6881,6881,Non-binary,Portuguese
6882,1973-12-02,6882,6882,Male,Hindi
6883,1995-01-18,6883,6883,Prefer not to say,Swedish
6884,1978-08-25,6884,6884,Prefer not to say,Romanian
6885,1994-02-12,6885,6885,Female,Greek
6886,1982-01-26,6886,6886,Male,Spanish
6887,1986-03-09,6887,6887,Non-binary,Russian
6888,1998-11-30,6888,6888,Female,Turkish
6889,1975-12-28,6889,6889,Female,Mandarin
6890,1989-04-25,6890,6890,Male,Dutch
6891,1973-08-28,6891,6891,Non-binary,Korean
6892,1985-11-13,6892,6892,Male,Italian
6893,1986-04-04,6893,6893,Prefer not to say,Arabic
6894,1967-06-21,6894,6894,Prefer not to say,Mandarin
6895,1989-09-29,6895,6895,Female,Russian
6896,1998-06-13,6896,6896,Female,Korean
6897,2000-09-12,6897,6897,Prefer not to say,Japanese
6898,1989-07-28,6898,6898,Male,English
6899,1984-11-19,6899,6899,Non-binary,Thai
6900,1964-01-11,6900,6900,Non-binary,Turkish
6901,1971-02-07,6901,6901,Male,English
6902,1986-11-01,6902,6902,Prefer not to say,English
6903,1996-03-05,6903,6903,Non-binary,Vietnamese
6904,1964-11-20,6904,6904,Prefer not to say,Korean
6905,1967-07-05,6905,6905,Male,Hindi
6906,1962-12-21,6906,6906,Prefer not to say,Polish
6907,1985-06-19,6907,6907,Male,Italian
6908,1983-07-27,6908,6908,Non-binary,Spanish
6909,1970-06-28,6909,6909,Female,French
6910,1984-06-28,6910,6910,Female,Portuguese
6911,1989-07-28,6911,6911,Non-binary,Swedish
6912,2000-03-07,6912,6912,Prefer not to say,Portuguese
6913,1999-07-21,6913,6913,Non-binary,Mandarin
6914,1987-05-01,6914,6914,Male,Russian
6915,1975-06-03,6915,6915,Male,Italian
6916,1966-01-27,6916,6916,Female,Japanese
6917,1994-08-03,6917,6917,Female,Korean
6918,1979-06-17,6918,6918,Male,Portuguese
6919,1967-08-05,6919,6919,Male,Italian
6920,1963-12-25,6920,6920,Male,Hindi
6921,1986-01-01,6921,6921,Prefer not to say,Italian
6922,1970-02-18,6922,6922,Prefer not to say,Spanish
6923,1962-02-19,6923,6923,Male,Vietnamese
6924,1983-09-01,6924,6924,Male,Korean
6925,1997-03-28,6925,6925,Non-binary,Italian
6926,1970-01-15,6926,6926,Female,Dutch
6927,1973-01-29,6927,6927,Male,Vietnamese
6928,1963-06-18,6928,6928,Male,Turkish
6929,1964-12-11,6929,6929,Male,Italian
6930,1972-03-31,6930,6930,Non-binary,Arabic
6931,1985-10-27,6931,6931,Male,Vietnamese
6932,1990-09-19,6932,6932,Prefer not to say,Polish
6933,1982-01-29,6933,6933,Non-binary,Japanese
6934,1967-04-12,6934,6934,Non-binary,Japanese
6935,1982-06-01,6935,6935,Non-binary,Swedish
6936,1990-10-17,6936,6936,Prefer not to say,Portuguese
6937,1988-11-25,6937,6937,Female,English
6938,1983-02-13,6938,6938,Female,French
6939,2000-07-03,6939,6939,Non-binary,English
6940,1996-06-15,6940,6940,Female,Portuguese
6941,1989-12-24,6941,6941,Female,Polish
6942,1978-01-29,6942,6942,Non-binary,Turkish
6943,1985-07-05,6943,6943,Prefer not to say,Portuguese
6944,1980-05-10,6944,6944,Male,Mandarin
6945,1993-05-31,6945,6945,Non-binary,Portuguese
6946,1960-03-25,6946,6946,Prefer not to say,Polish
6947,1967-07-05,6947,6947,Female,Arabic
6948,1982-10-28,6948,6948,Female,Romanian
6949,1983-11-22,6949,6949,Non-binary,English
6950,1981-05-30,6950,6950,Female,German
6951,1981-07-22,6951,6951,Non-binary,Japanese
6952,1973-01-17,6952,6952,Prefer not to say,Dutch
6953,1983-01-07,6953,6953,Female,Romanian
6954,1997-05-04,6954,6954,Non-binary,Thai
6955,1963-06-01,6955,6955,Non-binary,Dutch
6956,1994-11-23,6956,6956,Male,Italian
6957,1962-01-24,6957,6957,Prefer not to say,Arabic
6958,1972-05-01,6958,6958,Prefer not to say,Spanish
6959,1998-09-25,6959,6959,Prefer not to say,Arabic
6960,1974-04-04,6960,6960,Non-binary,Italian
6961,1999-12-24,6961,6961,Prefer not to say,Japanese
6962,1962-04-16,6962,6962,Male,Portuguese
6963,1980-05-25,6963,6963,Female,Greek
6964,1978-04-22,6964,6964,Male,Turkish
6965,1977-01-25,6965,6965,Female,Vietnamese
6966,1984-11-19,6966,6966,Prefer not to say,Spanish
6967,1976-02-14,6967,6967,Non-binary,Hindi
6968,1978-06-26,6968,6968,Female,Italian
6969,1969-03-28,6969,6969,Prefer not to say,Greek
6970,1976-01-19,6970,6970,Prefer not to say,Vietnamese
6971,1988-01-28,6971,6971,Non-binary,Greek
6972,1962-06-28,6972,6972,Non-binary,Vietnamese
6973,1981-09-28,6973,6973,Male,Vietnamese
6974,1972-05-14,6974,6974,Male,Russian
6975,1994-03-18,6975,6975,Non-binary,Polish
6976,1998-06-11,6976,6976,Female,Romanian
6977,1963-08-02,6977,6977,Male,Japanese
6978,1980-09-16,6978,6978,Prefer not to say,Thai
6979,1969-06-28,6979,6979,Prefer not to say,Japanese
6980,1987-11-25,6980,6980,Male,Dutch
6981,1978-07-27,6981,6981,Female,Italian
6982,1995-04-20,6982,6982,Non-binary,Greek
6983,1983-09-06,6983,6983,Prefer not to say,French
6984,1991-10-12,6984,6984,Prefer not to say,Romanian
6985,1980-04-29,6985,6985,Prefer not to say,Greek
6986,1983-12-13,6986,6986,Non-binary,Swedish
6987,1970-12-08,6987,6987,Male,English
6988,1968-05-26,6988,6988,Female,Turkish
6989,1973-12-01,6989,6989,Female,French
6990,1968-07-12,6990,6990,Prefer not to say,Spanish
6991,1964-11-01,6991,6991,Prefer not to say,Romanian
6992,1982-04-18,6992,6992,Female,Russian
6993,1969-12-24,6993,6993,Non-binary,Russian
6994,1985-01-28,6994,6994,Prefer not to say,Japanese
6995,1965-10-20,6995,6995,Female,Spanish
6996,1970-01-20,6996,6996,Male,Swedish
6997,1972-11-13,6997,6997,Female,German
6998,1995-07-02,6998,6998,Male,Turkish
6999,1961-07-05,6999,6999,Female,Mandarin
7000,1975-09-04,7000,7000,Male,French
7001,1978-02-27,7001,7001,Female,Swedish
7002,1965-08-28,7002,7002,Female,Turkish
7003,1973-05-18,7003,7003,Prefer not to say,French
7004,1960-10-09,7004,7004,Female,Arabic
7005,1989-09-09,7005,7005,Non-binary,English
7006,1979-02-05,7006,7006,Non-binary,Thai
7007,1990-11-09,7007,7007,Prefer not to say,Arabic
7008,1994-02-24,7008,7008,Female,Hindi
7009,1975-09-02,7009,7009,Prefer not to say,German
7010,1994-08-08,7010,7010,Male,Italian
7011,1974-09-23,7011,7011,Female,Thai
7012,1962-10-02,7012,7012,Prefer not to say,Mandarin
7013,1992-10-23,7013,7013,Male,Portuguese
7014,1970-06-18,7014,7014,Male,Russian
7015,1963-10-25,7015,7015,Prefer not to say,Turkish
7016,1973-08-31,7016,7016,Non-binary,Italian
7017,1968-02-10,7017,7017,Non-binary,Swedish
7018,1984-10-12,7018,7018,Non-binary,Korean
7019,1989-11-27,7019,7019,Male,Japanese
7020,1973-08-15,7020,7020,Male,Swedish
7021,1989-10-22,7021,7021,Non-binary,Swedish
7022,1997-05-11,7022,7022,Female,Mandarin
7023,1979-07-14,7023,7023,Female,Russian
7024,1963-12-19,7024,7024,Male,Italian
7025,1984-11-18,7025,7025,Male,Thai
7026,1973-03-31,7026,7026,Non-binary,German
7027,1984-01-18,7027,7027,Non-binary,Romanian
7028,1991-05-20,7028,7028,Prefer not to say,Russian
7029,1982-08-31,7029,7029,Male,English
7030,1961-12-30,7030,7030,Prefer not to say,Turkish
7031,1964-03-12,7031,7031,Prefer not to say,Japanese
7032,1960-04-30,7032,7032,Non-binary,Spanish
7033,1991-01-13,7033,7033,Female,French
7034,1963-07-06,7034,7034,Female,Dutch
7035,1993-01-11,7035,7035,Female,Hindi
7036,1973-04-11,7036,7036,Male,Portuguese
7037,1966-06-12,7037,7037,Female,Arabic
7038,1981-06-23,7038,7038,Non-binary,Swedish
7039,1972-05-10,7039,7039,Male,Korean
7040,1965-12-20,7040,7040,Male,Mandarin
7041,1974-03-21,7041,7041,Non-binary,English
7042,1984-05-17,7042,7042,Female,Portuguese
7043,1997-06-16,7043,7043,Male,Italian
7044,1989-12-19,7044,7044,Non-binary,Dutch
7045,1980-12-13,7045,7045,Male,Russian
7046,1987-06-21,7046,7046,Male,Korean
7047,1986-11-16,7047,7047,Female,Mandarin
7048,1987-12-29,7048,7048,Prefer not to say,Romanian
7049,1973-04-19,7049,7049,Prefer not to say,Portuguese
7050,1980-09-14,7050,7050,Female,Greek
7051,1961-04-19,7051,7051,Prefer not to say,English
7052,1993-01-08,7052,7052,Female,Korean
7053,1961-07-24,7053,7053,Male,Swedish
7054,1999-11-07,7054,7054,Non-binary,Swedish
7055,1968-04-25,7055,7055,Female,Japanese
7056,1964-11-02,7056,7056,Prefer not to say,Thai
7057,1963-07-12,7057,7057,Female,Hindi
7058,1996-06-08,7058,7058,Prefer not to say,English
7059,1966-12-09,7059,7059,Prefer not to say,Arabic
7060,1985-02-09,7060,7060,Prefer not to say,Spanish
7061,1996-09-23,7061,7061,Female,Arabic
7062,1979-08-03,7062,7062,Non-binary,Spanish
7063,1963-02-23,7063,7063,Non-binary,Arabic
7064,1995-08-06,7064,7064,Male,Spanish
7065,1976-07-12,7065,7065,Female,Hindi
7066,1977-09-27,7066,7066,Female,French
7067,1998-01-03,7067,7067,Female,Turkish
7068,1981-03-09,7068,7068,Male,Vietnamese
7069,1973-11-14,7069,7069,Female,Greek
7070,1975-11-14,7070,7070,Male,Spanish
7071,1985-09-24,7071,7071,Male,German
7072,1982-02-12,7072,7072,Male,Romanian
7073,1983-06-28,7073,7073,Non-binary,German
7074,1989-10-01,7074,7074,Prefer not to say,Russian
7075,1985-06-03,7075,7075,Prefer not to say,Romanian
7076,1986-10-27,7076,7076,Male,Russian
7077,1972-03-02,7077,7077,Non-binary,Polish
7078,1964-09-14,7078,7078,Female,Portuguese
7079,1986-12-27,7079,7079,Non-binary,Romanian
7080,1987-10-28,7080,7080,Non-binary,Greek
7081,1994-05-20,7081,7081,Non-binary,Greek
7082,1973-01-28,7082,7082,Female,Turkish
7083,1987-03-12,7083,7083,Prefer not to say,French
7084,1973-04-04,7084,7084,Male,Russian
7085,1991-11-04,7085,7085,Male,Russian
7086,1970-02-14,7086,7086,Non-binary,Russian
7087,1978-09-26,7087,7087,Male,Portuguese
7088,1969-11-04,7088,7088,Male,Greek
7089,1968-12-13,7089,7089,Female,Vietnamese
7090,1986-02-18,7090,7090,Male,Spanish
7091,1995-10-10,7091,7091,Male,Turkish
7092,1965-06-03,7092,7092,Male,Swedish
7093,1995-09-21,7093,7093,Prefer not to say,Hindi
7094,1980-02-02,7094,7094,Male,English
7095,1963-10-18,7095,7095,Male,Swedish
7096,1993-04-25,7096,7096,Male,Greek
7097,1961-09-04,7097,7097,Female,German
7098,1994-12-10,7098,7098,Prefer not to say,Spanish
7099,1992-03-29,7099,7099,Female,Dutch
7100,1974-01-20,7100,7100,Male,Greek
7101,1976-07-29,7101,7101,Non-binary,Italian
7102,1969-02-11,7102,7102,Female,Vietnamese
7103,1986-03-31,7103,7103,Female,Vietnamese
7104,1987-12-26,7104,7104,Prefer not to say,Spanish
7105,1972-11-02,7105,7105,Prefer not to say,Mandarin
7106,1961-07-15,7106,7106,Prefer not to say,Greek
7107,1966-03-12,7107,7107,Female,Vietnamese
7108,1970-12-30,7108,7108,Prefer not to say,English
7109,1966-12-16,7109,7109,Female,French
7110,1977-06-19,7110,7110,Female,Romanian
7111,1976-07-11,7111,7111,Male,Italian
7112,1961-07-30,7112,7112,Prefer not to say,French
7113,1981-11-28,7113,7113,Male,Spanish
7114,1988-12-04,7114,7114,Female,Swedish
7115,1971-08-02,7115,7115,Non-binary,Polish
7116,1973-12-24,7116,7116,Prefer not to say,Arabic
7117,1984-12-26,7117,7117,Male,Thai
7118,1976-04-11,7118,7118,Non-binary,Mandarin
7119,1974-03-05,7119,7119,Non-binary,Turkish
7120,1977-09-08,7120,7120,Prefer not to say,Japanese
7121,2000-12-03,7121,7121,Non-binary,Mandarin
7122,1981-04-01,7122,7122,Prefer not to say,Dutch
7123,1982-10-10,7123,7123,Female,English
7124,1981-04-22,7124,7124,Female,Korean
7125,1972-12-20,7125,7125,Prefer not to say,Romanian
7126,1990-05-12,7126,7126,Male,Italian
7127,1969-06-04,7127,7127,Non-binary,French
7128,1986-11-10,7128,7128,Female,Dutch
7129,1964-06-01,7129,7129,Prefer not to say,Dutch
7130,2000-09-03,7130,7130,Non-binary,Korean
7131,1988-09-06,7131,7131,Female,Greek
7132,1996-11-02,7132,7132,Female,Hindi
7133,1976-06-25,7133,7133,Female,Swedish
7134,1966-05-16,7134,7134,Female,Turkish
7135,1968-05-01,7135,7135,Male,Japanese
7136,1974-11-08,7136,7136,Female,Vietnamese
7137,1972-09-27,7137,7137,Non-binary,Spanish
7138,1997-05-24,7138,7138,Male,Hindi
7139,1989-12-20,7139,7139,Male,Thai
7140,1986-03-10,7140,7140,Prefer not to say,Mandarin
7141,1990-09-15,7141,7141,Female,Russian
7142,1993-09-15,7142,7142,Prefer not to say,Spanish
7143,1973-09-19,7143,7143,Female,Russian
7144,1964-09-08,7144,7144,Prefer not to say,Greek
7145,1971-08-18,7145,7145,Non-binary,Korean
7146,1965-12-30,7146,7146,Female,Polish
7147,1966-09-17,7147,7147,Non-binary,Turkish
7148,1998-02-27,7148,7148,Female,Swedish
7149,1960-02-21,7149,7149,Female,English
7150,1997-12-16,7150,7150,Prefer not to say,Dutch
7151,1990-08-18,7151,7151,Prefer not to say,Italian
7152,1995-06-30,7152,7152,Male,Russian
7153,1983-06-17,7153,7153,Male,Turkish
7154,1984-12-26,7154,7154,Prefer not to say,German
7155,1989-05-26,7155,7155,Prefer not to say,Dutch
7156,1992-06-26,7156,7156,Prefer not to say,Polish
7157,1982-06-26,7157,7157,Non-binary,Thai
7158,2000-04-10,7158,7158,Male,Polish
7159,1966-08-19,7159,7159,Non-binary,Romanian
7160,1967-04-28,7160,7160,Prefer not to say,Arabic
7161,1977-04-23,7161,7161,Prefer not to say,Greek
7162,1977-09-07,7162,7162,Male,Mandarin
7163,1966-09-07,7163,7163,Non-binary,Greek
7164,1991-08-31,7164,7164,Female,Swedish
7165,1999-08-08,7165,7165,Non-binary,French
7166,1991-08-17,7166,7166,Female,Italian
7167,1965-11-07,7167,7167,Non-binary,Arabic
7168,1991-11-23,7168,7168,Prefer not to say,English
7169,1990-06-14,7169,7169,Non-binary,Spanish
7170,1979-07-13,7170,7170,Non-binary,Turkish
7171,1965-12-12,7171,7171,Prefer not to say,French
7172,1964-10-12,7172,7172,Prefer not to say,Spanish
7173,1975-05-06,7173,7173,Female,Polish
7174,1967-07-20,7174,7174,Prefer not to say,Swedish
7175,1981-09-20,7175,7175,Male,Thai
7176,1985-11-27,7176,7176,Non-binary,Korean
7177,1962-12-18,7177,7177,Male,Spanish
7178,1986-11-02,7178,7178,Prefer not to say,Thai
7179,1972-02-11,7179,7179,Female,Italian
7180,1991-09-25,7180,7180,Non-binary,Portuguese
7181,1961-07-12,7181,7181,Non-binary,Arabic
7182,1982-03-09,7182,7182,Male,Japanese
7183,1964-08-13,7183,7183,Female,Greek
7184,1989-11-20,7184,7184,Non-binary,Hindi
7185,1979-12-21,7185,7185,Female,Romanian
7186,1968-08-20,7186,7186,Male,Hindi
7187,1982-05-18,7187,7187,Prefer not to say,Thai
7188,1970-10-25,7188,7188,Female,Hindi
7189,1973-12-06,7189,7189,Male,Arabic
7190,1972-12-16,7190,7190,Prefer not to say,Vietnamese
7191,1975-09-15,7191,7191,Prefer not to say,Russian
7192,1969-07-21,7192,7192,Non-binary,German
7193,1976-05-11,7193,7193,Female,Thai
7194,1978-01-04,7194,7194,Prefer not to say,Russian
7195,1989-02-25,7195,7195,Female,Russian
7196,1995-08-08,7196,7196,Male,Korean
7197,1992-01-17,7197,7197,Non-binary,German
7198,1998-04-29,7198,7198,Female,Swedish
7199,1984-06-03,7199,7199,Female,Romanian
7200,1975-04-02,7200,7200,Male,Spanish
7201,1979-03-07,7201,7201,Female,Russian
7202,1968-05-26,7202,7202,Female,English
7203,1970-05-12,7203,7203,Male,Russian
7204,1972-02-17,7204,7204,Prefer not to say,Turkish
7205,1992-03-15,7205,7205,Female,Vietnamese
7206,1996-04-24,7206,7206,Non-binary,French
7207,1965-11-12,7207,7207,Male,Greek
7208,1986-03-02,7208,7208,Non-binary,Thai
7209,1987-06-15,7209,7209,Male,Arabic
7210,1970-08-23,7210,7210,Male,Mandarin
7211,1989-09-07,7211,7211,Male,French
7212,1993-05-02,7212,7212,Female,English
7213,1964-02-14,7213,7213,Female,Italian
7214,1986-01-08,7214,7214,Non-binary,Hindi
7215,1971-02-24,7215,7215,Female,Greek
7216,1970-06-27,7216,7216,Prefer not to say,Dutch
7217,1961-07-15,7217,7217,Male,Japanese
7218,1987-09-17,7218,7218,Prefer not to say,Dutch
7219,1960-10-17,7219,7219,Male,Japanese
7220,1998-12-23,7220,7220,Non-binary,English
7221,1993-05-03,7221,7221,Female,Romanian
7222,1979-09-25,7222,7222,Prefer not to say,Vietnamese
7223,1966-06-28,7223,7223,Female,Italian
7224,1980-02-12,7224,7224,Prefer not to say,Japanese
7225,1994-11-15,7225,7225,Prefer not to say,Romanian
7226,1965-10-18,7226,7226,Non-binary,Arabic
7227,1964-08-27,7227,7227,Non-binary,Spanish
7228,1976-04-28,7228,7228,Prefer not to say,Spanish
7229,1972-10-14,7229,7229,Prefer not to say,Russian
7230,1977-11-19,7230,7230,Prefer not to say,Dutch
7231,1968-10-20,7231,7231,Non-binary,Japanese
7232,1973-05-20,7232,7232,Female,Italian
7233,1987-12-21,7233,7233,Male,Hindi
7234,1976-10-18,7234,7234,Male,Dutch
7235,1972-09-02,7235,7235,Male,English
7236,1991-11-04,7236,7236,Female,Russian
7237,1992-07-20,7237,7237,Female,French
7238,1987-09-06,7238,7238,Prefer not to say,English
7239,1982-03-15,7239,7239,Prefer not to say,Greek
7240,1977-07-26,7240,7240,Female,Romanian
7241,1992-07-08,7241,7241,Female,French
7242,1979-04-04,7242,7242,Non-binary,Polish
7243,1962-10-29,7243,7243,Male,Spanish
7244,1998-08-03,7244,7244,Female,German
7245,1974-03-22,7245,7245,Non-binary,Mandarin
7246,1989-05-25,7246,7246,Female,German
7247,1971-03-10,7247,7247,Non-binary,Turkish
7248,1979-03-21,7248,7248,Prefer not to say,Italian
7249,2000-10-29,7249,7249,Female,Vietnamese
7250,1995-05-20,7250,7250,Male,Greek
7251,1993-02-28,7251,7251,Female,Greek
7252,1976-10-18,7252,7252,Male,French
7253,1983-09-19,7253,7253,Female,Japanese
7254,1985-05-25,7254,7254,Female,Vietnamese
7255,1994-09-18,7255,7255,Non-binary,Thai
7256,1979-12-29,7256,7256,Non-binary,Russian
7257,1995-11-08,7257,7257,Prefer not to say,Thai
7258,1978-09-12,7258,7258,Prefer not to say,Japanese
7259,1986-05-09,7259,7259,Non-binary,Japanese
7260,1968-10-22,7260,7260,Female,Italian
7261,1990-07-11,7261,7261,Male,Thai
7262,1990-03-05,7262,7262,Non-binary,Portuguese
7263,1997-04-03,7263,7263,Female,Italian
7264,1982-12-23,7264,7264,Prefer not to say,Dutch
7265,1969-07-06,7265,7265,Male,French
7266,1993-09-25,7266,7266,Female,French
7267,1980-04-20,7267,7267,Female,Arabic
7268,1970-11-03,7268,7268,Female,Thai
7269,1972-08-26,7269,7269,Non-binary,Mandarin
7270,1994-05-01,7270,7270,Non-binary,Portuguese
7271,1978-06-14,7271,7271,Female,Russian
7272,1997-05-11,7272,7272,Non-binary,Mandarin
7273,1993-04-09,7273,7273,Female,Swedish
7274,1968-02-25,7274,7274,Prefer not to say,Swedish
7275,1981-03-28,7275,7275,Male,Spanish
7276,1986-02-21,7276,7276,Prefer not to say,Dutch
7277,1975-11-22,7277,7277,Non-binary,Mandarin
7278,1973-02-01,7278,7278,Non-binary,Dutch
7279,1963-10-27,7279,7279,Male,Spanish
7280,1982-06-17,7280,7280,Female,German
7281,2000-01-23,7281,7281,Non-binary,French
7282,1999-09-18,7282,7282,Prefer not to say,Turkish
7283,1982-10-23,7283,7283,Female,French
7284,1961-12-07,7284,7284,Prefer not to say,English
7285,1971-05-16,7285,7285,Male,Turkish
7286,1986-08-20,7286,7286,Non-binary,Swedish
7287,1985-04-23,7287,7287,Male,Portuguese
7288,1973-03-30,7288,7288,Prefer not to say,Russian
7289,2000-06-29,7289,7289,Male,English
7290,1976-10-08,7290,7290,Prefer not to say,Spanish
7291,1995-11-22,7291,7291,Female,Vietnamese
7292,1975-11-20,7292,7292,Prefer not to say,Hindi
7293,1965-10-01,7293,7293,Female,Portuguese
7294,1962-11-01,7294,7294,Non-binary,Polish
7295,1994-09-15,7295,7295,Male,Swedish
7296,1962-06-17,7296,7296,Female,Hindi
7297,1979-09-28,7297,7297,Male,Japanese
7298,1985-07-19,7298,7298,Non-binary,Russian
7299,2000-02-05,7299,7299,Female,Vietnamese
7300,1966-01-22,7300,7300,Female,Spanish
7301,1984-12-10,7301,7301,Prefer not to say,Arabic
7302,1974-01-19,7302,7302,Non-binary,Italian
7303,1981-09-13,7303,7303,Male,French
7304,1977-03-24,7304,7304,Non-binary,Turkish
7305,1966-11-10,7305,7305,Non-binary,Italian
7306,1981-10-10,7306,7306,Non-binary,French
7307,1964-06-23,7307,7307,Non-binary,Korean
7308,1992-08-23,7308,7308,Female,Japanese
7309,1990-12-23,7309,7309,Prefer not to say,Swedish
7310,1986-11-06,7310,7310,Male,Turkish
7311,1986-03-21,7311,7311,Non-binary,Hindi
7312,1981-11-14,7312,7312,Non-binary,Vietnamese
7313,1998-02-18,7313,7313,Prefer not to say,Russian
7314,1979-08-07,7314,7314,Non-binary,Spanish
7315,1981-05-02,7315,7315,Male,Thai
7316,1994-06-26,7316,7316,Non-binary,German
7317,1990-08-01,7317,7317,Female,Dutch
7318,1989-04-07,7318,7318,Non-binary,Polish
7319,2000-02-27,7319,7319,Non-binary,Mandarin
7320,1974-01-13,7320,7320,Female,Russian
7321,1987-01-16,7321,7321,Prefer not to say,Swedish
7322,1983-11-17,7322,7322,Non-binary,Vietnamese
7323,1978-05-13,7323,7323,Non-binary,Polish
7324,1984-05-22,7324,7324,Prefer not to say,Portuguese
7325,1988-01-26,7325,7325,Female,Japanese
7326,1960-10-10,7326,7326,Male,French
7327,1981-03-21,7327,7327,Male,Vietnamese
7328,1969-11-05,7328,7328,Male,Dutch
7329,2000-07-24,7329,7329,Female,Turkish
7330,1984-06-25,7330,7330,Female,Korean
7331,1961-10-15,7331,7331,Female,Spanish
7332,1973-04-15,7332,7332,Prefer not to say,Russian
7333,1975-09-18,7333,7333,Non-binary,Arabic
7334,1962-03-14,7334,7334,Female,Thai
7335,1994-04-12,7335,7335,Male,French
7336,2000-12-13,7336,7336,Non-binary,Spanish
7337,1967-10-30,7337,7337,Prefer not to say,Spanish
7338,1964-09-18,7338,7338,Prefer not to say,Vietnamese
7339,1994-11-13,7339,7339,Female,Romanian
7340,1992-05-01,7340,7340,Non-binary,Vietnamese
7341,1973-02-18,7341,7341,Non-binary,Russian
7342,1979-03-10,7342,7342,Prefer not to say,Romanian
7343,1992-01-09,7343,7343,Female,Turkish
7344,1978-07-27,7344,7344,Non-binary,Turkish
7345,1979-09-30,7345,7345,Female,Hindi
7346,1964-02-05,7346,7346,Male,Italian
7347,1983-10-08,7347,7347,Female,Russian
7348,1978-10-05,7348,7348,Male,Dutch
7349,1993-10-26,7349,7349,Male,Mandarin
7350,1975-05-27,7350,7350,Prefer not to say,German
7351,1994-10-31,7351,7351,Female,Russian
7352,1985-02-16,7352,7352,Non-binary,German
7353,1967-04-20,7353,7353,Non-binary,Turkish
7354,1960-03-24,7354,7354,Female,French
7355,1973-01-02,7355,7355,Female,French
7356,1978-06-30,7356,7356,Prefer not to say,English
7357,1990-07-01,7357,7357,Female,Mandarin
7358,1980-12-23,7358,7358,Non-binary,Japanese
7359,1977-05-04,7359,7359,Male,Hindi
7360,1989-03-07,7360,7360,Male,Thai
7361,1979-10-27,7361,7361,Female,Spanish
7362,1977-05-23,7362,7362,Female,German
7363,1963-12-05,7363,7363,Female,Vietnamese
7364,2000-12-11,7364,7364,Male,English
7365,1969-08-04,7365,7365,Non-binary,Japanese
7366,1979-05-22,7366,7366,Female,Russian
7367,1970-12-15,7367,7367,Prefer not to say,Swedish
7368,1984-02-16,7368,7368,Female,Italian
7369,1987-06-16,7369,7369,Non-binary,English
7370,1968-09-26,7370,7370,Male,Greek
7371,1983-04-07,7371,7371,Male,German
7372,1979-05-26,7372,7372,Non-binary,Romanian
7373,1965-06-20,7373,7373,Prefer not to say,Arabic
7374,1989-12-01,7374,7374,Prefer not to say,Dutch
7375,1985-01-16,7375,7375,Male,Hindi
7376,1975-06-20,7376,7376,Prefer not to say,Turkish
7377,1969-05-11,7377,7377,Male,Arabic
7378,1987-07-15,7378,7378,Prefer not to say,Portuguese
7379,1988-06-13,7379,7379,Non-binary,Swedish
7380,1993-01-27,7380,7380,Male,Turkish
7381,1991-10-13,7381,7381,Female,Korean
7382,1999-10-16,7382,7382,Female,French
7383,1988-09-21,7383,7383,Male,French
7384,1990-10-01,7384,7384,Female,Portuguese
7385,1961-02-18,7385,7385,Male,Greek
7386,1973-06-02,7386,7386,Male,Romanian
7387,1963-08-08,7387,7387,Prefer not to say,Korean
7388,1986-10-20,7388,7388,Prefer not to say,Russian
7389,1973-09-02,7389,7389,Prefer not to say,Turkish
7390,1991-11-11,7390,7390,Non-binary,Romanian
7391,1998-12-28,7391,7391,Non-binary,Russian
7392,1972-05-25,7392,7392,Non-binary,Dutch
7393,1968-08-14,7393,7393,Non-binary,Mandarin
7394,1993-02-25,7394,7394,Prefer not to say,Korean
7395,1977-01-24,7395,7395,Prefer not to say,Dutch
7396,1971-09-10,7396,7396,Male,Swedish
7397,1989-07-06,7397,7397,Male,Spanish
7398,1979-07-03,7398,7398,Non-binary,Greek
7399,1997-01-02,7399,7399,Non-binary,Romanian
7400,1970-09-19,7400,7400,Female,Korean
7401,1995-11-09,7401,7401,Prefer not to say,Romanian
7402,1961-01-25,7402,7402,Female,Mandarin
7403,1989-11-29,7403,7403,Non-binary,Greek
7404,1987-11-16,7404,7404,Non-binary,Thai
7405,1963-07-23,7405,7405,Female,Greek
7406,1974-04-25,7406,7406,Male,English
7407,1979-04-24,7407,7407,Female,Russian
7408,1967-09-09,7408,7408,Non-binary,Vietnamese
7409,1983-07-28,7409,7409,Non-binary,Korean
7410,1960-11-01,7410,7410,Male,Swedish
7411,1990-10-09,7411,7411,Non-binary,Romanian
7412,1996-01-05,7412,7412,Female,Dutch
7413,1990-04-10,7413,7413,Non-binary,Arabic
7414,1978-05-12,7414,7414,Prefer not to say,English
7415,1983-12-02,7415,7415,Male,Mandarin
7416,1971-06-13,7416,7416,Prefer not to say,German
7417,1984-10-05,7417,7417,Male,Mandarin
7418,1976-08-21,7418,7418,Prefer not to say,English
7419,2000-08-12,7419,7419,Non-binary,Polish
7420,1968-12-28,7420,7420,Female,Swedish
7421,1999-11-13,7421,7421,Male,Romanian
7422,1992-11-02,7422,7422,Female,Japanese
7423,1998-04-10,7423,7423,Male,Korean
7424,1981-01-05,7424,7424,Prefer not to say,Dutch
7425,1980-07-20,7425,7425,Prefer not to say,Arabic
7426,1997-03-06,7426,7426,Non-binary,German
7427,1994-04-08,7427,7427,Non-binary,Italian
7428,1974-05-04,7428,7428,Non-binary,Turkish
7429,1985-09-08,7429,7429,Non-binary,Vietnamese
7430,1987-04-03,7430,7430,Female,English
7431,1993-10-04,7431,7431,Prefer not to say,Korean
7432,1967-07-06,7432,7432,Female,Arabic
7433,1961-04-20,7433,7433,Non-binary,Turkish
7434,1973-12-30,7434,7434,Male,Greek
7435,1993-10-22,7435,7435,Non-binary,Dutch
7436,1969-01-30,7436,7436,Non-binary,Polish
7437,1994-07-01,7437,7437,Non-binary,French
7438,1988-04-14,7438,7438,Female,Romanian
7439,2000-06-19,7439,7439,Non-binary,Korean
7440,1971-12-07,7440,7440,Non-binary,French
7441,1994-01-28,7441,7441,Prefer not to say,English
7442,1991-03-08,7442,7442,Non-binary,German
7443,1969-04-29,7443,7443,Non-binary,Italian
7444,1995-01-01,7444,7444,Prefer not to say,Portuguese
7445,1971-10-14,7445,7445,Prefer not to say,German
7446,1996-08-09,7446,7446,Female,Mandarin
7447,1981-06-05,7447,7447,Female,Greek
7448,1984-07-08,7448,7448,Female,Spanish
7449,1980-05-29,7449,7449,Non-binary,English
7450,1970-05-05,7450,7450,Non-binary,Thai
7451,1986-08-28,7451,7451,Male,Romanian
7452,1980-07-24,7452,7452,Prefer not to say,Thai
7453,1962-12-08,7453,7453,Non-binary,Swedish
7454,1989-02-13,7454,7454,Female,Japanese
7455,1978-09-02,7455,7455,Non-binary,Thai
7456,1963-09-17,7456,7456,Non-binary,Arabic
7457,1998-06-16,7457,7457,Male,French
7458,1983-01-24,7458,7458,Prefer not to say,Korean
7459,2000-06-23,7459,7459,Female,Korean
7460,1983-09-19,7460,7460,Non-binary,Greek
7461,1996-07-13,7461,7461,Female,Swedish
7462,1995-08-21,7462,7462,Female,Dutch
7463,1967-11-16,7463,7463,Male,Spanish
7464,1983-07-02,7464,7464,Non-binary,Arabic
7465,1969-05-05,7465,7465,Non-binary,Spanish
7466,1994-08-27,7466,7466,Prefer not to say,Vietnamese
7467,1992-09-08,7467,7467,Prefer not to say,Thai
7468,1971-01-05,7468,7468,Male,English
7469,1966-03-21,7469,7469,Prefer not to say,German
7470,1984-03-19,7470,7470,Male,Portuguese
7471,1981-10-05,7471,7471,Male,Vietnamese
7472,1973-05-08,7472,7472,Female,Thai
7473,1975-06-16,7473,7473,Female,Hindi
7474,1995-12-30,7474,7474,Non-binary,Mandarin
7475,1993-03-12,7475,7475,Prefer not to say,Korean
7476,1987-08-02,7476,7476,Prefer not to say,Greek
7477,1970-12-31,7477,7477,Non-binary,German
7478,1998-11-25,7478,7478,Prefer not to say,Turkish
7479,1974-07-01,7479,7479,Prefer not to say,Thai
7480,1971-05-22,7480,7480,Prefer not to say,Korean
7481,1990-02-04,7481,7481,Male,Hindi
7482,1985-08-28,7482,7482,Female,Polish
7483,1960-10-16,7483,7483,Non-binary,Romanian
7484,1967-10-24,7484,7484,Male,Arabic
7485,1983-12-29,7485,7485,Female,Thai
7486,1988-03-17,7486,7486,Non-binary,Italian
7487,1967-01-29,7487,7487,Prefer not to say,Japanese
7488,1978-12-04,7488,7488,Male,English
7489,1994-11-29,7489,7489,Male,Turkish
7490,1971-07-07,7490,7490,Female,Polish
7491,1961-09-15,7491,7491,Non-binary,Mandarin
7492,1963-10-12,7492,7492,Non-binary,Polish
7493,1975-07-11,7493,7493,Non-binary,Swedish
7494,1984-04-06,7494,7494,Female,Turkish
7495,1983-07-05,7495,7495,Female,Dutch
7496,1977-01-23,7496,7496,Prefer not to say,Thai
7497,1985-03-09,7497,7497,Prefer not to say,Japanese
7498,1963-11-08,7498,7498,Female,German
7499,2000-01-07,7499,7499,Male,Japanese
7500,1994-05-22,7500,7500,Male,Vietnamese
7501,1963-09-30,7501,7501,Female,Romanian
7502,1972-09-02,7502,7502,Non-binary,Mandarin
7503,1989-01-23,7503,7503,Male,Italian
7504,1997-09-22,7504,7504,Male,Romanian
7505,1979-03-16,7505,7505,Non-binary,Thai
7506,1960-08-18,7506,7506,Female,French
7507,1986-08-17,7507,7507,Female,Vietnamese
7508,1961-03-13,7508,7508,Male,Romanian
7509,1999-12-15,7509,7509,Prefer not to say,French
7510,1984-05-28,7510,7510,Prefer not to say,French
7511,1982-01-02,7511,7511,Male,Greek
7512,1982-05-05,7512,7512,Female,Arabic
7513,1978-04-24,7513,7513,Non-binary,Hindi
7514,1971-11-03,7514,7514,Prefer not to say,Arabic
7515,1974-04-21,7515,7515,Prefer not to say,Hindi
7516,1986-05-14,7516,7516,Female,Arabic
7517,1987-10-14,7517,7517,Non-binary,Portuguese
7518,1960-05-28,7518,7518,Female,Swedish
7519,1985-06-06,7519,7519,Non-binary,Portuguese
7520,1973-08-04,7520,7520,Female,Portuguese
7521,1989-02-03,7521,7521,Male,Spanish
7522,1960-10-31,7522,7522,Male,Turkish
7523,1990-10-02,7523,7523,Female,Russian
7524,1972-08-19,7524,7524,Male,Turkish
7525,1966-10-08,7525,7525,Female,Italian
7526,1980-05-19,7526,7526,Male,Swedish
7527,1961-01-06,7527,7527,Female,Polish
7528,1970-05-25,7528,7528,Female,Turkish
7529,1991-07-13,7529,7529,Non-binary,Arabic
7530,1967-12-18,7530,7530,Female,Spanish
7531,1968-11-26,7531,7531,Prefer not to say,Hindi
7532,1982-06-09,7532,7532,Non-binary,Russian
7533,1987-06-05,7533,7533,Female,Russian
7534,1987-11-23,7534,7534,Non-binary,Polish
7535,1966-01-18,7535,7535,Male,Dutch
7536,1960-12-20,7536,7536,Non-binary,Mandarin
7537,1966-12-28,7537,7537,Male,English
7538,1993-11-25,7538,7538,Male,Spanish
7539,1997-09-21,7539,7539,Male,Dutch
7540,1997-04-16,7540,7540,Female,Swedish
7541,1964-01-10,7541,7541,Prefer not to say,Russian
7542,1981-09-15,7542,7542,Prefer not to say,Russian
7543,1972-11-11,7543,7543,Non-binary,German
7544,1990-04-01,7544,7544,Male,Korean
7545,1976-12-21,7545,7545,Female,Romanian
7546,1968-05-02,7546,7546,Female,Polish
7547,1980-05-01,7547,7547,Male,Arabic
7548,1963-11-18,7548,7548,Male,Arabic
7549,1999-09-05,7549,7549,Prefer not to say,Greek
7550,1997-12-14,7550,7550,Male,German
7551,1980-08-26,7551,7551,Male,Turkish
7552,1962-11-04,7552,7552,Prefer not to say,Hindi
7553,1991-06-05,7553,7553,Prefer not to say,Swedish
7554,1978-03-19,7554,7554,Prefer not to say,Russian
7555,1982-05-12,7555,7555,Non-binary,Arabic
7556,1993-12-03,7556,7556,Female,Arabic
7557,1981-01-06,7557,7557,Non-binary,Vietnamese
7558,1993-01-08,7558,7558,Male,Japanese
7559,1995-06-23,7559,7559,Non-binary,Russian
7560,1993-05-26,7560,7560,Prefer not to say,Arabic
7561,1992-01-04,7561,7561,Prefer not to say,French
7562,1968-04-24,7562,7562,Non-binary,Dutch
7563,1973-01-19,7563,7563,Non-binary,Polish
7564,2000-12-12,7564,7564,Female,Hindi
7565,1979-06-12,7565,7565,Female,Mandarin
7566,1962-03-30,7566,7566,Female,Thai
7567,1992-07-14,7567,7567,Male,Swedish
7568,1986-06-29,7568,7568,Non-binary,Turkish
7569,1961-08-30,7569,7569,Non-binary,Spanish
7570,1960-02-26,7570,7570,Non-binary,Dutch
7571,1969-08-04,7571,7571,Non-binary,Mandarin
7572,1979-08-21,7572,7572,Prefer not to say,Polish
7573,1961-01-09,7573,7573,Non-binary,English
7574,1976-08-11,7574,7574,Male,Arabic
7575,1986-06-24,7575,7575,Male,Thai
7576,1980-05-13,7576,7576,Male,Turkish
7577,1999-03-10,7577,7577,Female,Arabic
7578,1961-06-12,7578,7578,Female,German
7579,1965-12-31,7579,7579,Male,Mandarin
7580,1994-03-24,7580,7580,Prefer not to say,Russian
7581,1969-07-30,7581,7581,Female,German
7582,1983-03-03,7582,7582,Prefer not to say,English
7583,1995-10-16,7583,7583,Male,German
7584,1984-08-27,7584,7584,Female,Korean
7585,1992-02-18,7585,7585,Male,Japanese
7586,1970-02-02,7586,7586,Non-binary,Mandarin
7587,1972-08-15,7587,7587,Female,English
7588,1963-03-17,7588,7588,Non-binary,Vietnamese
7589,1967-04-22,7589,7589,Male,Spanish
7590,1967-06-30,7590,7590,Prefer not to say,Swedish
7591,1981-07-26,7591,7591,Male,Dutch
7592,1963-06-27,7592,7592,Non-binary,English
7593,1990-01-17,7593,7593,Female,Turkish
7594,1981-09-13,7594,7594,Prefer not to say,Vietnamese
7595,1977-03-05,7595,7595,Prefer not to say,Thai
7596,1975-10-06,7596,7596,Prefer not to say,Mandarin
7597,2000-05-23,7597,7597,Male,Hindi
7598,1975-01-19,7598,7598,Female,German
7599,1967-05-17,7599,7599,Female,Greek
7600,1995-11-27,7600,7600,Female,Portuguese
7601,1989-09-12,7601,7601,Non-binary,Hindi
7602,1977-02-23,7602,7602,Non-binary,Greek
7603,1998-05-17,7603,7603,Non-binary,Japanese
7604,1970-06-27,7604,7604,Prefer not to say,Romanian
7605,2000-04-20,7605,7605,Prefer not to say,Thai
7606,1992-11-27,7606,7606,Prefer not to say,Korean
7607,1977-05-26,7607,7607,Male,Vietnamese
7608,1982-05-05,7608,7608,Non-binary,Turkish
7609,1978-10-17,7609,7609,Non-binary,Greek
7610,1976-11-25,7610,7610,Prefer not to say,Portuguese
7611,1975-02-10,7611,7611,Female,French
7612,1968-06-18,7612,7612,Prefer not to say,Romanian
7613,1993-05-28,7613,7613,Prefer not to say,Mandarin
7614,1979-08-13,7614,7614,Female,Spanish
7615,1974-01-04,7615,7615,Male,Romanian
7616,1983-08-06,7616,7616,Male,Hindi
7617,1981-10-13,7617,7617,Prefer not to say,Mandarin
7618,1976-05-06,7618,7618,Female,Japanese
7619,1992-03-09,7619,7619,Male,French
7620,1964-08-29,7620,7620,Female,Greek
7621,1994-01-30,7621,7621,Non-binary,Swedish
7622,1965-01-22,7622,7622,Male,Portuguese
7623,1988-10-19,7623,7623,Non-binary,Romanian
7624,1990-03-18,7624,7624,Non-binary,Vietnamese
7625,1975-11-30,7625,7625,Female,Greek
7626,1984-10-10,7626,7626,Non-binary,Polish
7627,1975-02-05,7627,7627,Male,Swedish
7628,1962-02-13,7628,7628,Male,Spanish
7629,1979-01-27,7629,7629,Prefer not to say,Korean
7630,1983-04-07,7630,7630,Female,Greek
7631,1994-06-23,7631,7631,Non-binary,Romanian
7632,1990-12-06,7632,7632,Female,Italian
7633,1966-11-18,7633,7633,Non-binary,Hindi
7634,1991-08-26,7634,7634,Female,Polish
7635,1981-07-01,7635,7635,Male,Hindi
7636,1960-11-01,7636,7636,Non-binary,Swedish
7637,1967-07-30,7637,7637,Prefer not to say,Spanish
7638,1977-11-10,7638,7638,Male,Vietnamese
7639,1966-10-31,7639,7639,Female,Portuguese
7640,1974-11-27,7640,7640,Male,German
7641,1993-11-28,7641,7641,Male,German
7642,1963-03-14,7642,7642,Non-binary,Russian
7643,1992-01-30,7643,7643,Male,Thai
7644,1962-01-19,7644,7644,Female,Russian
7645,1968-11-03,7645,7645,Non-binary,Romanian
7646,1990-09-01,7646,7646,Female,Italian
7647,1976-11-23,7647,7647,Female,French
7648,1998-11-15,7648,7648,Non-binary,Mandarin
7649,1991-10-14,7649,7649,Female,German
7650,1987-06-04,7650,7650,Prefer not to say,Turkish
7651,1984-03-01,7651,7651,Male,Korean
7652,1978-04-03,7652,7652,Male,Vietnamese
7653,1961-04-02,7653,7653,Prefer not to say,Vietnamese
7654,1973-11-04,7654,7654,Prefer not to say,Thai
7655,1969-01-06,7655,7655,Prefer not to say,Arabic
7656,1973-10-21,7656,7656,Male,Japanese
7657,1985-01-27,7657,7657,Female,Korean
7658,1991-01-25,7658,7658,Male,Polish
7659,1963-01-15,7659,7659,Female,Vietnamese
7660,1966-06-09,7660,7660,Non-binary,Vietnamese
7661,1965-06-20,7661,7661,Non-binary,Polish
7662,1984-04-16,7662,7662,Female,Hindi
7663,1974-05-24,7663,7663,Female,Romanian
7664,1978-06-03,7664,7664,Female,Thai
7665,1983-07-08,7665,7665,Female,Greek
7666,1962-12-30,7666,7666,Prefer not to say,Italian
7667,1994-02-25,7667,7667,Female,Japanese
7668,1979-03-18,7668,7668,Male,Hindi
7669,1990-10-29,7669,7669,Prefer not to say,Russian
7670,1961-08-24,7670,7670,Prefer not to say,French
7671,1968-06-16,7671,7671,Non-binary,French
7672,1995-06-14,7672,7672,Male,Thai
7673,1987-07-03,7673,7673,Male,Korean
7674,1974-10-29,7674,7674,Non-binary,Spanish
7675,1969-10-27,7675,7675,Female,Dutch
7676,1993-11-06,7676,7676,Female,Korean
7677,1981-04-19,7677,7677,Non-binary,Portuguese
7678,1967-06-06,7678,7678,Female,Swedish
7679,1986-04-10,7679,7679,Prefer not to say,Thai
7680,1990-01-07,7680,7680,Female,Thai
7681,1965-02-17,7681,7681,Prefer not to say,Japanese
7682,1973-09-22,7682,7682,Male,German
7683,1988-07-18,7683,7683,Female,Dutch
7684,1999-07-27,7684,7684,Non-binary,Spanish
7685,1992-01-11,7685,7685,Prefer not to say,Korean
7686,1963-08-15,7686,7686,Male,Dutch
7687,1992-04-26,7687,7687,Non-binary,English
7688,1987-06-11,7688,7688,Male,Turkish
7689,1963-10-28,7689,7689,Male,Romanian
7690,1991-03-22,7690,7690,Prefer not to say,Portuguese
7691,1978-04-20,7691,7691,Female,French
7692,1969-07-24,7692,7692,Non-binary,Greek
7693,1974-07-22,7693,7693,Prefer not to say,Romanian
7694,1981-12-06,7694,7694,Female,Japanese
7695,1991-08-09,7695,7695,Non-binary,Portuguese
7696,1970-01-06,7696,7696,Male,Korean
7697,1977-03-04,7697,7697,Non-binary,Greek
7698,1982-11-30,7698,7698,Prefer not to say,Korean
7699,1989-12-09,7699,7699,Non-binary,Polish
7700,1999-11-30,7700,7700,Prefer not to say,Arabic
7701,1981-04-06,7701,7701,Prefer not to say,Thai
7702,1981-02-20,7702,7702,Female,Polish
7703,1966-05-10,7703,7703,Non-binary,English
7704,1998-12-31,7704,7704,Non-binary,Vietnamese
7705,1970-07-11,7705,7705,Female,English
7706,1966-11-17,7706,7706,Prefer not to say,German
7707,1965-09-02,7707,7707,Male,French
7708,1961-01-08,7708,7708,Male,Arabic
7709,1991-10-06,7709,7709,Non-binary,Vietnamese
7710,1998-04-19,7710,7710,Prefer not to say,French
7711,1991-08-27,7711,7711,Prefer not to say,English
7712,1977-06-11,7712,7712,Male,Polish
7713,1982-02-27,7713,7713,Female,Greek
7714,1978-11-10,7714,7714,Female,French
7715,1990-05-06,7715,7715,Male,Polish
7716,1992-01-05,7716,7716,Male,Romanian
7717,1992-07-22,7717,7717,Male,Vietnamese
7718,1986-05-04,7718,7718,Female,Romanian
7719,1966-12-14,7719,7719,Prefer not to say,Japanese
7720,1977-12-27,7720,7720,Non-binary,Polish
7721,1970-09-16,7721,7721,Female,French
7722,1970-05-27,7722,7722,Non-binary,Mandarin
7723,1969-07-09,7723,7723,Female,Turkish
7724,1997-09-25,7724,7724,Prefer not to say,Polish
7725,1995-10-07,7725,7725,Prefer not to say,Spanish
7726,1977-02-10,7726,7726,Female,Swedish
7727,1973-09-20,7727,7727,Non-binary,Dutch
7728,1993-09-29,7728,7728,Prefer not to say,German
7729,1976-11-28,7729,7729,Male,Vietnamese
7730,1977-11-10,7730,7730,Prefer not to say,Russian
7731,1993-12-01,7731,7731,Non-binary,Polish
7732,1985-04-18,7732,7732,Male,Japanese
7733,1967-09-12,7733,7733,Female,Korean
7734,1987-11-27,7734,7734,Male,Greek
7735,1985-08-11,7735,7735,Female,Arabic
7736,1983-03-10,7736,7736,Female,French
7737,1984-09-12,7737,7737,Male,German
7738,1966-12-05,7738,7738,Female,Spanish
7739,1962-11-10,7739,7739,Prefer not to say,Arabic
7740,1999-11-06,7740,7740,Non-binary,Portuguese
7741,1986-08-07,7741,7741,Male,Vietnamese
7742,1979-06-22,7742,7742,Female,Russian
7743,1988-05-17,7743,7743,Female,Portuguese
7744,1995-05-13,7744,7744,Non-binary,German
7745,1978-06-18,7745,7745,Female,French
7746,1965-04-16,7746,7746,Male,English
7747,1987-03-09,7747,7747,Male,Dutch
7748,1998-03-01,7748,7748,Female,Italian
7749,1991-03-07,7749,7749,Non-binary,Korean
7750,1967-12-09,7750,7750,Male,Polish
7751,1999-06-07,7751,7751,Female,Hindi
7752,1999-09-13,7752,7752,Prefer not to say,Korean
7753,1973-09-30,7753,7753,Male,Mandarin
7754,1965-01-20,7754,7754,Male,Russian
7755,1994-03-31,7755,7755,Non-binary,Portuguese
7756,1989-01-18,7756,7756,Male,Turkish
7757,1999-07-14,7757,7757,Non-binary,Romanian
7758,1985-09-01,7758,7758,Male,Hindi
7759,1996-06-30,7759,7759,Non-binary,Romanian
7760,1962-08-30,7760,7760,Non-binary,French
7761,1993-03-07,7761,7761,Female,Swedish
7762,1965-02-04,7762,7762,Male,German
7763,1974-08-23,7763,7763,Female,Dutch
7764,1992-02-13,7764,7764,Prefer not to say,Portuguese
7765,1976-10-11,7765,7765,Male,Vietnamese
7766,1998-02-20,7766,7766,Male,Russian
7767,1971-10-17,7767,7767,Female,Mandarin
7768,1973-08-13,7768,7768,Female,Russian
7769,1966-09-25,7769,7769,Male,Thai
7770,1990-11-10,7770,7770,Male,Thai
7771,1974-01-15,7771,7771,Non-binary,Vietnamese
7772,1999-06-19,7772,7772,Prefer not to say,German
7773,1966-01-30,7773,7773,Male,Mandarin
7774,1969-05-26,7774,7774,Prefer not to say,Turkish
7775,1964-03-27,7775,7775,Female,Japanese
7776,1984-01-12,7776,7776,Male,German
7777,1972-02-07,7777,7777,Male,Thai
7778,1967-03-24,7778,7778,Non-binary,Russian
7779,1982-10-18,7779,7779,Non-binary,Portuguese
7780,1987-04-28,7780,7780,Prefer not to say,Hindi
7781,1997-02-11,7781,7781,Female,Italian
7782,2000-11-12,7782,7782,Male,Italian
7783,1992-04-14,7783,7783,Non-binary,Vietnamese
7784,1960-12-17,7784,7784,Prefer not to say,Japanese
7785,1989-05-01,7785,7785,Prefer not to say,Dutch
7786,1991-08-11,7786,7786,Prefer not to say,Italian
7787,1967-06-14,7787,7787,Prefer not to say,Greek
7788,1992-06-25,7788,7788,Non-binary,Arabic
7789,2000-04-15,7789,7789,Female,Polish
7790,1994-02-13,7790,7790,Female,Arabic
7791,1982-06-14,7791,7791,Prefer not to say,Japanese
7792,1975-04-16,7792,7792,Male,Italian
7793,1979-01-18,7793,7793,Male,Portuguese
7794,1974-12-10,7794,7794,Prefer not to say,Mandarin
7795,1999-03-13,7795,7795,Female,German
7796,1994-06-05,7796,7796,Non-binary,Turkish
7797,1963-09-12,7797,7797,Prefer not to say,Spanish
7798,1968-07-25,7798,7798,Prefer not to say,Polish
7799,1982-04-21,7799,7799,Male,Portuguese
7800,1987-08-02,7800,7800,Prefer not to say,French
7801,1988-10-21,7801,7801,Female,Mandarin
7802,1962-11-19,7802,7802,Female,German
7803,1998-05-27,7803,7803,Male,Italian
7804,1962-05-05,7804,7804,Non-binary,Russian
7805,1988-09-01,7805,7805,Female,German
7806,1982-11-08,7806,7806,Female,Greek
7807,1966-12-02,7807,7807,Prefer not to say,Swedish
7808,1966-12-15,7808,7808,Prefer not to say,Polish
7809,1982-07-11,7809,7809,Prefer not to say,Polish
7810,1985-09-22,7810,7810,Non-binary,Thai
7811,1968-01-28,7811,7811,Non-binary,English
7812,1979-10-06,7812,7812,Male,Spanish
7813,1979-07-10,7813,7813,Male,Spanish
7814,1978-09-26,7814,7814,Non-binary,Japanese
7815,1983-10-20,7815,7815,Non-binary,Korean
7816,1973-01-18,7816,7816,Male,Korean
7817,1992-06-29,7817,7817,Female,German
7818,1975-05-02,7818,7818,Female,Hindi
7819,1960-03-05,7819,7819,Female,German
7820,2000-11-27,7820,7820,Male,Italian
7821,1987-08-15,7821,7821,Female,Greek
7822,1974-10-25,7822,7822,Female,Japanese
7823,1964-06-26,7823,7823,Non-binary,Vietnamese
7824,1976-01-29,7824,7824,Non-binary,Arabic
7825,1969-06-14,7825,7825,Female,Hindi
7826,1998-12-05,7826,7826,Male,Japanese
7827,1990-07-29,7827,7827,Prefer not to say,Japanese
7828,1969-09-30,7828,7828,Non-binary,Japanese
7829,1980-02-15,7829,7829,Prefer not to say,English
7830,1994-10-14,7830,7830,Prefer not to say,Greek
7831,1973-11-01,7831,7831,Female,Swedish
7832,1965-12-16,7832,7832,Female,Italian
7833,1973-12-20,7833,7833,Non-binary,Arabic
7834,1982-05-27,7834,7834,Female,Korean
7835,1993-03-18,7835,7835,Male,English
7836,1965-08-10,7836,7836,Male,Hindi
7837,1973-09-20,7837,7837,Non-binary,Arabic
7838,1999-04-13,7838,7838,Prefer not to say,Korean
7839,1980-03-25,7839,7839,Female,French
7840,1990-05-26,7840,7840,Male,Dutch
7841,1990-11-09,7841,7841,Female,Korean
7842,1998-02-12,7842,7842,Male,Turkish
7843,1963-08-07,7843,7843,Prefer not to say,Spanish
7844,1984-06-29,7844,7844,Non-binary,Spanish
7845,1964-08-29,7845,7845,Male,Dutch
7846,1976-04-16,7846,7846,Female,Mandarin
7847,1982-03-10,7847,7847,Non-binary,Thai
7848,1960-10-27,7848,7848,Female,Japanese
7849,1985-01-24,7849,7849,Male,Arabic
7850,1992-10-17,7850,7850,Prefer not to say,Spanish
7851,1971-09-04,7851,7851,Male,Spanish
7852,1961-03-29,7852,7852,Male,Mandarin
7853,1993-11-22,7853,7853,Female,Hindi
7854,1981-04-22,7854,7854,Non-binary,Romanian
7855,1984-05-30,7855,7855,Non-binary,Korean
7856,1976-08-04,7856,7856,Non-binary,Turkish
7857,1983-03-11,7857,7857,Prefer not to say,Portuguese
7858,1964-07-13,7858,7858,Prefer not to say,Portuguese
7859,1974-07-19,7859,7859,Male,Portuguese
7860,1971-06-16,7860,7860,Non-binary,Japanese
7861,1972-12-22,7861,7861,Prefer not to say,Mandarin
7862,1992-07-09,7862,7862,Male,Vietnamese
7863,1962-02-09,7863,7863,Non-binary,Korean
7864,1985-06-02,7864,7864,Non-binary,Arabic
7865,1990-11-21,7865,7865,Female,German
7866,1990-10-23,7866,7866,Non-binary,Vietnamese
7867,1966-11-09,7867,7867,Male,Italian
7868,1984-03-09,7868,7868,Non-binary,Korean
7869,1968-09-19,7869,7869,Female,Spanish
7870,1981-11-12,7870,7870,Prefer not to say,Arabic
7871,1960-12-03,7871,7871,Prefer not to say,Swedish
7872,1972-01-20,7872,7872,Male,Italian
7873,1971-01-11,7873,7873,Female,Japanese
7874,1978-10-25,7874,7874,Male,English
7875,1979-03-08,7875,7875,Male,German
7876,1980-03-21,7876,7876,Female,Korean
7877,1970-11-19,7877,7877,Male,Vietnamese
7878,1987-07-18,7878,7878,Male,Spanish
7879,1989-03-16,7879,7879,Non-binary,Swedish
7880,1994-02-14,7880,7880,Female,Mandarin
7881,1962-03-01,7881,7881,Female,Vietnamese
7882,1999-05-16,7882,7882,Female,Vietnamese
7883,1991-11-28,7883,7883,Male,Spanish
7884,1974-11-03,7884,7884,Male,Swedish
7885,1994-09-16,7885,7885,Male,Italian
7886,1984-12-14,7886,7886,Non-binary,Polish
7887,1988-08-10,7887,7887,Prefer not to say,Mandarin
7888,1967-05-04,7888,7888,Prefer not to say,Italian
7889,1994-11-06,7889,7889,Non-binary,Russian
7890,1986-12-10,7890,7890,Prefer not to say,French
7891,1964-01-16,7891,7891,Prefer not to say,French
7892,1960-02-03,7892,7892,Prefer not to say,Dutch
7893,1960-05-01,7893,7893,Male,Vietnamese
7894,1982-11-16,7894,7894,Non-binary,Japanese
7895,1995-10-25,7895,7895,Female,Arabic
7896,1960-11-17,7896,7896,Male,Mandarin
7897,1993-07-26,7897,7897,Non-binary,French
7898,1963-09-08,7898,7898,Prefer not to say,German
7899,1968-01-24,7899,7899,Non-binary,Russian
7900,1989-09-22,7900,7900,Prefer not to say,Dutch
7901,1978-02-18,7901,7901,Female,German
7902,1988-12-16,7902,7902,Female,Polish
7903,1995-01-04,7903,7903,Female,Swedish
7904,1964-03-10,7904,7904,Prefer not to say,Greek
7905,1998-11-29,7905,7905,Non-binary,French
7906,1972-02-10,7906,7906,Prefer not to say,Russian
7907,1981-10-29,7907,7907,Prefer not to say,Polish
7908,1991-09-29,7908,7908,Prefer not to say,Swedish
7909,1981-07-04,7909,7909,Female,Arabic
7910,1990-10-18,7910,7910,Male,German
7911,1977-11-12,7911,7911,Non-binary,Romanian
7912,1974-05-01,7912,7912,Prefer not to say,Polish
7913,1966-02-24,7913,7913,Male,Romanian
7914,1995-11-22,7914,7914,Female,Polish
7915,1978-08-01,7915,7915,Non-binary,Greek
7916,1984-10-22,7916,7916,Female,Japanese
7917,1964-06-12,7917,7917,Prefer not to say,Dutch
7918,1987-07-10,7918,7918,Prefer not to say,Italian
7919,1996-04-27,7919,7919,Non-binary,Thai
7920,1975-02-15,7920,7920,Non-binary,French
7921,1997-10-12,7921,7921,Non-binary,Vietnamese
7922,1969-05-23,7922,7922,Male,Greek
7923,1975-01-24,7923,7923,Female,Greek
7924,1982-05-26,7924,7924,Female,Swedish
7925,1999-08-21,7925,7925,Female,Greek
7926,1995-11-25,7926,7926,Male,Polish
7927,1984-11-01,7927,7927,Female,Spanish
7928,1972-07-15,7928,7928,Male,Hindi
7929,1960-10-12,7929,7929,Prefer not to say,Hindi
7930,1969-02-09,7930,7930,Male,Swedish
7931,1995-09-26,7931,7931,Prefer not to say,Portuguese
7932,1991-01-22,7932,7932,Male,Romanian
7933,1967-12-31,7933,7933,Female,Hindi
7934,1968-10-27,7934,7934,Prefer not to say,Italian
7935,1975-04-27,7935,7935,Male,Russian
7936,1970-07-25,7936,7936,Female,Russian
7937,1999-02-17,7937,7937,Male,Dutch
7938,1975-12-20,7938,7938,Prefer not to say,German
7939,1975-03-08,7939,7939,Male,Hindi
7940,1964-07-20,7940,7940,Non-binary,Romanian
7941,1991-08-21,7941,7941,Female,Dutch
7942,1974-07-27,7942,7942,Female,Hindi
7943,1984-11-30,7943,7943,Prefer not to say,German
7944,1976-12-04,7944,7944,Male,Polish
7945,1967-11-01,7945,7945,Non-binary,Vietnamese
7946,1998-09-17,7946,7946,Female,French
7947,1971-07-24,7947,7947,Prefer not to say,Mandarin
7948,1988-12-29,7948,7948,Male,Italian
7949,1994-06-04,7949,7949,Prefer not to say,Polish
7950,1992-11-15,7950,7950,Prefer not to say,Dutch
7951,1961-10-03,7951,7951,Non-binary,French
7952,1988-09-11,7952,7952,Male,Dutch
7953,1998-03-18,7953,7953,Non-binary,Portuguese
7954,1961-08-06,7954,7954,Non-binary,Portuguese
7955,1961-03-31,7955,7955,Male,Romanian
7956,1990-12-19,7956,7956,Female,Greek
7957,1962-11-04,7957,7957,Male,Russian
7958,1995-12-30,7958,7958,Prefer not to say,Vietnamese
7959,1999-08-06,7959,7959,Prefer not to say,Spanish
7960,1960-04-19,7960,7960,Prefer not to say,Russian
7961,1960-11-04,7961,7961,Prefer not to say,Turkish
7962,1995-09-24,7962,7962,Female,French
7963,1990-12-25,7963,7963,Prefer not to say,Greek
7964,1987-12-29,7964,7964,Female,Thai
7965,1973-06-09,7965,7965,Non-binary,Korean
7966,1999-09-18,7966,7966,Female,Portuguese
7967,1964-02-13,7967,7967,Non-binary,Korean
7968,1979-05-12,7968,7968,Non-binary,Korean
7969,1969-09-11,7969,7969,Female,Spanish
7970,1977-05-11,7970,7970,Prefer not to say,Romanian
7971,1969-05-06,7971,7971,Male,Arabic
7972,1983-11-21,7972,7972,Non-binary,Mandarin
7973,1982-05-01,7973,7973,Female,Japanese
7974,1995-12-29,7974,7974,Female,Italian
7975,2000-04-14,7975,7975,Non-binary,Vietnamese
7976,1989-07-06,7976,7976,Prefer not to say,Mandarin
7977,2000-10-08,7977,7977,Female,French
7978,1993-05-21,7978,7978,Non-binary,Hindi
7979,1975-01-23,7979,7979,Non-binary,Russian
7980,1978-10-03,7980,7980,Female,French
7981,1965-06-23,7981,7981,Prefer not to say,Korean
7982,1968-05-27,7982,7982,Male,Thai
7983,1972-11-21,7983,7983,Prefer not to say,Polish
7984,1988-10-24,7984,7984,Female,Arabic
7985,1997-09-07,7985,7985,Male,Russian
7986,1980-04-23,7986,7986,Male,Mandarin
7987,1968-05-04,7987,7987,Female,Italian
7988,1961-06-26,7988,7988,Female,Greek
7989,1969-11-14,7989,7989,Female,Vietnamese
7990,1998-10-13,7990,7990,Male,German
7991,1981-07-12,7991,7991,Non-binary,Russian
7992,1961-12-29,7992,7992,Male,Polish
7993,1981-12-17,7993,7993,Prefer not to say,Hindi
7994,1978-06-27,7994,7994,Non-binary,Portuguese
7995,1971-07-05,7995,7995,Non-binary,Turkish
7996,1977-03-18,7996,7996,Female,Hindi
7997,1973-11-01,7997,7997,Female,Korean
7998,1982-09-26,7998,7998,Prefer not to say,Portuguese
7999,1988-05-23,7999,7999,Female,Mandarin
8000,1998-04-25,8000,8000,Male,Arabic
8001,1968-12-15,8001,8001,Female,Thai
8002,1964-05-26,8002,8002,Female,Japanese
8003,1999-04-30,8003,8003,Male,Spanish
8004,1995-08-17,8004,8004,Non-binary,Swedish
8005,1986-03-04,8005,8005,Non-binary,Mandarin
8006,1981-05-27,8006,8006,Non-binary,French
8007,1965-04-26,8007,8007,Male,French
8008,1984-03-13,8008,8008,Male,German
8009,1970-11-09,8009,8009,Prefer not to say,Arabic
8010,1963-07-04,8010,8010,Non-binary,English
8011,1989-01-14,8011,8011,Male,Vietnamese
8012,1995-04-18,8012,8012,Non-binary,Vietnamese
8013,1960-12-21,8013,8013,Prefer not to say,German
8014,1972-04-22,8014,8014,Female,Polish
8015,1985-01-02,8015,8015,Female,Portuguese
8016,1997-02-02,8016,8016,Male,Italian
8017,1999-07-15,8017,8017,Prefer not to say,English
8018,1983-05-15,8018,8018,Non-binary,French
8019,1991-04-27,8019,8019,Non-binary,German
8020,1976-01-06,8020,8020,Male,Romanian
8021,1995-01-02,8021,8021,Male,Greek
8022,1984-12-25,8022,8022,Male,Thai
8023,1979-03-28,8023,8023,Non-binary,Dutch
8024,1985-02-14,8024,8024,Prefer not to say,Vietnamese
8025,1976-08-04,8025,8025,Female,Arabic
8026,1984-12-27,8026,8026,Prefer not to say,Greek
8027,1967-12-14,8027,8027,Prefer not to say,Romanian
8028,1994-08-08,8028,8028,Non-binary,Korean
8029,1972-09-07,8029,8029,Male,Mandarin
8030,1960-07-18,8030,8030,Female,Thai
8031,1995-07-31,8031,8031,Male,Polish
8032,1992-10-27,8032,8032,Male,Polish
8033,1975-08-27,8033,8033,Prefer not to say,Thai
8034,1969-04-18,8034,8034,Prefer not to say,Polish
8035,1976-05-10,8035,8035,Prefer not to say,Mandarin
8036,1962-04-24,8036,8036,Male,Swedish
8037,1973-05-22,8037,8037,Female,Romanian
8038,1988-09-26,8038,8038,Prefer not to say,Hindi
8039,1966-10-05,8039,8039,Prefer not to say,Japanese
8040,1973-09-04,8040,8040,Female,Thai
8041,1970-07-31,8041,8041,Non-binary,Greek
8042,1973-05-01,8042,8042,Female,Vietnamese
8043,1960-11-13,8043,8043,Male,Mandarin
8044,1960-11-27,8044,8044,Female,Polish
8045,1992-11-25,8045,8045,Male,German
8046,1977-05-18,8046,8046,Non-binary,Arabic
8047,1965-12-21,8047,8047,Non-binary,Thai
8048,1977-04-04,8048,8048,Non-binary,Spanish
8049,1990-08-19,8049,8049,Male,Greek
8050,1991-12-01,8050,8050,Male,Vietnamese
8051,1990-11-12,8051,8051,Female,Portuguese
8052,1996-11-09,8052,8052,Male,German
8053,1968-11-18,8053,8053,Male,Romanian
8054,1999-09-30,8054,8054,Non-binary,Dutch
8055,1976-05-31,8055,8055,Male,Romanian
8056,1993-03-27,8056,8056,Male,Spanish
8057,1966-06-07,8057,8057,Male,Turkish
8058,1970-02-16,8058,8058,Prefer not to say,Russian
8059,1986-02-02,8059,8059,Prefer not to say,Arabic
8060,1969-09-23,8060,8060,Female,Italian
8061,1995-09-23,8061,8061,Male,Romanian
8062,1992-08-20,8062,8062,Prefer not to say,Dutch
8063,1984-01-02,8063,8063,Non-binary,Swedish
8064,1973-10-01,8064,8064,Prefer not to say,Polish
8065,1973-04-11,8065,8065,Female,Vietnamese
8066,1964-12-17,8066,8066,Non-binary,Russian
8067,1973-12-07,8067,8067,Male,Russian
8068,1969-10-20,8068,8068,Female,Japanese
8069,1975-05-06,8069,8069,Female,Mandarin
8070,1987-04-28,8070,8070,Non-binary,French
8071,1978-09-05,8071,8071,Female,Russian
8072,1963-07-21,8072,8072,Male,Greek
8073,1973-03-25,8073,8073,Non-binary,Mandarin
8074,1962-03-26,8074,8074,Non-binary,Romanian
8075,1968-04-02,8075,8075,Female,Portuguese
8076,1973-06-15,8076,8076,Male,Dutch
8077,1984-07-02,8077,8077,Male,Thai
8078,1962-01-15,8078,8078,Non-binary,Hindi
8079,1983-06-20,8079,8079,Female,Greek
8080,1985-07-10,8080,8080,Male,Italian
8081,2000-03-15,8081,8081,Male,Japanese
8082,1968-10-20,8082,8082,Non-binary,Polish
8083,1966-02-05,8083,8083,Prefer not to say,Greek
8084,1969-03-09,8084,8084,Prefer not to say,Dutch
8085,1990-07-12,8085,8085,Female,French
8086,1972-06-30,8086,8086,Male,Dutch
8087,1995-12-10,8087,8087,Male,Dutch
8088,1998-11-23,8088,8088,Non-binary,Turkish
8089,1966-01-18,8089,8089,Male,Romanian
8090,1961-08-28,8090,8090,Female,Italian
8091,1974-12-19,8091,8091,Female,French
8092,1963-03-13,8092,8092,Non-binary,Greek
8093,1995-10-08,8093,8093,Prefer not to say,Russian
8094,1975-07-31,8094,8094,Female,Thai
8095,1990-11-26,8095,8095,Non-binary,Vietnamese
8096,1961-10-02,8096,8096,Female,Romanian
8097,1971-02-16,8097,8097,Non-binary,German
8098,1995-01-15,8098,8098,Female,Turkish
8099,1972-08-01,8099,8099,Non-binary,French
8100,1977-04-30,8100,8100,Non-binary,Japanese
8101,1998-02-11,8101,8101,Male,Japanese
8102,1967-04-08,8102,8102,Non-binary,Swedish
8103,1989-08-17,8103,8103,Prefer not to say,Italian
8104,1995-03-12,8104,8104,Female,Thai
8105,1990-10-17,8105,8105,Non-binary,French
8106,1978-12-25,8106,8106,Female,Turkish
8107,1985-04-21,8107,8107,Female,Russian
8108,1986-08-20,8108,8108,Prefer not to say,German
8109,1981-01-04,8109,8109,Prefer not to say,Japanese
8110,1988-06-30,8110,8110,Prefer not to say,Thai
8111,1983-07-28,8111,8111,Non-binary,Hindi
8112,1967-10-10,8112,8112,Prefer not to say,Hindi
8113,1963-01-21,8113,8113,Non-binary,Vietnamese
8114,1968-10-01,8114,8114,Non-binary,Japanese
8115,2000-05-23,8115,8115,Non-binary,Italian
8116,1983-05-19,8116,8116,Prefer not to say,Romanian
8117,1983-03-31,8117,8117,Female,Russian
8118,1976-02-16,8118,8118,Male,Polish
8119,1995-07-12,8119,8119,Non-binary,Thai
8120,1984-11-02,8120,8120,Female,Vietnamese
8121,1987-08-06,8121,8121,Non-binary,Vietnamese
8122,1989-01-23,8122,8122,Non-binary,Vietnamese
8123,1974-06-12,8123,8123,Prefer not to say,Swedish
8124,1973-05-22,8124,8124,Prefer not to say,German
8125,1992-04-30,8125,8125,Prefer not to say,Vietnamese
8126,1998-04-29,8126,8126,Prefer not to say,Portuguese
8127,1978-03-05,8127,8127,Prefer not to say,Portuguese
8128,1970-11-18,8128,8128,Non-binary,Italian
8129,1983-05-11,8129,8129,Male,Portuguese
8130,1964-11-06,8130,8130,Male,Spanish
8131,1999-12-11,8131,8131,Non-binary,Japanese
8132,1999-12-19,8132,8132,Female,Greek
8133,1981-04-27,8133,8133,Male,Turkish
8134,1966-09-20,8134,8134,Prefer not to say,Arabic
8135,1985-10-01,8135,8135,Female,Swedish
8136,1996-02-24,8136,8136,Female,Greek
8137,1993-07-15,8137,8137,Female,Thai
8138,1985-11-09,8138,8138,Male,Arabic
8139,1982-08-15,8139,8139,Female,Polish
8140,1986-08-07,8140,8140,Male,Romanian
8141,1965-01-19,8141,8141,Non-binary,Polish
8142,1961-06-06,8142,8142,Prefer not to say,Romanian
8143,1984-11-03,8143,8143,Prefer not to say,Turkish
8144,1989-12-01,8144,8144,Female,Vietnamese
8145,1966-01-30,8145,8145,Prefer not to say,Portuguese
8146,1982-03-27,8146,8146,Non-binary,Turkish
8147,1983-03-20,8147,8147,Male,Romanian
8148,1968-01-15,8148,8148,Female,English
8149,1983-05-30,8149,8149,Prefer not to say,Dutch
8150,1981-02-13,8150,8150,Male,Greek
8151,1986-04-01,8151,8151,Female,Spanish
8152,1961-01-29,8152,8152,Male,Polish
8153,1990-11-26,8153,8153,Male,French
8154,2000-10-02,8154,8154,Prefer not to say,Polish
8155,1974-03-29,8155,8155,Male,Mandarin
8156,1983-02-04,8156,8156,Non-binary,Hindi
8157,1972-12-13,8157,8157,Female,Korean
8158,1984-03-12,8158,8158,Female,Russian
8159,1966-11-25,8159,8159,Prefer not to say,Russian
8160,1976-05-18,8160,8160,Non-binary,Hindi
8161,1986-08-30,8161,8161,Prefer not to say,English
8162,2000-02-10,8162,8162,Male,Spanish
8163,1996-08-14,8163,8163,Non-binary,German
8164,1998-11-20,8164,8164,Prefer not to say,Spanish
8165,1997-09-15,8165,8165,Prefer not to say,Dutch
8166,1991-02-23,8166,8166,Male,Vietnamese
8167,1997-11-30,8167,8167,Female,Turkish
8168,1997-01-25,8168,8168,Female,Spanish
8169,1991-02-20,8169,8169,Male,German
8170,1967-11-16,8170,8170,Non-binary,Romanian
8171,1988-12-22,8171,8171,Female,Vietnamese
8172,1986-12-15,8172,8172,Non-binary,French
8173,1980-12-30,8173,8173,Prefer not to say,Dutch
8174,1967-06-01,8174,8174,Non-binary,French
8175,1968-09-24,8175,8175,Non-binary,Thai
8176,1966-09-19,8176,8176,Female,Polish
8177,1992-10-27,8177,8177,Female,Swedish
8178,1985-09-12,8178,8178,Non-binary,Polish
8179,1974-11-06,8179,8179,Non-binary,Korean
8180,1977-11-16,8180,8180,Non-binary,French
8181,1977-12-23,8181,8181,Prefer not to say,English
8182,1985-04-09,8182,8182,Male,Spanish
8183,1961-12-18,8183,8183,Prefer not to say,Polish
8184,1973-05-27,8184,8184,Non-binary,Mandarin
8185,1975-05-05,8185,8185,Non-binary,French
8186,1994-12-22,8186,8186,Non-binary,French
8187,1966-12-21,8187,8187,Female,Portuguese
8188,1983-04-05,8188,8188,Male,Russian
8189,1981-08-21,8189,8189,Male,French
8190,1976-01-23,8190,8190,Non-binary,English
8191,1968-03-17,8191,8191,Male,Greek
8192,1964-09-15,8192,8192,Non-binary,Polish
8193,1966-11-17,8193,8193,Prefer not to say,English
8194,1970-10-16,8194,8194,Non-binary,French
8195,1961-03-21,8195,8195,Prefer not to say,Portuguese
8196,1977-03-27,8196,8196,Male,Swedish
8197,1988-09-25,8197,8197,Female,Vietnamese
8198,1974-01-29,8198,8198,Prefer not to say,Portuguese
8199,1995-06-13,8199,8199,Non-binary,Arabic
8200,1975-08-02,8200,8200,Non-binary,Romanian
8201,1969-03-01,8201,8201,Non-binary,Portuguese
8202,1995-07-14,8202,8202,Prefer not to say,Turkish
8203,1968-12-11,8203,8203,Prefer not to say,Greek
8204,1994-01-02,8204,8204,Male,Swedish
8205,1990-08-24,8205,8205,Male,English
8206,1983-12-25,8206,8206,Prefer not to say,Portuguese
8207,1971-02-26,8207,8207,Non-binary,Swedish
8208,1962-05-27,8208,8208,Male,Japanese
8209,1978-10-04,8209,8209,Male,Arabic
8210,1995-05-19,8210,8210,Male,Arabic
8211,1964-02-11,8211,8211,Prefer not to say,Polish
8212,1988-03-13,8212,8212,Non-binary,Greek
8213,1974-11-03,8213,8213,Prefer not to say,Turkish
8214,2000-02-14,8214,8214,Female,Greek
8215,1970-04-13,8215,8215,Female,Vietnamese
8216,1988-11-10,8216,8216,Female,Russian
8217,1993-04-10,8217,8217,Prefer not to say,Thai
8218,1989-03-06,8218,8218,Non-binary,Portuguese
8219,1994-04-27,8219,8219,Non-binary,French
8220,1996-02-25,8220,8220,Non-binary,Vietnamese
8221,1990-01-16,8221,8221,Non-binary,Romanian
8222,1968-03-12,8222,8222,Prefer not to say,Turkish
8223,1966-05-03,8223,8223,Non-binary,German
8224,1960-10-15,8224,8224,Prefer not to say,French
8225,1971-02-18,8225,8225,Non-binary,Turkish
8226,1962-08-30,8226,8226,Male,German
8227,1977-01-14,8227,8227,Non-binary,Mandarin
8228,1987-09-19,8228,8228,Male,Korean
8229,1977-01-31,8229,8229,Prefer not to say,Greek
8230,1975-10-24,8230,8230,Prefer not to say,English
8231,1970-12-04,8231,8231,Prefer not to say,Portuguese
8232,1992-11-21,8232,8232,Prefer not to say,Italian
8233,1970-12-18,8233,8233,Male,Spanish
8234,1971-08-16,8234,8234,Prefer not to say,Hindi
8235,1972-05-20,8235,8235,Non-binary,Portuguese
8236,1993-11-11,8236,8236,Male,Mandarin
8237,1967-08-01,8237,8237,Non-binary,Mandarin
8238,1997-11-11,8238,8238,Female,Korean
8239,1979-05-08,8239,8239,Non-binary,Portuguese
8240,2000-05-05,8240,8240,Prefer not to say,Swedish
8241,1988-07-28,8241,8241,Female,Russian
8242,1975-09-03,8242,8242,Prefer not to say,Vietnamese
8243,1986-06-06,8243,8243,Prefer not to say,Portuguese
8244,1961-07-20,8244,8244,Non-binary,Portuguese
8245,1975-04-22,8245,8245,Male,German
8246,1996-08-26,8246,8246,Female,Korean
8247,1967-02-16,8247,8247,Prefer not to say,Vietnamese
8248,1998-05-27,8248,8248,Female,French
8249,1990-02-25,8249,8249,Prefer not to say,Mandarin
8250,1988-12-19,8250,8250,Prefer not to say,Greek
8251,1992-06-09,8251,8251,Male,Swedish
8252,1973-01-06,8252,8252,Female,Hindi
8253,1996-02-08,8253,8253,Prefer not to say,Dutch
8254,1978-01-18,8254,8254,Male,Polish
8255,1981-05-02,8255,8255,Female,Dutch
8256,1992-02-26,8256,8256,Female,Swedish
8257,1994-09-19,8257,8257,Female,French
8258,1983-12-13,8258,8258,Prefer not to say,Dutch
8259,1968-06-25,8259,8259,Female,French
8260,1960-08-20,8260,8260,Female,Vietnamese
8261,1982-12-01,8261,8261,Male,Dutch
8262,1993-08-11,8262,8262,Prefer not to say,Hindi
8263,1987-04-22,8263,8263,Male,Hindi
8264,1990-03-25,8264,8264,Prefer not to say,German
8265,1997-02-19,8265,8265,Male,Japanese
8266,1964-03-02,8266,8266,Non-binary,French
8267,1964-09-08,8267,8267,Non-binary,Japanese
8268,1977-09-02,8268,8268,Non-binary,Korean
8269,1984-10-28,8269,8269,Non-binary,Thai
8270,2000-02-07,8270,8270,Non-binary,Thai
8271,1990-08-26,8271,8271,Non-binary,Korean
8272,1968-09-11,8272,8272,Female,Italian
8273,1974-06-06,8273,8273,Male,Mandarin
8274,1981-06-10,8274,8274,Non-binary,English
8275,1982-01-30,8275,8275,Male,Korean
8276,1978-04-14,8276,8276,Non-binary,Romanian
8277,1990-12-16,8277,8277,Prefer not to say,Dutch
8278,1967-05-02,8278,8278,Male,Japanese
8279,1986-05-21,8279,8279,Male,French
8280,1981-02-05,8280,8280,Male,Swedish
8281,1997-08-11,8281,8281,Male,Turkish
8282,1993-11-02,8282,8282,Non-binary,Polish
8283,1990-04-26,8283,8283,Male,Spanish
8284,1992-05-20,8284,8284,Prefer not to say,Portuguese
8285,1970-10-19,8285,8285,Non-binary,Dutch
8286,1973-02-04,8286,8286,Male,Korean
8287,1972-05-27,8287,8287,Prefer not to say,Swedish
8288,1989-01-17,8288,8288,Male,Swedish
8289,1977-09-06,8289,8289,Male,Romanian
8290,1973-09-24,8290,8290,Female,Polish
8291,1983-08-04,8291,8291,Prefer not to say,Polish
8292,1966-10-02,8292,8292,Prefer not to say,German
8293,1997-01-21,8293,8293,Prefer not to say,Mandarin
8294,1960-04-28,8294,8294,Male,Portuguese
8295,1988-07-25,8295,8295,Prefer not to say,Arabic
8296,1982-09-22,8296,8296,Female,Spanish
8297,1997-06-12,8297,8297,Female,Mandarin
8298,1964-03-17,8298,8298,Prefer not to say,Thai
8299,1999-06-11,8299,8299,Female,Spanish
8300,1973-01-28,8300,8300,Male,Romanian
8301,2000-05-31,8301,8301,Non-binary,Dutch
8302,2000-10-21,8302,8302,Female,Dutch
8303,1977-06-19,8303,8303,Non-binary,French
8304,1973-08-23,8304,8304,Female,Mandarin
8305,1995-10-28,8305,8305,Male,Greek
8306,1997-05-30,8306,8306,Male,French
8307,1988-05-30,8307,8307,Female,Arabic
8308,1970-11-18,8308,8308,Male,Dutch
8309,1986-05-24,8309,8309,Male,Korean
8310,1969-03-10,8310,8310,Non-binary,Japanese
8311,1993-01-14,8311,8311,Female,Hindi
8312,1988-08-03,8312,8312,Female,Italian
8313,1997-05-19,8313,8313,Prefer not to say,French
8314,1982-06-15,8314,8314,Non-binary,Japanese
8315,1977-10-28,8315,8315,Male,Mandarin
8316,1992-07-08,8316,8316,Female,English
8317,1978-05-06,8317,8317,Non-binary,Hindi
8318,1985-10-07,8318,8318,Prefer not to say,Vietnamese
8319,1988-11-12,8319,8319,Female,English
8320,1994-03-29,8320,8320,Prefer not to say,Arabic
8321,1969-11-17,8321,8321,Male,Mandarin
8322,1979-03-12,8322,8322,Non-binary,Dutch
8323,1977-06-20,8323,8323,Non-binary,Vietnamese
8324,1964-12-22,8324,8324,Male,German
8325,1960-01-16,8325,8325,Female,German
8326,1995-09-13,8326,8326,Non-binary,Arabic
8327,1971-09-22,8327,8327,Female,Thai
8328,1962-01-29,8328,8328,Prefer not to say,English
8329,1975-07-22,8329,8329,Non-binary,Arabic
8330,1975-01-21,8330,8330,Female,Mandarin
8331,1961-10-04,8331,8331,Non-binary,Korean
8332,1994-05-23,8332,8332,Non-binary,Polish
8333,1965-01-06,8333,8333,Non-binary,Spanish
8334,1963-01-06,8334,8334,Non-binary,German
8335,1996-03-13,8335,8335,Non-binary,Turkish
8336,1975-02-15,8336,8336,Male,Japanese
8337,1977-02-07,8337,8337,Prefer not to say,Thai
8338,1993-04-16,8338,8338,Non-binary,Portuguese
8339,1972-04-18,8339,8339,Female,Romanian
8340,1981-12-23,8340,8340,Female,Japanese
8341,1980-10-16,8341,8341,Female,Mandarin
8342,1960-03-07,8342,8342,Male,Dutch
8343,1994-01-08,8343,8343,Male,Portuguese
8344,1993-01-22,8344,8344,Female,Russian
8345,1960-01-12,8345,8345,Female,Turkish
8346,1987-04-11,8346,8346,Male,French
8347,1987-09-14,8347,8347,Female,Dutch
8348,1973-04-23,8348,8348,Non-binary,French
8349,1977-08-27,8349,8349,Female,Italian
8350,1973-07-15,8350,8350,Non-binary,Russian
8351,1971-03-23,8351,8351,Prefer not to say,Russian
8352,1960-03-07,8352,8352,Prefer not to say,Greek
8353,1996-10-05,8353,8353,Prefer not to say,Italian
8354,1970-10-29,8354,8354,Non-binary,English
8355,1985-09-29,8355,8355,Non-binary,Russian
8356,1987-05-30,8356,8356,Female,German
8357,1971-04-23,8357,8357,Prefer not to say,Mandarin
8358,1984-08-01,8358,8358,Female,French
8359,1965-03-09,8359,8359,Non-binary,Italian
8360,1975-10-04,8360,8360,Non-binary,English
8361,1991-07-04,8361,8361,Male,Turkish
8362,1994-11-10,8362,8362,Male,Portuguese
8363,1978-05-22,8363,8363,Male,Italian
8364,1969-10-27,8364,8364,Female,Greek
8365,1989-10-27,8365,8365,Non-binary,Turkish
8366,1973-11-06,8366,8366,Prefer not to say,Japanese
8367,1995-07-24,8367,8367,Prefer not to say,Polish
8368,1961-01-11,8368,8368,Non-binary,Portuguese
8369,1985-03-19,8369,8369,Prefer not to say,Russian
8370,1961-08-08,8370,8370,Non-binary,Greek
8371,1979-03-12,8371,8371,Prefer not to say,Polish
8372,1960-06-12,8372,8372,Non-binary,Arabic
8373,1969-12-04,8373,8373,Non-binary,Korean
8374,1975-11-01,8374,8374,Female,Greek
8375,1991-09-28,8375,8375,Prefer not to say,Turkish
8376,1992-05-18,8376,8376,Non-binary,Spanish
8377,1967-11-07,8377,8377,Prefer not to say,German
8378,1961-06-07,8378,8378,Male,English
8379,1998-04-19,8379,8379,Prefer not to say,Korean
8380,1990-11-28,8380,8380,Prefer not to say,Thai
8381,1962-05-17,8381,8381,Non-binary,Romanian
8382,1988-11-17,8382,8382,Non-binary,Spanish
8383,1998-05-26,8383,8383,Male,Polish
8384,1994-04-10,8384,8384,Non-binary,Greek
8385,1997-11-27,8385,8385,Prefer not to say,Portuguese
8386,1997-02-15,8386,8386,Male,Greek
8387,1996-04-30,8387,8387,Prefer not to say,Portuguese
8388,1971-10-30,8388,8388,Male,Italian
8389,1994-01-13,8389,8389,Female,Swedish
8390,1991-02-24,8390,8390,Male,Thai
8391,1990-12-11,8391,8391,Female,Russian
8392,1987-11-23,8392,8392,Male,Russian
8393,1968-11-08,8393,8393,Prefer not to say,Spanish
8394,1996-04-07,8394,8394,Female,Vietnamese
8395,1989-06-25,8395,8395,Prefer not to say,Romanian
8396,1982-06-09,8396,8396,Prefer not to say,Russian
8397,1977-09-09,8397,8397,Non-binary,German
8398,1970-02-12,8398,8398,Non-binary,Romanian
8399,1981-03-25,8399,8399,Prefer not to say,Mandarin
8400,2000-02-17,8400,8400,Non-binary,Romanian
8401,1968-12-09,8401,8401,Female,Portuguese
8402,1997-02-10,8402,8402,Prefer not to say,Polish
8403,1968-02-07,8403,8403,Male,Arabic
8404,1999-02-12,8404,8404,Prefer not to say,French
8405,1971-02-09,8405,8405,Female,Russian
8406,1996-03-08,8406,8406,Female,Turkish
8407,1975-05-11,8407,8407,Male,Arabic
8408,1966-04-25,8408,8408,Prefer not to say,Spanish
8409,1960-10-30,8409,8409,Male,Dutch
8410,1988-01-30,8410,8410,Non-binary,Portuguese
8411,1965-01-29,8411,8411,Male,Hindi
8412,1970-06-17,8412,8412,Female,Turkish
8413,1988-10-07,8413,8413,Non-binary,French
8414,1967-01-29,8414,8414,Male,Thai
8415,1982-04-26,8415,8415,Female,Polish
8416,1988-10-24,8416,8416,Female,Korean
8417,1978-05-07,8417,8417,Prefer not to say,Portuguese
8418,1993-10-01,8418,8418,Female,Arabic
8419,1996-03-02,8419,8419,Female,Hindi
8420,1969-08-11,8420,8420,Non-binary,Mandarin
8421,1961-11-12,8421,8421,Non-binary,English
8422,1972-07-29,8422,8422,Prefer not to say,Russian
8423,1962-12-23,8423,8423,Female,Spanish
8424,1994-02-28,8424,8424,Non-binary,Swedish
8425,1999-10-17,8425,8425,Prefer not to say,French
8426,1991-01-30,8426,8426,Prefer not to say,German
8427,1983-07-31,8427,8427,Non-binary,Russian
8428,1995-10-31,8428,8428,Non-binary,Arabic
8429,1987-10-19,8429,8429,Male,Hindi
8430,1966-02-07,8430,8430,Prefer not to say,French
8431,1974-12-31,8431,8431,Male,Japanese
8432,1965-05-04,8432,8432,Male,Spanish
8433,1965-01-18,8433,8433,Male,Dutch
8434,1988-01-15,8434,8434,Prefer not to say,German
8435,1988-07-30,8435,8435,Prefer not to say,Mandarin
8436,1961-03-02,8436,8436,Female,Hindi
8437,1993-09-25,8437,8437,Non-binary,Swedish
8438,1979-09-01,8438,8438,Female,Hindi
8439,1979-06-24,8439,8439,Male,Thai
8440,1998-06-03,8440,8440,Female,French
8441,1995-02-18,8441,8441,Female,Mandarin
8442,1989-02-23,8442,8442,Prefer not to say,Romanian
8443,1980-09-16,8443,8443,Female,French
8444,1990-05-07,8444,8444,Male,Arabic
8445,1965-08-07,8445,8445,Prefer not to say,Arabic
8446,1969-02-17,8446,8446,Prefer not to say,French
8447,1985-11-01,8447,8447,Female,French
8448,1997-09-10,8448,8448,Non-binary,Swedish
8449,1990-07-13,8449,8449,Non-binary,Hindi
8450,1983-12-07,8450,8450,Non-binary,Turkish
8451,1972-09-25,8451,8451,Non-binary,Hindi
8452,1982-08-22,8452,8452,Male,Italian
8453,1985-10-16,8453,8453,Female,Greek
8454,1993-04-17,8454,8454,Non-binary,French
8455,1998-03-23,8455,8455,Female,Japanese
8456,1989-11-10,8456,8456,Male,German
8457,1967-12-03,8457,8457,Non-binary,Arabic
8458,1990-03-23,8458,8458,Non-binary,Spanish
8459,1979-04-22,8459,8459,Female,Turkish
8460,1971-07-18,8460,8460,Non-binary,Russian
8461,1983-06-01,8461,8461,Male,Polish
8462,1986-04-28,8462,8462,Non-binary,Arabic
8463,1978-12-21,8463,8463,Female,Greek
8464,1988-05-14,8464,8464,Prefer not to say,Hindi
8465,1974-05-10,8465,8465,Non-binary,Polish
8466,1993-02-03,8466,8466,Male,Turkish
8467,1982-03-23,8467,8467,Female,Arabic
8468,1981-08-03,8468,8468,Female,Italian
8469,1963-06-05,8469,8469,Prefer not to say,Thai
8470,1971-01-04,8470,8470,Female,Korean
8471,1987-12-14,8471,8471,Prefer not to say,French
8472,1977-02-25,8472,8472,Non-binary,French
8473,1962-03-03,8473,8473,Non-binary,Hindi
8474,1991-12-03,8474,8474,Prefer not to say,Japanese
8475,1979-06-05,8475,8475,Prefer not to say,German
8476,1986-12-27,8476,8476,Female,Italian
8477,1996-12-07,8477,8477,Male,Spanish
8478,1986-07-03,8478,8478,Prefer not to say,Portuguese
8479,1968-02-08,8479,8479,Non-binary,Vietnamese
8480,1999-12-18,8480,8480,Non-binary,Hindi
8481,1970-11-12,8481,8481,Female,Italian
8482,1974-12-29,8482,8482,Non-binary,Italian
8483,1998-12-02,8483,8483,Female,English
8484,1995-10-06,8484,8484,Non-binary,Mandarin
8485,1998-03-21,8485,8485,Female,Mandarin
8486,1987-12-21,8486,8486,Female,Polish
8487,2000-04-20,8487,8487,Non-binary,Romanian
8488,1987-12-10,8488,8488,Non-binary,Russian
8489,1996-06-25,8489,8489,Male,Italian
8490,1999-10-04,8490,8490,Prefer not to say,Portuguese
8491,1995-05-25,8491,8491,Female,Thai
8492,1984-07-25,8492,8492,Non-binary,Hindi
8493,1961-02-23,8493,8493,Male,Mandarin
8494,1963-12-24,8494,8494,Male,English
8495,1985-02-06,8495,8495,Female,Swedish
8496,1992-01-21,8496,8496,Non-binary,Thai
8497,1996-10-30,8497,8497,Prefer not to say,Arabic
8498,1994-10-22,8498,8498,Non-binary,Thai
8499,1967-09-30,8499,8499,Prefer not to say,Thai
8500,1979-09-25,8500,8500,Male,French
8501,1992-09-10,8501,8501,Female,Italian
8502,1994-10-06,8502,8502,Male,Vietnamese
8503,1997-09-21,8503,8503,Female,Polish
8504,1981-06-22,8504,8504,Prefer not to say,Greek
8505,1975-10-25,8505,8505,Female,French
8506,1974-03-30,8506,8506,Prefer not to say,French
8507,1972-07-14,8507,8507,Non-binary,Polish
8508,1997-05-09,8508,8508,Male,Vietnamese
8509,1978-08-06,8509,8509,Male,Mandarin
8510,1969-12-02,8510,8510,Prefer not to say,Thai
8511,1989-01-06,8511,8511,Non-binary,Portuguese
8512,1972-10-08,8512,8512,Male,Hindi
8513,1969-07-27,8513,8513,Female,Portuguese
8514,1970-08-18,8514,8514,Non-binary,Hindi
8515,1981-05-12,8515,8515,Prefer not to say,Mandarin
8516,1988-02-01,8516,8516,Male,Dutch
8517,1965-09-29,8517,8517,Prefer not to say,Mandarin
8518,1981-03-26,8518,8518,Prefer not to say,Vietnamese
8519,1984-02-16,8519,8519,Male,German
8520,1988-03-05,8520,8520,Non-binary,French
8521,1995-03-17,8521,8521,Prefer not to say,Dutch
8522,1963-05-17,8522,8522,Male,Dutch
8523,1972-12-20,8523,8523,Prefer not to say,Thai
8524,1998-09-01,8524,8524,Female,French
8525,1977-11-27,8525,8525,Prefer not to say,Japanese
8526,1999-03-20,8526,8526,Female,Japanese
8527,1963-06-08,8527,8527,Male,Portuguese
8528,1993-04-13,8528,8528,Prefer not to say,Hindi
8529,1968-05-28,8529,8529,Prefer not to say,German
8530,1983-12-13,8530,8530,Non-binary,Italian
8531,2000-05-03,8531,8531,Prefer not to say,Greek
8532,1978-02-22,8532,8532,Non-binary,Arabic
8533,1997-10-31,8533,8533,Non-binary,Swedish
8534,1991-06-10,8534,8534,Non-binary,Italian
8535,1999-03-02,8535,8535,Non-binary,Vietnamese
8536,1973-04-02,8536,8536,Prefer not to say,Thai
8537,1973-06-19,8537,8537,Female,Portuguese
8538,1998-10-20,8538,8538,Female,Italian
8539,1997-01-11,8539,8539,Non-binary,German
8540,1981-11-30,8540,8540,Non-binary,Swedish
8541,1978-08-09,8541,8541,Non-binary,English
8542,1977-05-29,8542,8542,Female,Spanish
8543,1961-03-09,8543,8543,Prefer not to say,Mandarin
8544,1988-08-25,8544,8544,Non-binary,Mandarin
8545,1977-10-12,8545,8545,Prefer not to say,Greek
8546,1964-07-01,8546,8546,Non-binary,Swedish
8547,1962-06-17,8547,8547,Male,Thai
8548,1981-05-18,8548,8548,Non-binary,French
8549,1991-08-10,8549,8549,Male,Russian
8550,1983-08-20,8550,8550,Prefer not to say,Greek
8551,1967-05-25,8551,8551,Male,Swedish
8552,1995-08-24,8552,8552,Female,Swedish
8553,1961-07-20,8553,8553,Female,Japanese
8554,1999-01-29,8554,8554,Female,Mandarin
8555,1973-09-25,8555,8555,Prefer not to say,Spanish
8556,1982-01-20,8556,8556,Male,Turkish
8557,1999-02-23,8557,8557,Prefer not to say,French
8558,1983-12-31,8558,8558,Prefer not to say,French
8559,1972-05-18,8559,8559,Female,Dutch
8560,1978-12-10,8560,8560,Male,Spanish
8561,1996-11-03,8561,8561,Female,Vietnamese
8562,1969-07-30,8562,8562,Male,Thai
8563,1991-10-19,8563,8563,Male,Mandarin
8564,1976-05-11,8564,8564,Male,Thai
8565,1976-01-17,8565,8565,Male,Mandarin
8566,1974-07-27,8566,8566,Female,Polish
8567,1977-09-29,8567,8567,Male,Korean
8568,1998-02-07,8568,8568,Male,Dutch
8569,1991-09-26,8569,8569,Male,Polish
8570,1996-01-04,8570,8570,Non-binary,Japanese
8571,1960-02-26,8571,8571,Female,English
8572,1986-12-26,8572,8572,Non-binary,Russian
8573,1980-02-08,8573,8573,Non-binary,Spanish
8574,1992-04-26,8574,8574,Non-binary,Vietnamese
8575,1963-12-18,8575,8575,Prefer not to say,German
8576,1969-04-11,8576,8576,Female,Romanian
8577,1968-01-25,8577,8577,Prefer not to say,French
8578,1989-11-19,8578,8578,Non-binary,French
8579,1981-07-11,8579,8579,Female,Korean
8580,1995-01-25,8580,8580,Male,Spanish
8581,1968-08-27,8581,8581,Non-binary,Thai
8582,1982-02-05,8582,8582,Non-binary,Arabic
8583,1985-08-16,8583,8583,Male,Hindi
8584,1973-09-20,8584,8584,Male,Dutch
8585,2000-11-15,8585,8585,Male,Japanese
8586,1986-05-24,8586,8586,Female,Dutch
8587,1970-11-04,8587,8587,Male,Thai
8588,1993-05-13,8588,8588,Non-binary,German
8589,1960-02-10,8589,8589,Non-binary,Dutch
8590,2000-11-25,8590,8590,Male,Mandarin
8591,1988-09-21,8591,8591,Female,Italian
8592,1979-05-05,8592,8592,Male,French
8593,1995-01-30,8593,8593,Non-binary,Vietnamese
8594,1974-10-09,8594,8594,Prefer not to say,English
8595,1977-01-25,8595,8595,Non-binary,Korean
8596,1980-06-03,8596,8596,Male,Romanian
8597,1982-02-06,8597,8597,Female,Romanian
8598,1976-12-30,8598,8598,Female,Hindi
8599,1971-09-08,8599,8599,Prefer not to say,Russian
8600,1970-06-12,8600,8600,Female,German
8601,1974-10-18,8601,8601,Non-binary,Dutch
8602,1962-07-20,8602,8602,Non-binary,Dutch
8603,1968-11-18,8603,8603,Prefer not to say,English
8604,1971-12-15,8604,8604,Male,Polish
8605,2000-06-23,8605,8605,Female,Italian
8606,1988-03-03,8606,8606,Non-binary,Polish
8607,2000-06-25,8607,8607,Female,French
8608,1980-02-01,8608,8608,Male,English
8609,1977-03-26,8609,8609,Male,Turkish
8610,2000-03-01,8610,8610,Female,Portuguese
8611,1996-10-12,8611,8611,Prefer not to say,Swedish
8612,1972-09-09,8612,8612,Non-binary,Korean
8613,1994-08-30,8613,8613,Prefer not to say,Korean
8614,1970-06-05,8614,8614,Prefer not to say,Korean
8615,1991-08-30,8615,8615,Male,Swedish
8616,1960-02-14,8616,8616,Prefer not to say,Vietnamese
8617,1997-03-21,8617,8617,Prefer not to say,Turkish
8618,1963-01-20,8618,8618,Non-binary,German
8619,1982-12-09,8619,8619,Prefer not to say,English
8620,1997-01-22,8620,8620,Prefer not to say,Russian
8621,1984-08-06,8621,8621,Female,Russian
8622,1980-06-15,8622,8622,Prefer not to say,Mandarin
8623,1963-10-01,8623,8623,Male,Japanese
8624,1982-05-19,8624,8624,Male,English
8625,1975-11-23,8625,8625,Male,Japanese
8626,1997-02-28,8626,8626,Non-binary,Romanian
8627,1988-04-07,8627,8627,Prefer not to say,Thai
8628,1994-10-29,8628,8628,Prefer not to say,Swedish
8629,1972-03-23,8629,8629,Prefer not to say,Greek
8630,1964-07-12,8630,8630,Non-binary,Thai
8631,1962-11-15,8631,8631,Female,Dutch
8632,1972-04-05,8632,8632,Prefer not to say,Hindi
8633,1979-02-26,8633,8633,Female,Japanese
8634,1995-09-15,8634,8634,Prefer not to say,Spanish
8635,2000-02-27,8635,8635,Female,Swedish
8636,1982-03-12,8636,8636,Non-binary,Dutch
8637,1969-05-09,8637,8637,Male,Portuguese
8638,1976-04-15,8638,8638,Male,Dutch
8639,1983-08-09,8639,8639,Female,Turkish
8640,1976-02-07,8640,8640,Female,Romanian
8641,1998-11-06,8641,8641,Male,Mandarin
8642,1962-12-05,8642,8642,Non-binary,Dutch
8643,1979-09-01,8643,8643,Female,Romanian
8644,1986-08-09,8644,8644,Prefer not to say,Vietnamese
8645,1965-05-02,8645,8645,Male,Korean
8646,1995-03-07,8646,8646,Prefer not to say,Thai
8647,1970-06-19,8647,8647,Non-binary,Greek
8648,1970-10-05,8648,8648,Prefer not to say,Mandarin
8649,1969-10-08,8649,8649,Male,Italian
8650,1998-09-26,8650,8650,Female,Japanese
8651,1979-05-20,8651,8651,Prefer not to say,Arabic
8652,1979-05-26,8652,8652,Prefer not to say,Thai
8653,1998-01-25,8653,8653,Non-binary,Romanian
8654,1970-05-21,8654,8654,Male,Spanish
8655,1998-03-05,8655,8655,Non-binary,French
8656,1979-01-23,8656,8656,Female,Spanish
8657,1960-07-10,8657,8657,Male,Russian
8658,1984-06-17,8658,8658,Female,Japanese
8659,1984-12-18,8659,8659,Female,English
8660,1963-09-03,8660,8660,Non-binary,Portuguese
8661,1967-03-08,8661,8661,Prefer not to say,Japanese
8662,1964-06-13,8662,8662,Male,Swedish
8663,1996-07-11,8663,8663,Male,Italian
8664,1961-02-28,8664,8664,Female,Japanese
8665,1974-03-07,8665,8665,Prefer not to say,Thai
8666,2000-10-31,8666,8666,Female,Mandarin
8667,1993-07-30,8667,8667,Female,Spanish
8668,1979-11-28,8668,8668,Female,Swedish
8669,1985-02-02,8669,8669,Non-binary,Hindi
8670,1966-04-09,8670,8670,Male,Turkish
8671,1962-12-24,8671,8671,Non-binary,German
8672,1977-04-17,8672,8672,Male,Dutch
8673,1993-05-31,8673,8673,Male,Polish
8674,1981-02-27,8674,8674,Prefer not to say,French
8675,1994-11-18,8675,8675,Non-binary,Greek
8676,1981-03-13,8676,8676,Female,Hindi
8677,1989-06-05,8677,8677,Female,Italian
8678,1989-05-06,8678,8678,Prefer not to say,Russian
8679,1992-03-29,8679,8679,Male,Mandarin
8680,1981-08-14,8680,8680,Non-binary,Hindi
8681,1967-10-31,8681,8681,Prefer not to say,Russian
8682,1983-02-12,8682,8682,Female,Spanish
8683,1975-12-25,8683,8683,Non-binary,English
8684,1985-07-12,8684,8684,Female,Portuguese
8685,1975-03-27,8685,8685,Female,Vietnamese
8686,1998-12-19,8686,8686,Female,French
8687,1995-06-25,8687,8687,Non-binary,French
8688,1986-09-21,8688,8688,Prefer not to say,French
8689,1962-12-22,8689,8689,Male,French
8690,1999-03-09,8690,8690,Female,Dutch
8691,1999-09-24,8691,8691,Prefer not to say,French
8692,1969-02-25,8692,8692,Prefer not to say,English
8693,1993-10-12,8693,8693,Non-binary,Greek
8694,1990-06-07,8694,8694,Non-binary,Dutch
8695,1975-02-18,8695,8695,Non-binary,Dutch
8696,1968-01-23,8696,8696,Prefer not to say,Hindi
8697,1993-02-01,8697,8697,Male,Russian
8698,1972-01-09,8698,8698,Female,Korean
8699,1970-09-08,8699,8699,Non-binary,Turkish
8700,1990-09-03,8700,8700,Male,Polish
8701,1991-08-25,8701,8701,Female,Japanese
8702,1999-06-22,8702,8702,Female,Spanish
8703,1990-06-15,8703,8703,Male,Romanian
8704,1991-05-20,8704,8704,Male,Greek
8705,1962-11-02,8705,8705,Prefer not to say,Korean
8706,1968-12-12,8706,8706,Female,French
8707,1970-04-17,8707,8707,Non-binary,Spanish
8708,1982-09-18,8708,8708,Prefer not to say,Vietnamese
8709,1991-06-22,8709,8709,Female,Romanian
8710,1991-06-09,8710,8710,Non-binary,English
8711,1962-07-31,8711,8711,Prefer not to say,Spanish
8712,1999-02-26,8712,8712,Male,Swedish
8713,1971-03-05,8713,8713,Prefer not to say,Vietnamese
8714,1986-05-07,8714,8714,Male,Hindi
8715,1964-12-22,8715,8715,Prefer not to say,Swedish
8716,2000-12-03,8716,8716,Male,Portuguese
8717,1971-05-05,8717,8717,Female,Romanian
8718,1986-01-10,8718,8718,Prefer not to say,Italian
8719,1985-07-27,8719,8719,Non-binary,Swedish
8720,1989-01-24,8720,8720,Male,Dutch
8721,1971-08-27,8721,8721,Male,Japanese
8722,1987-09-24,8722,8722,Prefer not to say,Polish
8723,1996-09-24,8723,8723,Male,Swedish
8724,1977-07-04,8724,8724,Female,Portuguese
8725,1962-12-08,8725,8725,Female,Korean
8726,1966-06-13,8726,8726,Non-binary,Russian
8727,1964-05-07,8727,8727,Non-binary,Japanese
8728,1978-04-13,8728,8728,Non-binary,Arabic
8729,1961-06-04,8729,8729,Female,Spanish
8730,1974-05-31,8730,8730,Non-binary,Polish
8731,1974-07-21,8731,8731,Female,Dutch
8732,1964-08-28,8732,8732,Male,Hindi
8733,1978-09-15,8733,8733,Female,German
8734,1991-02-22,8734,8734,Non-binary,German
8735,1991-08-07,8735,8735,Non-binary,Russian
8736,1977-11-20,8736,8736,Prefer not to say,French
8737,1979-03-31,8737,8737,Prefer not to say,Hindi
8738,1998-01-23,8738,8738,Female,Vietnamese
8739,1966-12-25,8739,8739,Female,French
8740,1978-08-26,8740,8740,Non-binary,Greek
8741,1995-03-16,8741,8741,Female,Arabic
8742,1993-12-20,8742,8742,Non-binary,Turkish
8743,1998-07-16,8743,8743,Prefer not to say,Dutch
8744,1996-10-23,8744,8744,Male,Swedish
8745,1994-07-23,8745,8745,Prefer not to say,Mandarin
8746,1960-08-15,8746,8746,Prefer not to say,Japanese
8747,1965-11-04,8747,8747,Non-binary,Russian
8748,1987-03-07,8748,8748,Female,Swedish
8749,1995-03-09,8749,8749,Prefer not to say,French
8750,1968-05-19,8750,8750,Female,Thai
8751,1999-06-21,8751,8751,Non-binary,French
8752,1966-09-13,8752,8752,Female,Thai
8753,1988-03-06,8753,8753,Male,Korean
8754,1997-05-17,8754,8754,Non-binary,Polish
8755,1976-07-16,8755,8755,Prefer not to say,Romanian
8756,1967-08-14,8756,8756,Non-binary,Russian
8757,1982-06-09,8757,8757,Non-binary,German
8758,1967-12-11,8758,8758,Prefer not to say,French
8759,1991-06-10,8759,8759,Non-binary,Mandarin
8760,1967-03-03,8760,8760,Prefer not to say,Russian
8761,1963-09-28,8761,8761,Male,Korean
8762,1993-11-03,8762,8762,Male,Japanese
8763,1989-04-11,8763,8763,Male,Vietnamese
8764,1976-08-01,8764,8764,Female,Vietnamese
8765,1976-12-03,8765,8765,Male,Hindi
8766,1979-12-11,8766,8766,Non-binary,Italian
8767,1973-11-06,8767,8767,Non-binary,Thai
8768,1993-02-07,8768,8768,Male,Italian
8769,1976-05-17,8769,8769,Non-binary,English
8770,1981-06-10,8770,8770,Non-binary,Thai
8771,1980-09-05,8771,8771,Prefer not to say,Mandarin
8772,1996-04-15,8772,8772,Female,Italian
8773,1996-07-22,8773,8773,Non-binary,Turkish
8774,1972-07-26,8774,8774,Female,Italian
8775,1967-08-10,8775,8775,Prefer not to say,Turkish
8776,1981-07-28,8776,8776,Female,Mandarin
8777,1972-06-20,8777,8777,Prefer not to say,Polish
8778,1972-04-27,8778,8778,Male,Italian
8779,1964-11-02,8779,8779,Prefer not to say,Mandarin
8780,1972-06-30,8780,8780,Non-binary,Korean
8781,1969-09-14,8781,8781,Non-binary,English
8782,1993-01-28,8782,8782,Female,Japanese
8783,1992-12-20,8783,8783,Male,German
8784,1983-06-24,8784,8784,Prefer not to say,Greek
8785,1996-09-28,8785,8785,Male,Mandarin
8786,1995-01-31,8786,8786,Male,Dutch
8787,1966-09-26,8787,8787,Prefer not to say,Turkish
8788,1966-04-18,8788,8788,Male,Swedish
8789,1969-12-11,8789,8789,Male,Hindi
8790,1998-05-27,8790,8790,Female,Greek
8791,1985-05-11,8791,8791,Prefer not to say,Vietnamese
8792,1995-11-03,8792,8792,Female,Greek
8793,1989-02-05,8793,8793,Prefer not to say,Hindi
8794,1981-07-09,8794,8794,Prefer not to say,Hindi
8795,1978-03-17,8795,8795,Male,Thai
8796,1995-12-18,8796,8796,Prefer not to say,Romanian
8797,1966-02-02,8797,8797,Prefer not to say,Italian
8798,2000-04-13,8798,8798,Female,Turkish
8799,1966-03-21,8799,8799,Female,Korean
8800,1980-06-29,8800,8800,Male,German
8801,1970-10-15,8801,8801,Prefer not to say,Hindi
8802,1989-11-04,8802,8802,Prefer not to say,Japanese
8803,1964-07-28,8803,8803,Prefer not to say,Dutch
8804,1991-04-17,8804,8804,Male,Spanish
8805,1978-05-14,8805,8805,Male,German
8806,2000-06-02,8806,8806,Prefer not to say,Thai
8807,1986-06-14,8807,8807,Non-binary,Portuguese
8808,1966-07-09,8808,8808,Non-binary,Turkish
8809,1980-01-27,8809,8809,Non-binary,Swedish
8810,1981-03-12,8810,8810,Prefer not to say,Italian
8811,1975-11-15,8811,8811,Male,French
8812,1972-08-22,8812,8812,Non-binary,Italian
8813,1985-11-30,8813,8813,Female,French
8814,1986-05-25,8814,8814,Male,Spanish
8815,1992-08-21,8815,8815,Prefer not to say,Korean
8816,1997-05-21,8816,8816,Male,Polish
8817,1981-11-10,8817,8817,Male,Dutch
8818,1979-02-13,8818,8818,Male,Romanian
8819,1980-07-28,8819,8819,Non-binary,Thai
8820,1972-11-17,8820,8820,Prefer not to say,Thai
8821,1997-02-01,8821,8821,Prefer not to say,English
8822,1984-07-24,8822,8822,Non-binary,Vietnamese
8823,1968-06-28,8823,8823,Prefer not to say,Romanian
8824,1999-11-01,8824,8824,Female,German
8825,1975-08-29,8825,8825,Prefer not to say,Turkish
8826,1967-02-26,8826,8826,Female,English
8827,1975-07-09,8827,8827,Non-binary,Japanese
8828,1992-10-19,8828,8828,Female,Swedish
8829,1985-08-16,8829,8829,Prefer not to say,Thai
8830,1963-02-10,8830,8830,Male,English
8831,1985-10-13,8831,8831,Male,Portuguese
8832,1974-10-04,8832,8832,Female,Swedish
8833,1967-09-16,8833,8833,Male,Romanian
8834,1976-04-03,8834,8834,Male,Korean
8835,1996-12-31,8835,8835,Female,Dutch
8836,1984-03-14,8836,8836,Female,Polish
8837,1967-07-25,8837,8837,Non-binary,French
8838,1983-03-16,8838,8838,Non-binary,Japanese
8839,1991-03-01,8839,8839,Prefer not to say,Turkish
8840,1991-04-22,8840,8840,Prefer not to say,Romanian
8841,1961-11-27,8841,8841,Non-binary,Mandarin
8842,1990-05-22,8842,8842,Prefer not to say,Spanish
8843,1976-08-20,8843,8843,Non-binary,Thai
8844,1972-02-23,8844,8844,Non-binary,Arabic
8845,1991-10-02,8845,8845,Non-binary,Thai
8846,2000-01-08,8846,8846,Non-binary,Hindi
8847,1987-02-09,8847,8847,Male,Japanese
8848,1975-09-26,8848,8848,Male,Arabic
8849,1985-05-13,8849,8849,Male,Thai
8850,1990-06-19,8850,8850,Non-binary,Greek
8851,1973-08-25,8851,8851,Non-binary,Hindi
8852,1994-10-30,8852,8852,Prefer not to say,German
8853,1965-05-10,8853,8853,Prefer not to say,French
8854,1999-04-29,8854,8854,Non-binary,Portuguese
8855,1980-07-24,8855,8855,Male,Korean
8856,1995-05-31,8856,8856,Female,Mandarin
8857,1984-01-18,8857,8857,Male,Turkish
8858,1986-09-11,8858,8858,Female,Portuguese
8859,1971-10-22,8859,8859,Female,German
8860,1977-12-04,8860,8860,Non-binary,Japanese
8861,1961-07-05,8861,8861,Non-binary,Arabic
8862,1977-04-18,8862,8862,Female,German
8863,1999-08-28,8863,8863,Female,Swedish
8864,1996-06-27,8864,8864,Female,Thai
8865,1975-05-30,8865,8865,Non-binary,Russian
8866,1962-11-02,8866,8866,Non-binary,Hindi
8867,1966-01-13,8867,8867,Prefer not to say,Japanese
8868,1970-02-08,8868,8868,Female,French
8869,1987-02-17,8869,8869,Male,English
8870,1964-02-23,8870,8870,Male,Mandarin
8871,1997-07-30,8871,8871,Prefer not to say,Dutch
8872,1974-09-10,8872,8872,Prefer not to say,Vietnamese
8873,1993-07-26,8873,8873,Prefer not to say,Swedish
8874,1968-04-02,8874,8874,Non-binary,Greek
8875,1978-01-26,8875,8875,Male,Greek
8876,1964-07-06,8876,8876,Non-binary,Korean
8877,2000-08-15,8877,8877,Female,Hindi
8878,1983-10-29,8878,8878,Non-binary,English
8879,1980-05-19,8879,8879,Prefer not to say,Arabic
8880,1990-11-02,8880,8880,Male,Dutch
8881,1986-01-02,8881,8881,Prefer not to say,Russian
8882,1964-04-25,8882,8882,Prefer not to say,German
8883,1988-09-04,8883,8883,Non-binary,Japanese
8884,1990-11-02,8884,8884,Male,Dutch
8885,1999-12-09,8885,8885,Female,Italian
8886,1998-08-07,8886,8886,Female,Portuguese
8887,1991-06-21,8887,8887,Male,Portuguese
8888,1966-04-12,8888,8888,Female,Korean
8889,1973-01-18,8889,8889,Prefer not to say,German
8890,1960-02-04,8890,8890,Non-binary,Japanese
8891,1978-06-09,8891,8891,Prefer not to say,Romanian
8892,1964-08-24,8892,8892,Non-binary,Polish
8893,1964-10-19,8893,8893,Non-binary,Russian
8894,1970-04-03,8894,8894,Female,Korean
8895,1998-04-28,8895,8895,Prefer not to say,Turkish
8896,1977-06-04,8896,8896,Prefer not to say,Hindi
8897,1970-06-14,8897,8897,Female,Swedish
8898,1969-03-13,8898,8898,Non-binary,Polish
8899,1984-01-19,8899,8899,Non-binary,Turkish
8900,1979-01-12,8900,8900,Male,Spanish
8901,1962-04-18,8901,8901,Female,Vietnamese
8902,1997-04-08,8902,8902,Female,Spanish
8903,1979-02-03,8903,8903,Prefer not to say,French
8904,1961-12-11,8904,8904,Non-binary,Greek
8905,1987-06-16,8905,8905,Male,Greek
8906,1973-07-30,8906,8906,Prefer not to say,Polish
8907,1968-08-16,8907,8907,Female,Russian
8908,1986-07-05,8908,8908,Female,Italian
8909,1967-07-27,8909,8909,Female,Korean
8910,1963-01-15,8910,8910,Prefer not to say,Hindi
8911,1968-05-18,8911,8911,Male,Mandarin
8912,1970-12-13,8912,8912,Prefer not to say,Portuguese
8913,1984-09-23,8913,8913,Non-binary,Polish
8914,1986-08-13,8914,8914,Non-binary,Polish
8915,1994-09-28,8915,8915,Non-binary,Spanish
8916,1992-03-20,8916,8916,Female,Portuguese
8917,1968-08-23,8917,8917,Prefer not to say,Italian
8918,1981-11-14,8918,8918,Prefer not to say,Romanian
8919,1972-03-17,8919,8919,Prefer not to say,Turkish
8920,1963-08-20,8920,8920,Non-binary,Portuguese
8921,1976-07-27,8921,8921,Prefer not to say,Mandarin
8922,1985-03-08,8922,8922,Non-binary,Arabic
8923,1985-03-18,8923,8923,Female,French
8924,1969-07-19,8924,8924,Female,Mandarin
8925,1985-11-07,8925,8925,Male,Romanian
8926,1998-07-03,8926,8926,Non-binary,Korean
8927,1998-12-04,8927,8927,Prefer not to say,German
8928,1994-08-31,8928,8928,Female,Japanese
8929,1992-05-05,8929,8929,Male,Arabic
8930,1977-02-24,8930,8930,Male,Greek
8931,1996-11-06,8931,8931,Female,Mandarin
8932,1999-08-02,8932,8932,Female,Greek
8933,1972-12-22,8933,8933,Non-binary,Thai
8934,1983-10-13,8934,8934,Male,Spanish
8935,1961-08-16,8935,8935,Male,Russian
8936,1973-07-07,8936,8936,Prefer not to say,English
8937,1995-04-23,8937,8937,Male,Vietnamese
8938,1987-05-07,8938,8938,Non-binary,Mandarin
8939,1966-09-28,8939,8939,Male,Dutch
8940,1965-05-25,8940,8940,Non-binary,Mandarin
8941,1966-08-16,8941,8941,Male,Mandarin
8942,1984-06-27,8942,8942,Female,Spanish
8943,1984-07-25,8943,8943,Female,Greek
8944,1979-08-16,8944,8944,Non-binary,Greek
8945,1998-09-03,8945,8945,Male,Mandarin
8946,1965-10-17,8946,8946,Male,Greek
8947,1985-08-10,8947,8947,Female,Portuguese
8948,1962-10-05,8948,8948,Prefer not to say,Arabic
8949,1974-04-07,8949,8949,Prefer not to say,Japanese
8950,1987-04-09,8950,8950,Male,German
8951,1978-05-29,8951,8951,Female,Italian
8952,1993-03-19,8952,8952,Non-binary,Polish
8953,1980-06-19,8953,8953,Male,Korean
8954,1994-02-20,8954,8954,Prefer not to say,Vietnamese
8955,2000-09-03,8955,8955,Male,Hindi
8956,1974-06-11,8956,8956,Male,Thai
8957,1990-08-10,8957,8957,Non-binary,Greek
8958,2000-03-10,8958,8958,Female,Turkish
8959,1979-06-17,8959,8959,Female,Japanese
8960,1971-12-12,8960,8960,Prefer not to say,Turkish
8961,1997-01-21,8961,8961,Prefer not to say,Japanese
8962,1981-02-07,8962,8962,Non-binary,Portuguese
8963,1994-11-11,8963,8963,Prefer not to say,Arabic
8964,1963-11-09,8964,8964,Female,Polish
8965,1974-01-05,8965,8965,Prefer not to say,Turkish
8966,1970-03-15,8966,8966,Female,Dutch
8967,1971-05-18,8967,8967,Prefer not to say,Greek
8968,1988-09-18,8968,8968,Female,French
8969,1984-03-11,8969,8969,Female,Turkish
8970,1983-04-17,8970,8970,Female,Arabic
8971,1998-09-29,8971,8971,Male,Korean
8972,1976-06-03,8972,8972,Prefer not to say,Polish
8973,1963-04-29,8973,8973,Female,Swedish
8974,1962-04-25,8974,8974,Female,Portuguese
8975,1961-04-17,8975,8975,Male,Russian
8976,1988-03-05,8976,8976,Non-binary,Romanian
8977,1997-01-17,8977,8977,Female,Spanish
8978,1985-09-13,8978,8978,Non-binary,Korean
8979,1998-03-07,8979,8979,Female,Mandarin
8980,1978-11-19,8980,8980,Male,Swedish
8981,1962-03-08,8981,8981,Female,Romanian
8982,1983-01-16,8982,8982,Prefer not to say,French
8983,1981-05-15,8983,8983,Male,Hindi
8984,1993-07-09,8984,8984,Non-binary,Japanese
8985,1985-03-30,8985,8985,Non-binary,Italian
8986,1999-02-18,8986,8986,Prefer not to say,Mandarin
8987,1991-07-17,8987,8987,Female,Italian
8988,1989-03-27,8988,8988,Prefer not to say,French
8989,1985-08-26,8989,8989,Non-binary,Japanese
8990,1991-04-28,8990,8990,Non-binary,Polish
8991,1972-05-31,8991,8991,Prefer not to say,Romanian
8992,1982-05-19,8992,8992,Prefer not to say,Vietnamese
8993,1975-07-15,8993,8993,Male,Arabic
8994,1995-07-27,8994,8994,Male,Vietnamese
8995,1972-10-08,8995,8995,Male,French
8996,1998-04-16,8996,8996,Non-binary,English
8997,1966-02-19,8997,8997,Male,Japanese
8998,1965-06-03,8998,8998,Prefer not to say,English
8999,1971-06-14,8999,8999,Male,Mandarin
9000,1971-01-01,9000,9000,Prefer not to say,Swedish
9001,1988-04-19,9001,9001,Female,Swedish
9002,1962-07-25,9002,9002,Prefer not to say,Japanese
9003,1979-07-05,9003,9003,Male,Portuguese
9004,1997-10-01,9004,9004,Male,Dutch
9005,1968-02-21,9005,9005,Female,Portuguese
9006,1980-01-03,9006,9006,Prefer not to say,Hindi
9007,1973-12-24,9007,9007,Male,Japanese
9008,1983-10-29,9008,9008,Female,Turkish
9009,1971-08-13,9009,9009,Female,Polish
9010,1966-05-26,9010,9010,Non-binary,Japanese
9011,1983-12-18,9011,9011,Male,English
9012,1965-03-09,9012,9012,Non-binary,Korean
9013,1996-04-15,9013,9013,Prefer not to say,Portuguese
9014,1989-10-14,9014,9014,Female,English
9015,1970-06-04,9015,9015,Male,Romanian
9016,1999-06-26,9016,9016,Female,Mandarin
9017,1970-07-10,9017,9017,Prefer not to say,Arabic
9018,1960-02-24,9018,9018,Non-binary,Spanish
9019,1965-12-19,9019,9019,Male,Thai
9020,1980-04-15,9020,9020,Female,Spanish
9021,1999-03-21,9021,9021,Non-binary,Spanish
9022,1966-11-10,9022,9022,Male,Arabic
9023,1967-01-22,9023,9023,Female,Italian
9024,1988-09-16,9024,9024,Female,Italian
9025,1989-06-04,9025,9025,Female,Greek
9026,1960-03-10,9026,9026,Female,Greek
9027,1979-12-03,9027,9027,Prefer not to say,Arabic
9028,1965-12-01,9028,9028,Prefer not to say,Japanese
9029,1995-06-28,9029,9029,Female,Dutch
9030,1988-11-22,9030,9030,Female,Vietnamese
9031,1977-08-15,9031,9031,Female,Italian
9032,1961-09-25,9032,9032,Male,Russian
9033,1977-04-12,9033,9033,Prefer not to say,English
9034,1982-10-07,9034,9034,Male,Turkish
9035,1974-09-25,9035,9035,Non-binary,Spanish
9036,1986-05-06,9036,9036,Male,Russian
9037,1981-10-31,9037,9037,Prefer not to say,Greek
9038,1960-10-30,9038,9038,Female,Vietnamese
9039,1983-05-19,9039,9039,Non-binary,English
9040,1971-06-22,9040,9040,Female,Hindi
9041,1992-02-04,9041,9041,Non-binary,Korean
9042,1977-06-30,9042,9042,Male,French
9043,1988-06-06,9043,9043,Female,English
9044,1993-11-15,9044,9044,Female,Spanish
9045,1961-09-10,9045,9045,Female,Korean
9046,1965-05-19,9046,9046,Male,Spanish
9047,1967-08-08,9047,9047,Male,Vietnamese
9048,1987-06-19,9048,9048,Non-binary,Mandarin
9049,1972-02-27,9049,9049,Prefer not to say,Dutch
9050,1986-12-19,9050,9050,Male,Romanian
9051,1964-08-08,9051,9051,Female,Hindi
9052,1976-06-15,9052,9052,Male,Russian
9053,1998-03-01,9053,9053,Non-binary,Arabic
9054,2000-08-25,9054,9054,Male,Dutch
9055,1974-08-12,9055,9055,Non-binary,French
9056,1989-06-25,9056,9056,Non-binary,Korean
9057,1962-04-01,9057,9057,Non-binary,German
9058,1999-10-26,9058,9058,Prefer not to say,Greek
9059,1976-10-09,9059,9059,Female,Russian
9060,1981-07-10,9060,9060,Male,Portuguese
9061,1989-09-20,9061,9061,Prefer not to say,Greek
9062,1990-02-13,9062,9062,Female,Turkish
9063,1974-03-13,9063,9063,Non-binary,Dutch
9064,2000-01-16,9064,9064,Male,Romanian
9065,1982-07-16,9065,9065,Non-binary,Vietnamese
9066,2000-04-25,9066,9066,Male,Japanese
9067,1990-10-22,9067,9067,Male,Thai
9068,1962-03-06,9068,9068,Female,Japanese
9069,1962-08-21,9069,9069,Non-binary,Romanian
9070,1975-03-04,9070,9070,Prefer not to say,Romanian
9071,1964-05-14,9071,9071,Male,Spanish
9072,1988-06-25,9072,9072,Prefer not to say,Romanian
9073,1981-04-12,9073,9073,Non-binary,Italian
9074,1995-01-17,9074,9074,Male,Vietnamese
9075,1964-11-26,9075,9075,Male,German
9076,1999-10-22,9076,9076,Female,Italian
9077,1973-12-25,9077,9077,Non-binary,Polish
9078,1978-05-21,9078,9078,Non-binary,Arabic
9079,1987-01-14,9079,9079,Non-binary,Italian
9080,1978-11-27,9080,9080,Prefer not to say,English
9081,1971-05-08,9081,9081,Non-binary,Thai
9082,1990-04-25,9082,9082,Non-binary,Greek
9083,1995-01-04,9083,9083,Prefer not to say,Japanese
9084,1974-04-30,9084,9084,Prefer not to say,Russian
9085,1995-11-27,9085,9085,Prefer not to say,Swedish
9086,1991-12-28,9086,9086,Female,Russian
9087,1987-08-26,9087,9087,Prefer not to say,Korean
9088,1962-06-07,9088,9088,Non-binary,German
9089,1963-09-29,9089,9089,Prefer not to say,Turkish
9090,1982-02-09,9090,9090,Female,Spanish
9091,1979-08-18,9091,9091,Prefer not to say,Korean
9092,1973-04-19,9092,9092,Female,English
9093,1981-10-01,9093,9093,Non-binary,French
9094,1979-02-06,9094,9094,Female,Portuguese
9095,1970-05-05,9095,9095,Male,Russian
9096,1975-01-02,9096,9096,Female,Mandarin
9097,1988-02-03,9097,9097,Prefer not to say,Russian
9098,1973-03-16,9098,9098,Male,Swedish
9099,1969-07-25,9099,9099,Male,Mandarin
9100,1989-05-04,9100,9100,Prefer not to say,Polish
9101,1976-08-05,9101,9101,Male,Greek
9102,1960-11-29,9102,9102,Non-binary,French
9103,1965-09-11,9103,9103,Non-binary,English
9104,1966-09-05,9104,9104,Male,Spanish
9105,1970-01-16,9105,9105,Non-binary,Korean
9106,2000-03-02,9106,9106,Male,French
9107,1971-05-17,9107,9107,Male,Swedish
9108,1993-04-24,9108,9108,Female,Russian
9109,1969-06-20,9109,9109,Prefer not to say,Portuguese
9110,1982-08-15,9110,9110,Male,Russian
9111,1987-12-20,9111,9111,Female,Italian
9112,1986-10-10,9112,9112,Male,Portuguese
9113,1975-03-16,9113,9113,Female,Thai
9114,1971-11-25,9114,9114,Female,Swedish
9115,1994-05-24,9115,9115,Non-binary,Russian
9116,1999-06-25,9116,9116,Non-binary,Dutch
9117,1963-11-11,9117,9117,Non-binary,Portuguese
9118,1995-06-21,9118,9118,Male,Spanish
9119,1973-01-14,9119,9119,Female,German
9120,1996-04-25,9120,9120,Female,Portuguese
9121,1970-11-19,9121,9121,Male,Japanese
9122,1969-12-14,9122,9122,Male,Thai
9123,1990-06-29,9123,9123,Prefer not to say,Italian
9124,1964-08-01,9124,9124,Male,Russian
9125,1970-06-25,9125,9125,Prefer not to say,Greek
9126,1969-11-17,9126,9126,Female,German
9127,1972-07-19,9127,9127,Non-binary,French
9128,1997-02-14,9128,9128,Male,French
9129,2000-03-26,9129,9129,Non-binary,Greek
9130,1987-01-20,9130,9130,Female,French
9131,1996-02-23,9131,9131,Non-binary,Swedish
9132,1977-04-23,9132,9132,Prefer not to say,Thai
9133,1981-07-02,9133,9133,Prefer not to say,Mandarin
9134,1993-11-02,9134,9134,Female,Polish
9135,1998-05-13,9135,9135,Non-binary,French
9136,1992-03-26,9136,9136,Male,English
9137,1992-01-26,9137,9137,Male,French
9138,1974-03-14,9138,9138,Prefer not to say,English
9139,1993-08-19,9139,9139,Non-binary,Dutch
9140,1960-08-06,9140,9140,Female,German
9141,1968-07-27,9141,9141,Female,Russian
9142,1962-08-06,9142,9142,Female,Hindi
9143,1961-12-01,9143,9143,Non-binary,Mandarin
9144,1979-08-03,9144,9144,Non-binary,Arabic
9145,1970-06-16,9145,9145,Male,Dutch
9146,1963-12-03,9146,9146,Prefer not to say,Russian
9147,1993-07-17,9147,9147,Non-binary,Russian
9148,1965-06-10,9148,9148,Prefer not to say,Portuguese
9149,1983-11-30,9149,9149,Male,Turkish
9150,1977-10-17,9150,9150,Female,Romanian
9151,1985-03-21,9151,9151,Female,Greek
9152,1999-01-09,9152,9152,Non-binary,Polish
9153,1993-03-23,9153,9153,Female,Thai
9154,1969-11-28,9154,9154,Female,Hindi
9155,1997-05-26,9155,9155,Prefer not to say,Spanish
9156,1974-02-15,9156,9156,Non-binary,Dutch
9157,2000-05-06,9157,9157,Non-binary,Dutch
9158,1963-09-17,9158,9158,Non-binary,Thai
9159,1990-12-27,9159,9159,Prefer not to say,Italian
9160,1980-09-20,9160,9160,Prefer not to say,English
9161,1992-03-18,9161,9161,Male,Portuguese
9162,1976-11-01,9162,9162,Female,Mandarin
9163,1984-10-09,9163,9163,Male,Mandarin
9164,1999-03-01,9164,9164,Female,Hindi
9165,1979-07-15,9165,9165,Male,French
9166,1974-04-25,9166,9166,Non-binary,Spanish
9167,1974-11-18,9167,9167,Prefer not to say,Italian
9168,1965-06-21,9168,9168,Non-binary,Thai
9169,1983-11-10,9169,9169,Male,Romanian
9170,2000-11-07,9170,9170,Non-binary,Romanian
9171,1999-01-08,9171,9171,Prefer not to say,French
9172,1995-05-24,9172,9172,Male,Mandarin
9173,1960-09-25,9173,9173,Female,Greek
9174,1990-06-22,9174,9174,Male,Hindi
9175,1994-07-04,9175,9175,Prefer not to say,Thai
9176,1994-01-14,9176,9176,Non-binary,Dutch
9177,1964-10-29,9177,9177,Female,French
9178,1971-03-09,9178,9178,Prefer not to say,Hindi
9179,2000-08-15,9179,9179,Non-binary,Russian
9180,1983-09-01,9180,9180,Prefer not to say,Polish
9181,1963-03-15,9181,9181,Non-binary,Polish
9182,1969-11-07,9182,9182,Female,Dutch
9183,1992-01-22,9183,9183,Male,Swedish
9184,1988-05-19,9184,9184,Non-binary,Swedish
9185,1988-12-18,9185,9185,Non-binary,Turkish
9186,1999-06-19,9186,9186,Non-binary,German
9187,1980-01-22,9187,9187,Female,Thai
9188,1979-12-11,9188,9188,Male,Mandarin
9189,1964-03-06,9189,9189,Female,Mandarin
9190,1987-08-30,9190,9190,Female,Mandarin
9191,1998-02-27,9191,9191,Prefer not to say,Greek
9192,1972-11-02,9192,9192,Non-binary,Swedish
9193,1981-12-18,9193,9193,Prefer not to say,Arabic
9194,1978-12-22,9194,9194,Prefer not to say,Russian
9195,1984-12-22,9195,9195,Non-binary,Thai
9196,1979-06-15,9196,9196,Non-binary,Mandarin
9197,1988-10-13,9197,9197,Male,German
9198,1977-11-06,9198,9198,Prefer not to say,Turkish
9199,1997-10-03,9199,9199,Non-binary,Mandarin
9200,1963-08-29,9200,9200,Female,Spanish
9201,1994-06-11,9201,9201,Female,Japanese
9202,1967-04-29,9202,9202,Female,Dutch
9203,1997-02-10,9203,9203,Male,Korean
9204,1990-01-01,9204,9204,Non-binary,Dutch
9205,1975-06-25,9205,9205,Non-binary,French
9206,1979-12-05,9206,9206,Prefer not to say,Vietnamese
9207,1975-06-28,9207,9207,Non-binary,Dutch
9208,1971-02-26,9208,9208,Male,Hindi
9209,1978-10-10,9209,9209,Female,Thai
9210,1984-11-12,9210,9210,Non-binary,French
9211,1971-04-13,9211,9211,Female,Swedish
9212,1993-02-23,9212,9212,Female,French
9213,1987-03-13,9213,9213,Non-binary,Mandarin
9214,1992-06-03,9214,9214,Non-binary,French
9215,1966-02-22,9215,9215,Non-binary,Russian
9216,1994-01-17,9216,9216,Non-binary,Turkish
9217,1968-10-17,9217,9217,Prefer not to say,Spanish
9218,1974-07-15,9218,9218,Male,French
9219,1981-08-04,9219,9219,Prefer not to say,Russian
9220,1975-04-14,9220,9220,Male,Dutch
9221,1975-12-15,9221,9221,Male,Spanish
9222,1986-05-31,9222,9222,Non-binary,Swedish
9223,1976-02-25,9223,9223,Male,Hindi
9224,1977-04-15,9224,9224,Male,Swedish
9225,1997-01-31,9225,9225,Non-binary,Italian
9226,1993-11-17,9226,9226,Female,Swedish
9227,2000-12-30,9227,9227,Non-binary,Polish
9228,1962-10-08,9228,9228,Male,Russian
9229,1982-05-14,9229,9229,Prefer not to say,Polish
9230,1995-11-12,9230,9230,Female,Korean
9231,1979-06-02,9231,9231,Prefer not to say,Swedish
9232,1995-09-19,9232,9232,Male,Dutch
9233,1999-01-16,9233,9233,Female,Mandarin
9234,1984-03-07,9234,9234,Prefer not to say,French
9235,1972-03-04,9235,9235,Prefer not to say,Vietnamese
9236,1995-10-11,9236,9236,Female,Swedish
9237,1976-08-19,9237,9237,Prefer not to say,German
9238,1984-01-03,9238,9238,Female,German
9239,1973-03-06,9239,9239,Non-binary,English
9240,1961-05-30,9240,9240,Male,Japanese
9241,1983-06-29,9241,9241,Non-binary,German
9242,1986-09-25,9242,9242,Prefer not to say,Polish
9243,1961-07-13,9243,9243,Prefer not to say,Portuguese
9244,1996-05-14,9244,9244,Non-binary,Hindi
9245,1997-07-26,9245,9245,Prefer not to say,Vietnamese
9246,1963-11-15,9246,9246,Male,Mandarin
9247,1992-09-27,9247,9247,Female,Romanian
9248,1980-06-03,9248,9248,Non-binary,Spanish
9249,1997-08-15,9249,9249,Female,German
9250,1976-01-30,9250,9250,Non-binary,Russian
9251,1967-08-09,9251,9251,Non-binary,Japanese
9252,1965-01-17,9252,9252,Female,German
9253,1976-04-06,9253,9253,Male,Arabic
9254,1978-12-18,9254,9254,Prefer not to say,Dutch
9255,1976-08-18,9255,9255,Female,Thai
9256,1963-09-26,9256,9256,Non-binary,Korean
9257,1990-01-17,9257,9257,Non-binary,Dutch
9258,1990-04-23,9258,9258,Non-binary,Swedish
9259,1997-08-13,9259,9259,Female,English
9260,1993-11-18,9260,9260,Male,English
9261,1993-11-18,9261,9261,Female,Polish
9262,1984-12-08,9262,9262,Male,Italian
9263,2000-03-02,9263,9263,Prefer not to say,German
9264,1973-11-27,9264,9264,Prefer not to say,Italian
9265,1983-10-17,9265,9265,Male,English
9266,1976-06-27,9266,9266,Non-binary,Turkish
9267,1973-04-19,9267,9267,Female,Dutch
9268,1986-07-12,9268,9268,Female,Spanish
9269,1983-04-01,9269,9269,Non-binary,English
9270,1965-03-08,9270,9270,Non-binary,Swedish
9271,1960-11-29,9271,9271,Female,German
9272,1964-03-04,9272,9272,Female,Arabic
9273,1966-10-15,9273,9273,Male,Polish
9274,1968-12-05,9274,9274,Prefer not to say,Portuguese
9275,2000-11-30,9275,9275,Male,Vietnamese
9276,1996-04-08,9276,9276,Female,Dutch
9277,1995-01-09,9277,9277,Prefer not to say,Russian
9278,1970-11-25,9278,9278,Male,Swedish
9279,1982-09-27,9279,9279,Prefer not to say,Arabic
9280,1993-06-13,9280,9280,Female,Russian
9281,1992-10-24,9281,9281,Female,Korean
9282,1973-10-20,9282,9282,Prefer not to say,Spanish
9283,1987-11-03,9283,9283,Prefer not to say,Thai
9284,1985-04-11,9284,9284,Male,Korean
9285,1981-04-10,9285,9285,Male,Dutch
9286,1982-08-03,9286,9286,Non-binary,Spanish
9287,1964-07-10,9287,9287,Non-binary,Vietnamese
9288,1991-11-17,9288,9288,Non-binary,Turkish
9289,1988-01-10,9289,9289,Non-binary,Arabic
9290,1969-07-19,9290,9290,Male,Hindi
9291,1960-12-18,9291,9291,Non-binary,Romanian
9292,1972-10-22,9292,9292,Prefer not to say,Italian
9293,1960-03-02,9293,9293,Female,Italian
9294,1965-01-01,9294,9294,Non-binary,German
9295,1969-04-06,9295,9295,Female,Italian
9296,1978-02-27,9296,9296,Male,Korean
9297,1971-02-22,9297,9297,Prefer not to say,English
9298,1983-07-25,9298,9298,Female,Dutch
9299,1995-04-15,9299,9299,Prefer not to say,French
9300,1981-06-07,9300,9300,Non-binary,Korean
9301,1975-08-09,9301,9301,Male,Hindi
9302,1963-11-28,9302,9302,Prefer not to say,Vietnamese
9303,1990-06-16,9303,9303,Male,Polish
9304,1986-08-29,9304,9304,Female,Swedish
9305,1996-04-17,9305,9305,Male,Swedish
9306,1981-10-29,9306,9306,Prefer not to say,German
9307,1984-08-27,9307,9307,Male,Portuguese
9308,1991-09-05,9308,9308,Prefer not to say,Mandarin
9309,2000-08-28,9309,9309,Non-binary,Arabic
9310,1993-10-31,9310,9310,Prefer not to say,Korean
9311,1992-09-12,9311,9311,Male,Spanish
9312,1998-03-09,9312,9312,Male,English
9313,1990-12-25,9313,9313,Prefer not to say,German
9314,1973-11-21,9314,9314,Female,Portuguese
9315,1983-03-22,9315,9315,Non-binary,Romanian
9316,1972-04-14,9316,9316,Male,Portuguese
9317,1987-03-02,9317,9317,Female,Mandarin
9318,1991-08-27,9318,9318,Female,Japanese
9319,1989-04-18,9319,9319,Non-binary,Russian
9320,1992-01-17,9320,9320,Prefer not to say,Japanese
9321,1965-01-18,9321,9321,Prefer not to say,Arabic
9322,1988-10-03,9322,9322,Male,Polish
9323,1967-09-03,9323,9323,Prefer not to say,German
9324,1981-03-09,9324,9324,Female,Spanish
9325,1968-11-19,9325,9325,Prefer not to say,Spanish
9326,1973-02-20,9326,9326,Female,Polish
9327,1972-11-27,9327,9327,Non-binary,Italian
9328,1997-05-29,9328,9328,Male,Japanese
9329,1977-09-30,9329,9329,Non-binary,Portuguese
9330,1960-05-28,9330,9330,Prefer not to say,Japanese
9331,1990-09-10,9331,9331,Prefer not to say,Spanish
9332,1963-02-07,9332,9332,Prefer not to say,Thai
9333,1980-06-26,9333,9333,Non-binary,Portuguese
9334,1996-07-24,9334,9334,Female,Dutch
9335,1986-03-26,9335,9335,Female,Japanese
9336,1967-10-23,9336,9336,Prefer not to say,Spanish
9337,1967-02-12,9337,9337,Non-binary,Dutch
9338,1976-09-23,9338,9338,Male,Dutch
9339,1965-02-20,9339,9339,Prefer not to say,Turkish
9340,1967-02-05,9340,9340,Prefer not to say,Romanian
9341,1994-08-30,9341,9341,Prefer not to say,German
9342,1989-10-26,9342,9342,Prefer not to say,Turkish
9343,1990-04-01,9343,9343,Male,Portuguese
9344,1996-03-29,9344,9344,Non-binary,Italian
9345,1976-02-14,9345,9345,Prefer not to say,French
9346,1961-04-07,9346,9346,Male,Arabic
9347,1963-12-27,9347,9347,Prefer not to say,Turkish
9348,1997-06-15,9348,9348,Non-binary,Polish
9349,1974-07-10,9349,9349,Female,Vietnamese
9350,1982-01-20,9350,9350,Prefer not to say,Mandarin
9351,1970-07-09,9351,9351,Male,Vietnamese
9352,1983-09-04,9352,9352,Non-binary,Turkish
9353,1983-10-05,9353,9353,Female,Swedish
9354,1976-09-01,9354,9354,Prefer not to say,Hindi
9355,1975-02-12,9355,9355,Male,Korean
9356,1969-12-12,9356,9356,Female,Polish
9357,1970-03-03,9357,9357,Prefer not to say,German
9358,2000-04-12,9358,9358,Female,Swedish
9359,1986-05-06,9359,9359,Male,Dutch
9360,1971-04-18,9360,9360,Non-binary,Korean
9361,1978-05-14,9361,9361,Non-binary,Greek
9362,1996-10-27,9362,9362,Prefer not to say,Mandarin
9363,1978-02-20,9363,9363,Female,Spanish
9364,1977-04-05,9364,9364,Male,Vietnamese
9365,1968-08-07,9365,9365,Prefer not to say,Hindi
9366,1972-03-09,9366,9366,Prefer not to say,Japanese
9367,1962-11-02,9367,9367,Non-binary,Romanian
9368,1986-01-08,9368,9368,Male,Italian
9369,1997-07-23,9369,9369,Prefer not to say,English
9370,1983-09-01,9370,9370,Female,Korean
9371,1974-11-23,9371,9371,Female,French
9372,1991-03-21,9372,9372,Prefer not to say,Vietnamese
9373,1996-04-08,9373,9373,Prefer not to say,Greek
9374,1990-09-25,9374,9374,Female,Thai
9375,1980-01-18,9375,9375,Non-binary,Hindi
9376,1985-03-08,9376,9376,Male,Romanian
9377,1966-10-17,9377,9377,Non-binary,Romanian
9378,1992-09-05,9378,9378,Prefer not to say,Polish
9379,1991-05-22,9379,9379,Non-binary,Spanish
9380,1984-11-07,9380,9380,Non-binary,Swedish
9381,1961-05-27,9381,9381,Male,Hindi
9382,1998-09-28,9382,9382,Non-binary,Polish
9383,1968-02-28,9383,9383,Non-binary,Swedish
9384,1986-11-16,9384,9384,Non-binary,Arabic
9385,1964-05-19,9385,9385,Prefer not to say,Portuguese
9386,1995-02-15,9386,9386,Prefer not to say,Greek
9387,1984-11-23,9387,9387,Prefer not to say,Turkish
9388,1968-05-20,9388,9388,Prefer not to say,Hindi
9389,1979-09-07,9389,9389,Male,Romanian
9390,1980-01-27,9390,9390,Male,Mandarin
9391,1981-04-23,9391,9391,Non-binary,Japanese
9392,1977-03-11,9392,9392,Male,Hindi
9393,1984-05-07,9393,9393,Female,Russian
9394,1991-03-03,9394,9394,Female,Korean
9395,1971-07-03,9395,9395,Non-binary,Polish
9396,1984-05-07,9396,9396,Prefer not to say,Arabic
9397,1994-01-07,9397,9397,Female,French
9398,1996-12-20,9398,9398,Non-binary,Arabic
9399,1996-01-13,9399,9399,Male,Polish
9400,1982-06-28,9400,9400,Male,German
9401,1972-07-02,9401,9401,Male,German
9402,1978-01-01,9402,9402,Prefer not to say,Turkish
9403,1987-01-16,9403,9403,Female,German
9404,1969-07-22,9404,9404,Male,Korean
9405,1964-12-25,9405,9405,Non-binary,Arabic
9406,2000-06-14,9406,9406,Prefer not to say,Greek
9407,1962-11-15,9407,9407,Male,Portuguese
9408,1960-03-29,9408,9408,Non-binary,English
9409,1962-11-21,9409,9409,Female,Korean
9410,1992-05-30,9410,9410,Prefer not to say,Japanese
9411,1977-07-26,9411,9411,Female,Mandarin
9412,1971-06-02,9412,9412,Male,Romanian
9413,1980-03-13,9413,9413,Prefer not to say,English
9414,1991-12-17,9414,9414,Non-binary,Turkish
9415,1970-03-17,9415,9415,Female,Dutch
9416,1972-06-16,9416,9416,Female,French
9417,1973-01-07,9417,9417,Male,Polish
9418,1999-02-27,9418,9418,Prefer not to say,Vietnamese
9419,1963-06-14,9419,9419,Female,Turkish
9420,1975-09-08,9420,9420,Male,Vietnamese
9421,1984-10-18,9421,9421,Prefer not to say,Dutch
9422,1988-05-07,9422,9422,Female,Spanish
9423,1963-11-23,9423,9423,Non-binary,Vietnamese
9424,1999-04-18,9424,9424,Female,German
9425,1971-08-04,9425,9425,Non-binary,English
9426,1987-11-19,9426,9426,Non-binary,Dutch
9427,1965-12-04,9427,9427,Prefer not to say,Hindi
9428,1966-01-18,9428,9428,Male,Swedish
9429,1965-01-17,9429,9429,Non-binary,English
9430,1960-02-07,9430,9430,Female,Arabic
9431,1973-11-13,9431,9431,Male,Japanese
9432,1991-06-27,9432,9432,Male,Russian
9433,1981-02-14,9433,9433,Female,German
9434,1968-11-03,9434,9434,Prefer not to say,Vietnamese
9435,1996-08-23,9435,9435,Non-binary,Portuguese
9436,1989-09-15,9436,9436,Female,Romanian
9437,1960-02-11,9437,9437,Non-binary,Swedish
9438,1982-03-31,9438,9438,Prefer not to say,Korean
9439,1973-07-12,9439,9439,Male,Japanese
9440,1985-08-11,9440,9440,Male,Romanian
9441,1999-01-23,9441,9441,Non-binary,Spanish
9442,1991-11-22,9442,9442,Prefer not to say,Turkish
9443,1960-07-26,9443,9443,Non-binary,Hindi
9444,1965-01-06,9444,9444,Prefer not to say,Arabic
9445,1988-05-05,9445,9445,Prefer not to say,Dutch
9446,1960-03-14,9446,9446,Male,French
9447,1976-04-05,9447,9447,Non-binary,Vietnamese
9448,1985-01-05,9448,9448,Female,Romanian
9449,1982-11-05,9449,9449,Male,German
9450,1998-06-14,9450,9450,Male,Portuguese
9451,1992-05-26,9451,9451,Female,German
9452,1992-09-06,9452,9452,Male,Italian
9453,1967-10-05,9453,9453,Male,Mandarin
9454,1984-01-19,9454,9454,Male,Greek
9455,1961-04-26,9455,9455,Female,Russian
9456,1999-03-14,9456,9456,Prefer not to say,French
9457,1971-01-22,9457,9457,Female,Portuguese
9458,1984-12-19,9458,9458,Non-binary,Japanese
9459,1979-05-25,9459,9459,Male,Mandarin
9460,1973-01-28,9460,9460,Prefer not to say,Turkish
9461,1964-02-08,9461,9461,Female,Vietnamese
9462,1968-12-19,9462,9462,Male,Thai
9463,1996-05-09,9463,9463,Female,Korean
9464,1973-07-10,9464,9464,Female,Mandarin
9465,1988-04-29,9465,9465,Male,Hindi
9466,1991-08-06,9466,9466,Male,Spanish
9467,1986-02-14,9467,9467,Male,Hindi
9468,1962-10-14,9468,9468,Non-binary,Turkish
9469,1963-10-31,9469,9469,Male,Russian
9470,1981-09-22,9470,9470,Non-binary,Romanian
9471,1980-08-22,9471,9471,Prefer not to say,Arabic
9472,1986-06-26,9472,9472,Female,Arabic
9473,1961-11-09,9473,9473,Non-binary,Arabic
9474,1994-11-16,9474,9474,Prefer not to say,English
9475,1985-12-08,9475,9475,Female,Vietnamese
9476,1962-03-29,9476,9476,Male,Korean
9477,1989-12-03,9477,9477,Female,Thai
9478,1989-11-12,9478,9478,Male,Arabic
9479,1976-03-05,9479,9479,Prefer not to say,Arabic
9480,1972-02-04,9480,9480,Male,German
9481,1990-07-18,9481,9481,Male,Swedish
9482,1978-12-14,9482,9482,Female,Romanian
9483,1964-10-01,9483,9483,Male,Mandarin
9484,1985-12-23,9484,9484,Non-binary,Dutch
9485,1976-02-17,9485,9485,Prefer not to say,Italian
9486,1967-07-25,9486,9486,Male,Hindi
9487,1984-11-03,9487,9487,Non-binary,Dutch
9488,1974-02-28,9488,9488,Female,French
9489,1994-09-02,9489,9489,Prefer not to say,Turkish
9490,1983-11-25,9490,9490,Male,English
9491,1991-04-25,9491,9491,Prefer not to say,French
9492,1985-12-18,9492,9492,Female,Italian
9493,1986-11-19,9493,9493,Non-binary,Arabic
9494,1980-12-28,9494,9494,Female,Korean
9495,1978-10-18,9495,9495,Female,Dutch
9496,1962-06-02,9496,9496,Non-binary,Russian
9497,1995-03-09,9497,9497,Male,Greek
9498,1967-10-15,9498,9498,Non-binary,Thai
9499,1998-05-30,9499,9499,Prefer not to say,Arabic
9500,1986-09-15,9500,9500,Male,Mandarin
9501,1975-12-22,9501,9501,Prefer not to say,Swedish
9502,1969-02-13,9502,9502,Prefer not to say,Italian
9503,1973-02-11,9503,9503,Non-binary,Italian
9504,1992-06-29,9504,9504,Non-binary,Vietnamese
9505,1965-08-18,9505,9505,Female,Thai
9506,1985-09-22,9506,9506,Prefer not to say,Greek
9507,1987-07-12,9507,9507,Prefer not to say,Swedish
9508,1987-06-09,9508,9508,Male,French
9509,1960-02-20,9509,9509,Non-binary,Thai
9510,1994-07-04,9510,9510,Male,Turkish
9511,1969-03-21,9511,9511,Prefer not to say,Dutch
9512,1963-08-25,9512,9512,Non-binary,English
9513,1982-07-31,9513,9513,Prefer not to say,English
9514,1995-03-13,9514,9514,Prefer not to say,Turkish
9515,1993-05-05,9515,9515,Prefer not to say,Italian
9516,1967-01-13,9516,9516,Male,Polish
9517,1978-01-28,9517,9517,Male,Thai
9518,1978-10-28,9518,9518,Female,German
9519,1993-03-01,9519,9519,Prefer not to say,Vietnamese
9520,1978-08-10,9520,9520,Male,Italian
9521,1960-10-18,9521,9521,Prefer not to say,Portuguese
9522,1982-05-04,9522,9522,Prefer not to say,Thai
9523,1983-07-13,9523,9523,Female,Greek
9524,1989-10-14,9524,9524,Prefer not to say,Arabic
9525,1961-02-22,9525,9525,Female,Romanian
9526,1988-05-28,9526,9526,Female,Greek
9527,1982-08-13,9527,9527,Non-binary,Japanese
9528,1961-06-24,9528,9528,Female,Italian
9529,1999-01-21,9529,9529,Female,Greek
9530,1976-12-30,9530,9530,Male,Korean
9531,1975-10-13,9531,9531,Female,Italian
9532,1994-10-07,9532,9532,Female,Turkish
9533,1998-04-25,9533,9533,Female,English
9534,1991-11-08,9534,9534,Female,Polish
9535,1962-01-24,9535,9535,Male,Greek
9536,1988-06-14,9536,9536,Male,Japanese
9537,1979-07-03,9537,9537,Non-binary,Thai
9538,1966-10-26,9538,9538,Non-binary,Japanese
9539,1976-05-16,9539,9539,Prefer not to say,Korean
9540,1990-04-04,9540,9540,Non-binary,Thai
9541,1970-07-24,9541,9541,Female,German
9542,1988-04-13,9542,9542,Non-binary,Polish
9543,1992-11-01,9543,9543,Prefer not to say,Romanian
9544,1993-08-08,9544,9544,Non-binary,Spanish
9545,1994-07-07,9545,9545,Male,Polish
9546,1964-08-23,9546,9546,Female,German
9547,1989-01-05,9547,9547,Non-binary,Swedish
9548,1997-09-07,9548,9548,Female,Portuguese
9549,1979-04-23,9549,9549,Female,Russian
9550,1974-06-22,9550,9550,Non-binary,Portuguese
9551,1964-11-16,9551,9551,Prefer not to say,Swedish
9552,1962-11-24,9552,9552,Non-binary,Hindi
9553,1966-07-05,9553,9553,Prefer not to say,Romanian
9554,1984-09-04,9554,9554,Male,Japanese
9555,1985-04-02,9555,9555,Female,Thai
9556,1981-03-08,9556,9556,Non-binary,Turkish
9557,1966-05-21,9557,9557,Female,Arabic
9558,1983-12-30,9558,9558,Female,Polish
9559,1983-08-16,9559,9559,Male,Italian
9560,1979-01-12,9560,9560,Female,Swedish
9561,1991-08-20,9561,9561,Non-binary,Spanish
9562,1966-12-18,9562,9562,Prefer not to say,Korean
9563,1996-07-22,9563,9563,Female,Dutch
9564,1970-01-11,9564,9564,Male,French
9565,1971-06-25,9565,9565,Non-binary,French
9566,1987-04-01,9566,9566,Prefer not to say,Vietnamese
9567,1984-05-26,9567,9567,Prefer not to say,English
9568,1981-10-01,9568,9568,Male,Polish
9569,1995-11-16,9569,9569,Female,Romanian
9570,1994-11-27,9570,9570,Prefer not to say,English
9571,1984-04-06,9571,9571,Female,Greek
9572,1978-04-02,9572,9572,Prefer not to say,Swedish
9573,1999-01-11,9573,9573,Female,Japanese
9574,1963-02-21,9574,9574,Male,Dutch
9575,1990-03-13,9575,9575,Prefer not to say,French
9576,1990-04-20,9576,9576,Non-binary,Japanese
9577,1966-01-31,9577,9577,Non-binary,German
9578,1964-08-16,9578,9578,Non-binary,Turkish
9579,1978-12-11,9579,9579,Prefer not to say,Russian
9580,1976-12-26,9580,9580,Female,Portuguese
9581,1973-09-13,9581,9581,Non-binary,English
9582,1971-07-12,9582,9582,Prefer not to say,Korean
9583,1975-07-05,9583,9583,Male,Korean
9584,1966-05-30,9584,9584,Non-binary,Italian
9585,1964-01-03,9585,9585,Female,Hindi
9586,1993-04-10,9586,9586,Female,German
9587,1974-01-11,9587,9587,Non-binary,Korean
9588,1993-08-25,9588,9588,Prefer not to say,Romanian
9589,1986-05-21,9589,9589,Female,Arabic
9590,1989-11-08,9590,9590,Non-binary,Polish
9591,1980-08-08,9591,9591,Male,Dutch
9592,1996-02-07,9592,9592,Male,Portuguese
9593,1961-11-24,9593,9593,Non-binary,Portuguese
9594,1964-11-29,9594,9594,Female,Thai
9595,1965-04-19,9595,9595,Female,German
9596,1972-02-08,9596,9596,Prefer not to say,Greek
9597,1977-11-20,9597,9597,Prefer not to say,Turkish
9598,1994-01-17,9598,9598,Male,Italian
9599,1999-03-25,9599,9599,Non-binary,Turkish
9600,1993-11-05,9600,9600,Non-binary,Arabic
9601,1970-07-17,9601,9601,Prefer not to say,Turkish
9602,1964-11-01,9602,9602,Prefer not to say,Swedish
9603,1981-04-10,9603,9603,Prefer not to say,Dutch
9604,1981-10-08,9604,9604,Prefer not to say,Hindi
9605,1986-08-24,9605,9605,Prefer not to say,Turkish
9606,1999-09-26,9606,9606,Prefer not to say,Swedish
9607,1993-11-12,9607,9607,Male,Japanese
9608,1974-12-14,9608,9608,Non-binary,Hindi
9609,2000-03-06,9609,9609,Male,English
9610,1995-05-07,9610,9610,Male,Spanish
9611,1970-10-07,9611,9611,Non-binary,Italian
9612,1980-04-25,9612,9612,Prefer not to say,Spanish
9613,1998-05-04,9613,9613,Non-binary,French
9614,1985-02-22,9614,9614,Male,Spanish
9615,1989-09-27,9615,9615,Male,Vietnamese
9616,1961-09-26,9616,9616,Prefer not to say,Dutch
9617,1982-10-22,9617,9617,Female,Mandarin
9618,1961-11-28,9618,9618,Male,Turkish
9619,1961-01-20,9619,9619,Male,Swedish
9620,1978-03-19,9620,9620,Non-binary,French
9621,1984-03-08,9621,9621,Female,English
9622,1998-06-03,9622,9622,Non-binary,Spanish
9623,1989-02-27,9623,9623,Female,Thai
9624,1989-02-22,9624,9624,Female,Arabic
9625,1997-11-10,9625,9625,Prefer not to say,French
9626,1991-11-22,9626,9626,Non-binary,Portuguese
9627,1976-11-24,9627,9627,Female,Portuguese
9628,1978-07-21,9628,9628,Prefer not to say,Dutch
9629,1994-02-17,9629,9629,Prefer not to say,Spanish
9630,1996-08-17,9630,9630,Male,Hindi
9631,1997-04-07,9631,9631,Male,Swedish
9632,1972-09-24,9632,9632,Non-binary,Romanian
9633,1980-01-16,9633,9633,Prefer not to say,Turkish
9634,1979-02-07,9634,9634,Non-binary,Swedish
9635,1987-05-31,9635,9635,Prefer not to say,Russian
9636,1990-12-19,9636,9636,Prefer not to say,Arabic
9637,1960-12-16,9637,9637,Prefer not to say,Spanish
9638,1966-06-16,9638,9638,Female,French
9639,1990-08-04,9639,9639,Male,Turkish
9640,1988-12-03,9640,9640,Male,Swedish
9641,1996-02-21,9641,9641,Female,Polish
9642,1962-01-18,9642,9642,Non-binary,French
9643,1977-10-27,9643,9643,Non-binary,Dutch
9644,1977-11-13,9644,9644,Prefer not to say,Russian
9645,1975-02-21,9645,9645,Non-binary,French
9646,1971-08-17,9646,9646,Male,Turkish
9647,1986-07-06,9647,9647,Non-binary,Italian
9648,1961-04-05,9648,9648,Female,Hindi
9649,1961-08-19,9649,9649,Female,Korean
9650,1980-06-21,9650,9650,Prefer not to say,English
9651,1998-10-26,9651,9651,Prefer not to say,Greek
9652,1980-08-19,9652,9652,Prefer not to say,German
9653,1973-05-22,9653,9653,Male,Russian
9654,1998-01-27,9654,9654,Prefer not to say,Thai
9655,1960-04-14,9655,9655,Non-binary,Vietnamese
9656,1986-06-16,9656,9656,Non-binary,Turkish
9657,1988-04-08,9657,9657,Female,Greek
9658,1963-01-02,9658,9658,Non-binary,Turkish
9659,1987-11-02,9659,9659,Female,Vietnamese
9660,1968-08-15,9660,9660,Female,French
9661,1970-12-15,9661,9661,Prefer not to say,Turkish
9662,1979-11-28,9662,9662,Male,Portuguese
9663,1978-11-10,9663,9663,Non-binary,Portuguese
9664,1972-02-29,9664,9664,Male,Korean
9665,1961-08-30,9665,9665,Male,Polish
9666,1988-09-25,9666,9666,Female,Romanian
9667,1999-10-16,9667,9667,Prefer not to say,German
9668,1977-07-10,9668,9668,Prefer not to say,Polish
9669,1962-07-22,9669,9669,Prefer not to say,Thai
9670,1975-05-11,9670,9670,Non-binary,Spanish
9671,1979-12-26,9671,9671,Female,Dutch
9672,1992-09-03,9672,9672,Male,Hindi
9673,1993-12-03,9673,9673,Non-binary,Japanese
9674,1967-12-10,9674,9674,Prefer not to say,Polish
9675,1996-05-16,9675,9675,Female,Swedish
9676,1971-08-01,9676,9676,Male,Spanish
9677,1996-03-08,9677,9677,Prefer not to say,Russian
9678,1972-06-12,9678,9678,Male,Mandarin
9679,1974-11-09,9679,9679,Female,Thai
9680,1995-10-14,9680,9680,Male,Dutch
9681,1975-11-02,9681,9681,Male,Italian
9682,1977-01-15,9682,9682,Female,Greek
9683,1967-04-08,9683,9683,Female,Vietnamese
9684,1986-07-18,9684,9684,Male,Vietnamese
9685,1999-04-27,9685,9685,Prefer not to say,Hindi
9686,1996-03-28,9686,9686,Female,Mandarin
9687,1985-11-27,9687,9687,Non-binary,Vietnamese
9688,1976-10-04,9688,9688,Prefer not to say,Japanese
9689,1979-10-10,9689,9689,Female,Hindi
9690,1968-12-18,9690,9690,Female,Turkish
9691,1991-01-31,9691,9691,Male,Russian
9692,1973-12-19,9692,9692,Male,Italian
9693,1969-03-04,9693,9693,Male,Dutch
9694,1969-11-10,9694,9694,Female,Dutch
9695,1990-03-25,9695,9695,Prefer not to say,Dutch
9696,1980-12-14,9696,9696,Non-binary,Polish
9697,1976-07-31,9697,9697,Prefer not to say,French
9698,1993-09-06,9698,9698,Female,Thai
9699,1982-05-13,9699,9699,Male,Romanian
9700,1993-11-20,9700,9700,Female,German
9701,1964-08-30,9701,9701,Female,Thai
9702,1984-07-02,9702,9702,Non-binary,Polish
9703,1985-10-26,9703,9703,Non-binary,Spanish
9704,1999-08-21,9704,9704,Prefer not to say,Romanian
9705,1992-04-17,9705,9705,Male,Dutch
9706,1969-01-01,9706,9706,Male,Portuguese
9707,1967-03-01,9707,9707,Non-binary,Swedish
9708,1989-09-17,9708,9708,Male,Turkish
9709,2000-10-12,9709,9709,Male,Greek
9710,1980-10-10,9710,9710,Prefer not to say,Japanese
9711,1971-02-07,9711,9711,Female,Swedish
9712,1973-08-11,9712,9712,Non-binary,Portuguese
9713,1985-09-18,9713,9713,Prefer not to say,Vietnamese
9714,1963-02-16,9714,9714,Prefer not to say,French
9715,1980-07-25,9715,9715,Prefer not to say,Vietnamese
9716,1966-09-16,9716,9716,Female,Russian
9717,1977-12-25,9717,9717,Prefer not to say,Vietnamese
9718,1997-04-04,9718,9718,Prefer not to say,Mandarin
9719,1963-07-19,9719,9719,Non-binary,Polish
9720,1982-02-27,9720,9720,Non-binary,Turkish
9721,1991-09-02,9721,9721,Non-binary,Arabic
9722,1962-09-22,9722,9722,Prefer not to say,Greek
9723,1988-08-21,9723,9723,Male,Swedish
9724,1976-11-06,9724,9724,Non-binary,Hindi
9725,1986-03-19,9725,9725,Female,Hindi
9726,1992-06-03,9726,9726,Prefer not to say,Turkish
9727,1971-08-31,9727,9727,Male,Arabic
9728,1969-01-27,9728,9728,Non-binary,German
9729,1999-01-17,9729,9729,Male,Mandarin
9730,1997-05-14,9730,9730,Male,Korean
9731,1986-04-03,9731,9731,Male,Turkish
9732,1989-11-01,9732,9732,Prefer not to say,Vietnamese
9733,1974-12-29,9733,9733,Prefer not to say,German
9734,1963-01-27,9734,9734,Female,Thai
9735,1993-06-29,9735,9735,Male,Hindi
9736,1973-09-01,9736,9736,Non-binary,Mandarin
9737,1960-12-31,9737,9737,Female,Italian
9738,1964-03-20,9738,9738,Female,Spanish
9739,1962-04-14,9739,9739,Male,Korean
9740,1981-12-06,9740,9740,Male,Turkish
9741,1970-01-03,9741,9741,Female,Russian
9742,1988-01-03,9742,9742,Female,Italian
9743,1961-07-25,9743,9743,Male,Russian
9744,1969-04-08,9744,9744,Male,Turkish
9745,1983-11-16,9745,9745,Female,Mandarin
9746,1960-03-06,9746,9746,Non-binary,Portuguese
9747,1970-05-10,9747,9747,Non-binary,Russian
9748,1982-03-22,9748,9748,Non-binary,Spanish
9749,1963-10-18,9749,9749,Prefer not to say,Korean
9750,1978-08-06,9750,9750,Male,Portuguese
9751,1977-07-04,9751,9751,Female,Spanish
9752,1999-11-15,9752,9752,Non-binary,Portuguese
9753,1997-05-30,9753,9753,Female,Italian
9754,1998-03-24,9754,9754,Non-binary,German
9755,1986-09-13,9755,9755,Male,Turkish
9756,1990-06-16,9756,9756,Male,Romanian
9757,1983-01-13,9757,9757,Female,Hindi
9758,1973-08-30,9758,9758,Prefer not to say,Thai
9759,1969-09-25,9759,9759,Male,Dutch
9760,1979-04-19,9760,9760,Female,Spanish
9761,1999-10-27,9761,9761,Prefer not to say,Vietnamese
9762,1968-09-09,9762,9762,Prefer not to say,English
9763,1993-11-29,9763,9763,Non-binary,Vietnamese
9764,1979-02-07,9764,9764,Prefer not to say,Vietnamese
9765,1968-05-26,9765,9765,Male,Polish
9766,1998-01-28,9766,9766,Prefer not to say,Italian
9767,1970-01-01,9767,9767,Male,German
9768,1985-02-03,9768,9768,Male,Romanian
9769,1963-03-18,9769,9769,Female,Vietnamese
9770,1973-05-08,9770,9770,Prefer not to say,Portuguese
9771,1982-07-26,9771,9771,Female,Thai
9772,2000-03-16,9772,9772,Prefer not to say,Greek
9773,1962-05-19,9773,9773,Prefer not to say,Turkish
9774,1988-06-28,9774,9774,Prefer not to say,Hindi
9775,1983-09-01,9775,9775,Non-binary,English
9776,1968-08-21,9776,9776,Non-binary,Japanese
9777,1975-12-06,9777,9777,Non-binary,Dutch
9778,1984-01-20,9778,9778,Prefer not to say,Turkish
9779,1974-10-14,9779,9779,Male,Dutch
9780,1989-03-29,9780,9780,Female,Romanian
9781,1995-09-04,9781,9781,Male,Arabic
9782,1978-09-25,9782,9782,Female,Turkish
9783,1969-10-20,9783,9783,Male,Vietnamese
9784,1982-03-23,9784,9784,Non-binary,Portuguese
9785,1973-08-03,9785,9785,Male,Romanian
9786,1985-08-24,9786,9786,Female,Russian
9787,1997-04-20,9787,9787,Prefer not to say,English
9788,1964-10-20,9788,9788,Non-binary,Spanish
9789,1964-03-10,9789,9789,Non-binary,Japanese
9790,1971-12-17,9790,9790,Prefer not to say,English
9791,1996-07-15,9791,9791,Male,Hindi
9792,1991-07-26,9792,9792,Male,Portuguese
9793,1966-12-24,9793,9793,Non-binary,Romanian
9794,1970-06-10,9794,9794,Prefer not to say,Mandarin
9795,1990-11-24,9795,9795,Female,Hindi
9796,1994-11-20,9796,9796,Female,French
9797,1978-06-02,9797,9797,Prefer not to say,Korean
9798,1997-11-04,9798,9798,Female,Hindi
9799,1969-07-23,9799,9799,Non-binary,Italian
9800,1989-10-09,9800,9800,Prefer not to say,Russian
9801,1978-02-06,9801,9801,Prefer not to say,English
9802,1981-10-08,9802,9802,Male,Greek
9803,1975-02-11,9803,9803,Non-binary,Portuguese
9804,1986-08-20,9804,9804,Male,Arabic
9805,1980-06-09,9805,9805,Prefer not to say,Portuguese
9806,1968-10-27,9806,9806,Prefer not to say,Portuguese
9807,1980-08-06,9807,9807,Prefer not to say,Japanese
9808,1992-12-25,9808,9808,Female,English
9809,1983-01-04,9809,9809,Prefer not to say,French
9810,1967-06-28,9810,9810,Prefer not to say,Russian
9811,1965-08-11,9811,9811,Female,Italian
9812,1978-01-14,9812,9812,Non-binary,Romanian
9813,1985-12-03,9813,9813,Prefer not to say,Swedish
9814,1999-09-29,9814,9814,Non-binary,German
9815,1994-07-24,9815,9815,Female,Spanish
9816,1973-10-30,9816,9816,Female,Portuguese
9817,1973-10-11,9817,9817,Prefer not to say,Korean
9818,1983-05-29,9818,9818,Non-binary,Spanish
9819,1968-11-28,9819,9819,Non-binary,Turkish
9820,1988-03-24,9820,9820,Male,Japanese
9821,1988-05-02,9821,9821,Male,English
9822,1994-12-22,9822,9822,Female,Spanish
9823,1977-04-13,9823,9823,Prefer not to say,Portuguese
9824,1982-03-11,9824,9824,Prefer not to say,Thai
9825,1993-07-21,9825,9825,Male,Russian
9826,1976-07-08,9826,9826,Male,Swedish
9827,1978-07-25,9827,9827,Non-binary,Turkish
9828,1976-04-12,9828,9828,Non-binary,Russian
9829,1986-08-29,9829,9829,Female,Russian
9830,1989-01-08,9830,9830,Female,Portuguese
9831,2000-08-04,9831,9831,Male,Turkish
9832,1999-01-28,9832,9832,Prefer not to say,Greek
9833,1998-06-06,9833,9833,Prefer not to say,Russian
9834,1995-11-02,9834,9834,Non-binary,Russian
9835,1960-01-05,9835,9835,Non-binary,Hindi
9836,1995-11-27,9836,9836,Non-binary,Korean
9837,1996-08-28,9837,9837,Female,Korean
9838,1988-04-12,9838,9838,Male,Romanian
9839,1987-11-06,9839,9839,Prefer not to say,German
9840,1970-09-03,9840,9840,Female,Romanian
9841,1975-01-20,9841,9841,Male,Hindi
9842,1964-09-19,9842,9842,Prefer not to say,Japanese
9843,1985-09-26,9843,9843,Non-binary,English
9844,1960-01-15,9844,9844,Female,Spanish
9845,1961-09-27,9845,9845,Non-binary,Romanian
9846,1993-02-18,9846,9846,Female,Arabic
9847,1989-10-03,9847,9847,Prefer not to say,Thai
9848,2000-11-15,9848,9848,Male,German
9849,1961-01-04,9849,9849,Non-binary,Vietnamese
9850,1978-05-13,9850,9850,Male,Mandarin
9851,1991-02-01,9851,9851,Male,Thai
9852,1993-10-21,9852,9852,Non-binary,Swedish
9853,1989-12-25,9853,9853,Prefer not to say,Thai
9854,1975-11-04,9854,9854,Prefer not to say,Korean
9855,1975-09-30,9855,9855,Female,Swedish
9856,1969-10-25,9856,9856,Prefer not to say,Swedish
9857,1989-04-30,9857,9857,Male,Thai
9858,1996-10-31,9858,9858,Male,Russian
9859,1989-07-28,9859,9859,Male,Greek
9860,1976-08-11,9860,9860,Non-binary,Swedish
9861,1988-11-12,9861,9861,Female,Korean
9862,1994-09-11,9862,9862,Male,Russian
9863,1977-11-26,9863,9863,Female,Arabic
9864,1987-07-11,9864,9864,Non-binary,French
9865,1994-05-22,9865,9865,Non-binary,Portuguese
9866,1989-05-24,9866,9866,Female,Turkish
9867,1994-04-17,9867,9867,Non-binary,Hindi
9868,1964-12-20,9868,9868,Prefer not to say,Swedish
9869,1975-04-04,9869,9869,Female,Japanese
9870,1977-03-23,9870,9870,Male,English
9871,1966-10-25,9871,9871,Prefer not to say,Polish
9872,1984-01-07,9872,9872,Prefer not to say,Japanese
9873,1981-07-09,9873,9873,Female,Korean
9874,1975-12-16,9874,9874,Female,Greek
9875,1988-02-27,9875,9875,Female,Arabic
9876,1966-09-14,9876,9876,Male,Vietnamese
9877,1996-02-03,9877,9877,Male,French
9878,1963-10-06,9878,9878,Prefer not to say,Mandarin
9879,1994-12-06,9879,9879,Male,Korean
9880,1971-09-07,9880,9880,Prefer not to say,Mandarin
9881,1992-02-19,9881,9881,Prefer not to say,Russian
9882,1976-08-28,9882,9882,Female,Romanian
9883,1966-10-03,9883,9883,Non-binary,Swedish
9884,1983-02-26,9884,9884,Male,Romanian
9885,1998-04-03,9885,9885,Male,Russian
9886,1994-02-21,9886,9886,Male,Hindi
9887,1986-08-26,9887,9887,Male,Russian
9888,1963-01-12,9888,9888,Male,Korean
9889,1990-10-31,9889,9889,Prefer not to say,Mandarin
9890,1967-01-20,9890,9890,Non-binary,Japanese
9891,1961-04-07,9891,9891,Male,Japanese
9892,1981-06-29,9892,9892,Non-binary,French
9893,1981-01-21,9893,9893,Prefer not to say,Korean
9894,1961-11-12,9894,9894,Non-binary,Polish
9895,1982-09-25,9895,9895,Prefer not to say,French
9896,1984-09-23,9896,9896,Female,Arabic
9897,1984-11-17,9897,9897,Prefer not to say,Italian
9898,1978-03-21,9898,9898,Non-binary,Mandarin
9899,1980-02-19,9899,9899,Male,German
9900,1978-11-19,9900,9900,Female,Polish
9901,1998-06-25,9901,9901,Non-binary,Turkish
9902,1988-07-13,9902,9902,Non-binary,Hindi
9903,1982-05-26,9903,9903,Male,German
9904,1985-12-02,9904,9904,Male,Russian
9905,1974-12-15,9905,9905,Female,Swedish
9906,1962-11-16,9906,9906,Male,Japanese
9907,1965-09-18,9907,9907,Male,German
9908,1966-11-25,9908,9908,Non-binary,English
9909,1989-08-14,9909,9909,Female,Romanian
9910,1983-06-12,9910,9910,Non-binary,Hindi
9911,1993-06-27,9911,9911,Prefer not to say,Japanese
9912,1982-01-13,9912,9912,Prefer not to say,Polish
9913,1979-09-27,9913,9913,Male,Greek
9914,1989-03-13,9914,9914,Female,Vietnamese
9915,1962-05-28,9915,9915,Female,Polish
9916,1993-10-30,9916,9916,Non-binary,Arabic
9917,1993-05-01,9917,9917,Prefer not to say,Russian
9918,1979-01-24,9918,9918,Male,Swedish
9919,1966-11-23,9919,9919,Female,Romanian
9920,1982-08-08,9920,9920,Female,Polish
9921,1993-05-15,9921,9921,Prefer not to say,Thai
9922,1997-05-14,9922,9922,Male,Thai
9923,1970-04-28,9923,9923,Prefer not to say,Dutch
9924,1987-11-04,9924,9924,Non-binary,German
9925,1998-04-09,9925,9925,Prefer not to say,Arabic
9926,1970-03-29,9926,9926,Female,Turkish
9927,1984-01-17,9927,9927,Female,Japanese
9928,1991-05-09,9928,9928,Male,Portuguese
9929,1981-08-22,9929,9929,Prefer not to say,Korean
9930,1982-10-15,9930,9930,Non-binary,Thai
9931,1997-04-17,9931,9931,Prefer not to say,Korean
9932,1981-06-10,9932,9932,Non-binary,Hindi
9933,1970-11-14,9933,9933,Female,Mandarin
9934,1985-08-16,9934,9934,Male,English
9935,1963-12-10,9935,9935,Male,Russian
9936,1971-03-29,9936,9936,Female,Turkish
9937,1969-11-07,9937,9937,Non-binary,Russian
9938,1982-03-10,9938,9938,Male,Italian
9939,1961-06-11,9939,9939,Male,Portuguese
9940,1969-06-27,9940,9940,Female,French
9941,1988-03-15,9941,9941,Female,Japanese
9942,1980-09-15,9942,9942,Non-binary,Romanian
9943,1988-02-11,9943,9943,Non-binary,Romanian
9944,1984-04-01,9944,9944,Female,Italian
9945,1995-04-05,9945,9945,Non-binary,Vietnamese
9946,1997-09-17,9946,9946,Prefer not to say,Vietnamese
9947,1968-11-21,9947,9947,Male,Romanian
9948,1998-09-08,9948,9948,Male,Italian
9949,1965-03-28,9949,9949,Female,Dutch
9950,1990-03-26,9950,9950,Male,Dutch
9951,1963-10-14,9951,9951,Male,Arabic
9952,1992-06-21,9952,9952,Prefer not to say,Swedish
9953,1976-11-15,9953,9953,Female,Arabic
9954,1985-02-07,9954,9954,Male,Japanese
9955,1970-05-06,9955,9955,Male,Mandarin
9956,1996-03-25,9956,9956,Prefer not to say,Romanian
9957,1971-02-19,9957,9957,Female,French
9958,1971-01-01,9958,9958,Female,Romanian
9959,1996-06-12,9959,9959,Female,Greek
9960,1963-03-08,9960,9960,Non-binary,Vietnamese
9961,1994-01-15,9961,9961,Prefer not to say,Romanian
9962,1991-09-01,9962,9962,Female,Japanese
9963,1967-10-04,9963,9963,Male,Greek
9964,1990-12-18,9964,9964,Prefer not to say,Romanian
9965,1960-08-02,9965,9965,Male,Portuguese
9966,1977-06-24,9966,9966,Female,Russian
9967,1960-03-06,9967,9967,Non-binary,Japanese
9968,1974-03-01,9968,9968,Prefer not to say,Romanian
9969,1996-06-13,9969,9969,Female,Polish
9970,1978-08-02,9970,9970,Prefer not to say,Mandarin
9971,1994-08-10,9971,9971,Non-binary,Korean
9972,1962-01-31,9972,9972,Non-binary,Vietnamese
9973,1996-05-04,9973,9973,Non-binary,Arabic
9974,1993-02-07,9974,9974,Prefer not to say,French
9975,1967-08-15,9975,9975,Male,Portuguese
9976,1999-05-09,9976,9976,Non-binary,Mandarin
9977,1974-12-27,9977,9977,Non-binary,Mandarin
9978,1998-08-26,9978,9978,Male,Japanese
9979,1992-10-27,9979,9979,Prefer not to say,Greek
9980,1984-12-18,9980,9980,Male,Japanese
9981,1972-10-15,9981,9981,Female,Arabic
9982,1988-08-15,9982,9982,Prefer not to say,Mandarin
9983,1999-12-24,9983,9983,Female,German
9984,1994-01-12,9984,9984,Non-binary,Hindi
9985,1963-05-05,9985,9985,Prefer not to say,English
9986,2000-11-14,9986,9986,Prefer not to say,Polish
9987,1975-02-21,9987,9987,Female,Swedish
9988,1985-02-04,9988,9988,Male,Arabic
9989,1960-01-02,9989,9989,Male,Swedish
9990,1975-05-17,9990,9990,Non-binary,Dutch
9991,1976-03-02,9991,9991,Prefer not to say,Turkish
9992,1985-12-07,9992,9992,Male,Portuguese
9993,1967-11-15,9993,9993,Female,Korean
9994,2000-02-20,9994,9994,Non-binary,Italian
9995,1961-04-06,9995,9995,Male,Russian
9996,1981-03-29,9996,9996,Prefer not to say,Italian
9997,1978-08-17,9997,9997,Male,Vietnamese
9998,1992-02-09,9998,9998,Prefer not to say,Portuguese
9999,1991-05-19,9999,9999,Female,German
10000,1972-09-08,10000,10000,Female,Italian
10001,1973-02-12,10001,10001,Female,Italian
10002,1972-09-28,10002,10002,Male,Italian
10003,1977-06-11,10003,10003,Female,Turkish
10004,1986-07-03,10004,10004,Female,Arabic
10005,1965-02-26,10005,10005,Non-binary,Romanian
10006,1982-03-18,10006,10006,Male,Romanian
10007,1979-03-17,10007,10007,Non-binary,Korean
10008,1970-08-27,10008,10008,Non-binary,Russian
10009,1965-02-07,10009,10009,Non-binary,Japanese
10010,1960-07-02,10010,10010,Non-binary,Swedish
10011,1960-10-09,10011,10011,Non-binary,Vietnamese
10012,1970-09-23,10012,10012,Female,German
10013,1994-10-02,10013,10013,Male,Dutch
10014,1976-11-01,10014,10014,Female,Thai
10015,1991-05-30,10015,10015,Male,Mandarin
10016,1997-03-12,10016,10016,Male,English
10017,1963-07-29,10017,10017,Prefer not to say,Swedish
10018,1992-08-22,10018,10018,Prefer not to say,Mandarin
10019,1993-07-01,10019,10019,Non-binary,German
10020,1963-10-23,10020,10020,Female,Hindi
10021,1988-01-07,10021,10021,Non-binary,Russian
10022,1992-08-18,10022,10022,Non-binary,Spanish
10023,1983-02-26,10023,10023,Prefer not to say,Russian
10024,1974-03-17,10024,10024,Prefer not to say,Portuguese
10025,1984-05-30,10025,10025,Male,French
10026,1989-07-13,10026,10026,Non-binary,Hindi
10027,2000-10-15,10027,10027,Male,Portuguese
10028,1973-09-09,10028,10028,Male,German
10029,1966-10-09,10029,10029,Female,Spanish
10030,2000-05-28,10030,10030,Non-binary,Japanese
10031,1989-08-11,10031,10031,Female,Dutch
10032,1964-09-07,10032,10032,Female,Polish
10033,1960-02-03,10033,10033,Prefer not to say,Dutch
10034,1982-12-26,10034,10034,Prefer not to say,Spanish
10035,1971-01-16,10035,10035,Non-binary,Turkish
10036,1990-10-18,10036,10036,Female,Mandarin
10037,1987-08-15,10037,10037,Female,Polish
10038,1972-02-28,10038,10038,Male,Hindi
10039,1988-04-19,10039,10039,Non-binary,Korean
10040,1976-09-16,10040,10040,Male,Mandarin
10041,1997-11-07,10041,10041,Prefer not to say,Spanish
10042,1967-01-02,10042,10042,Male,Vietnamese
10043,1998-10-09,10043,10043,Male,Vietnamese
10044,1972-03-29,10044,10044,Prefer not to say,Romanian
10045,1993-10-21,10045,10045,Female,French
10046,1988-03-16,10046,10046,Non-binary,Italian
10047,1988-07-27,10047,10047,Female,Spanish
10048,1972-11-08,10048,10048,Female,Italian
10049,1996-04-12,10049,10049,Prefer not to say,Korean
10050,1972-10-19,10050,10050,Non-binary,French
10051,1995-01-06,10051,10051,Non-binary,Spanish
10052,1986-01-09,10052,10052,Non-binary,French
10053,1970-08-05,10053,10053,Female,French
10054,1992-02-21,10054,10054,Female,Spanish
10055,1996-08-16,10055,10055,Female,Korean
10056,1983-08-27,10056,10056,Non-binary,Romanian
10057,1999-01-23,10057,10057,Female,Greek
10058,1963-12-11,10058,10058,Female,English
10059,2000-08-03,10059,10059,Male,Korean
10060,1983-02-03,10060,10060,Non-binary,German
10061,1996-08-24,10061,10061,Male,Russian
10062,1966-01-31,10062,10062,Female,Italian
10063,1963-03-12,10063,10063,Male,Dutch
10064,1972-12-26,10064,10064,Prefer not to say,Dutch
10065,1977-05-28,10065,10065,Non-binary,German
10066,1965-08-06,10066,10066,Prefer not to say,Thai
10067,1986-01-06,10067,10067,Female,Hindi
10068,1979-09-16,10068,10068,Male,Russian
10069,1971-07-19,10069,10069,Prefer not to say,Italian
10070,1992-06-09,10070,10070,Female,English
10071,2000-10-29,10071,10071,Non-binary,English
10072,1995-04-25,10072,10072,Female,English
10073,1987-01-23,10073,10073,Female,Russian
10074,1989-08-07,10074,10074,Female,Hindi
10075,1968-04-27,10075,10075,Prefer not to say,Korean
10076,1989-05-13,10076,10076,Female,Thai
10077,1965-07-22,10077,10077,Female,Spanish
10078,1995-12-26,10078,10078,Female,Swedish
10079,1987-03-11,10079,10079,Male,Hindi
10080,2000-03-05,10080,10080,Prefer not to say,Turkish
10081,1960-08-15,10081,10081,Non-binary,Spanish
10082,1962-01-09,10082,10082,Non-binary,Japanese
10083,1978-11-21,10083,10083,Prefer not to say,Turkish
10084,1974-03-27,10084,10084,Female,Spanish
10085,1986-10-06,10085,10085,Male,Thai
10086,1985-10-16,10086,10086,Non-binary,Swedish
10087,1961-02-20,10087,10087,Prefer not to say,Thai
10088,1998-10-27,10088,10088,Male,Romanian
10089,1963-02-16,10089,10089,Male,Swedish
10090,1991-11-20,10090,10090,Male,Arabic
10091,1998-09-30,10091,10091,Non-binary,Hindi
10092,1973-04-05,10092,10092,Prefer not to say,Japanese
10093,1966-08-09,10093,10093,Female,Arabic
10094,2000-03-05,10094,10094,Non-binary,Hindi
10095,1983-02-23,10095,10095,Prefer not to say,Turkish
10096,1998-03-22,10096,10096,Female,Vietnamese
10097,1974-07-01,10097,10097,Non-binary,Romanian
10098,1965-11-07,10098,10098,Prefer not to say,Romanian
10099,1988-07-13,10099,10099,Prefer not to say,Dutch
10100,1974-07-24,10100,10100,Non-binary,Portuguese
10101,1963-09-04,10101,10101,Prefer not to say,Swedish
10102,1989-04-01,10102,10102,Non-binary,Portuguese
10103,1978-05-11,10103,10103,Male,Italian
10104,1982-10-04,10104,10104,Non-binary,Italian
10105,1997-12-22,10105,10105,Non-binary,Spanish
10106,1991-11-28,10106,10106,Prefer not to say,Greek
10107,1988-06-03,10107,10107,Male,Italian
10108,1983-02-05,10108,10108,Non-binary,Swedish
10109,1973-05-07,10109,10109,Non-binary,Mandarin
10110,1967-02-20,10110,10110,Prefer not to say,French
10111,1975-04-11,10111,10111,Female,French
10112,1962-05-26,10112,10112,Female,Polish
10113,1963-06-05,10113,10113,Male,French
10114,1975-05-04,10114,10114,Non-binary,Arabic
10115,1997-01-23,10115,10115,Non-binary,Italian
10116,1967-08-09,10116,10116,Non-binary,Vietnamese
10117,1984-02-03,10117,10117,Non-binary,Mandarin
10118,1973-12-09,10118,10118,Male,Portuguese
10119,1962-12-31,10119,10119,Female,Japanese
10120,1989-01-15,10120,10120,Non-binary,Dutch
10121,1981-08-28,10121,10121,Female,Mandarin
10122,1961-05-29,10122,10122,Female,Japanese
10123,1987-09-28,10123,10123,Female,Greek
10124,1976-10-09,10124,10124,Female,Greek
10125,1969-03-05,10125,10125,Non-binary,Greek
10126,1994-03-02,10126,10126,Prefer not to say,Russian
10127,1966-07-07,10127,10127,Female,Vietnamese
10128,2000-09-06,10128,10128,Male,Italian
10129,1962-11-12,10129,10129,Female,French
10130,1976-10-16,10130,10130,Female,French
10131,1981-04-28,10131,10131,Male,Russian
10132,1992-10-09,10132,10132,Prefer not to say,Spanish
10133,2000-11-14,10133,10133,Male,Hindi
10134,1996-08-28,10134,10134,Male,Russian
10135,1985-08-18,10135,10135,Female,Spanish
10136,1996-09-23,10136,10136,Male,Italian
10137,1999-03-07,10137,10137,Prefer not to say,Russian
10138,1962-02-15,10138,10138,Prefer not to say,Russian
10139,1979-02-25,10139,10139,Female,Polish
10140,1982-06-02,10140,10140,Prefer not to say,Thai
10141,1997-09-14,10141,10141,Prefer not to say,Dutch
10142,1985-07-12,10142,10142,Prefer not to say,Thai
10143,1969-06-02,10143,10143,Female,Portuguese
10144,1986-10-07,10144,10144,Male,Italian
10145,1969-05-29,10145,10145,Female,Thai
10146,1972-06-08,10146,10146,Male,Spanish
10147,1989-03-31,10147,10147,Male,Mandarin
10148,1966-02-05,10148,10148,Non-binary,Korean
10149,1970-02-02,10149,10149,Non-binary,Dutch
10150,1984-06-25,10150,10150,Female,Portuguese
10151,1982-08-09,10151,10151,Prefer not to say,Portuguese
10152,1998-03-14,10152,10152,Female,Dutch
10153,1971-09-08,10153,10153,Prefer not to say,Spanish
10154,1974-09-05,10154,10154,Prefer not to say,Vietnamese
10155,1987-11-03,10155,10155,Non-binary,Hindi
10156,1990-07-26,10156,10156,Non-binary,German
10157,1996-10-21,10157,10157,Prefer not to say,Vietnamese
10158,1999-01-09,10158,10158,Male,Romanian
10159,1972-10-01,10159,10159,Male,Swedish
10160,1972-04-14,10160,10160,Non-binary,Japanese
10161,1998-08-17,10161,10161,Prefer not to say,Italian
10162,1983-04-05,10162,10162,Non-binary,Thai
10163,1975-09-03,10163,10163,Prefer not to say,Portuguese
10164,1998-01-05,10164,10164,Non-binary,Arabic
10165,1983-02-12,10165,10165,Female,French
10166,1973-01-20,10166,10166,Prefer not to say,Hindi
10167,1989-08-28,10167,10167,Female,Russian
10168,1996-07-17,10168,10168,Prefer not to say,English
10169,1988-11-10,10169,10169,Male,Spanish
10170,1998-02-20,10170,10170,Prefer not to say,Russian
10171,1974-10-04,10171,10171,Female,Mandarin
10172,1971-01-06,10172,10172,Prefer not to say,Turkish
10173,1961-08-08,10173,10173,Prefer not to say,Spanish
10174,1982-10-28,10174,10174,Non-binary,Portuguese
10175,1986-05-06,10175,10175,Non-binary,Korean
10176,1973-02-04,10176,10176,Non-binary,Dutch
10177,1971-04-01,10177,10177,Prefer not to say,Spanish
10178,1970-03-04,10178,10178,Male,English
10179,1975-11-27,10179,10179,Male,English
10180,1994-05-10,10180,10180,Female,French
10181,1967-12-10,10181,10181,Female,German
10182,1962-04-14,10182,10182,Prefer not to say,Russian
10183,1978-11-30,10183,10183,Female,Spanish
10184,1991-06-29,10184,10184,Non-binary,Russian
10185,1972-03-12,10185,10185,Female,Swedish
10186,1991-07-24,10186,10186,Non-binary,Turkish
10187,1977-01-19,10187,10187,Prefer not to say,Russian
10188,1986-10-12,10188,10188,Male,French
10189,1972-01-25,10189,10189,Male,Turkish
10190,1962-12-04,10190,10190,Female,French
10191,1983-05-11,10191,10191,Female,English
10192,1987-07-13,10192,10192,Female,Mandarin
10193,1985-11-18,10193,10193,Prefer not to say,German
10194,1970-08-28,10194,10194,Non-binary,Portuguese
10195,1974-10-22,10195,10195,Prefer not to say,French
10196,1987-10-07,10196,10196,Male,Mandarin
10197,1962-11-06,10197,10197,Male,Greek
10198,1988-12-24,10198,10198,Prefer not to say,Hindi
10199,1977-04-02,10199,10199,Male,Spanish
10200,1995-10-17,10200,10200,Prefer not to say,Greek
10201,1961-03-01,10201,10201,Male,Dutch
10202,1988-05-23,10202,10202,Male,Russian
10203,1998-11-03,10203,10203,Non-binary,Spanish
10204,1992-06-05,10204,10204,Male,Japanese
10205,1960-09-26,10205,10205,Non-binary,Turkish
10206,1970-11-04,10206,10206,Prefer not to say,Thai
10207,1989-08-26,10207,10207,Male,Korean
10208,1988-10-14,10208,10208,Prefer not to say,English
10209,1994-08-15,10209,10209,Male,French
10210,2000-07-16,10210,10210,Prefer not to say,Portuguese
10211,1974-08-14,10211,10211,Female,Japanese
10212,1976-12-01,10212,10212,Male,English
10213,1988-10-18,10213,10213,Female,Italian
10214,1967-08-23,10214,10214,Non-binary,German
10215,1982-11-05,10215,10215,Male,Korean
10216,1960-02-15,10216,10216,Female,Italian
10217,1998-06-11,10217,10217,Female,Japanese
10218,1978-08-03,10218,10218,Male,Japanese
10219,1976-08-22,10219,10219,Prefer not to say,Hindi
10220,1979-09-29,10220,10220,Prefer not to say,Turkish
10221,1974-09-03,10221,10221,Male,Mandarin
10222,1969-09-23,10222,10222,Female,German
10223,1992-12-17,10223,10223,Non-binary,Hindi
10224,1997-11-20,10224,10224,Non-binary,Thai
10225,1960-09-23,10225,10225,Female,Dutch
10226,1983-11-03,10226,10226,Non-binary,Romanian
10227,1974-10-22,10227,10227,Female,Romanian
10228,1992-05-06,10228,10228,Male,French
10229,1960-10-03,10229,10229,Female,Arabic
10230,1992-03-03,10230,10230,Prefer not to say,Mandarin
10231,1977-01-09,10231,10231,Prefer not to say,Korean
10232,1976-01-04,10232,10232,Male,Thai
10233,1998-10-09,10233,10233,Male,Portuguese
10234,1983-08-09,10234,10234,Male,Korean
10235,1999-09-22,10235,10235,Female,Italian
10236,1960-12-31,10236,10236,Non-binary,Arabic
10237,1965-02-18,10237,10237,Non-binary,English
10238,1990-05-25,10238,10238,Non-binary,Arabic
10239,1993-11-11,10239,10239,Prefer not to say,French
10240,1974-08-21,10240,10240,Non-binary,German
10241,1992-01-10,10241,10241,Prefer not to say,Italian
10242,1999-12-13,10242,10242,Non-binary,Greek
10243,1972-12-27,10243,10243,Male,Spanish
10244,1976-04-04,10244,10244,Prefer not to say,Dutch
10245,1979-03-06,10245,10245,Prefer not to say,Romanian
10246,1968-01-08,10246,10246,Prefer not to say,Hindi
10247,1981-04-19,10247,10247,Female,Spanish
10248,1992-10-27,10248,10248,Non-binary,Korean
10249,1985-05-09,10249,10249,Female,Russian
10250,2000-09-24,10250,10250,Female,Polish
10251,1962-11-04,10251,10251,Male,Swedish
10252,1969-08-02,10252,10252,Female,Vietnamese
10253,1996-10-07,10253,10253,Male,Mandarin
10254,1970-06-29,10254,10254,Female,German
10255,1960-04-07,10255,10255,Non-binary,Thai
10256,1997-11-24,10256,10256,Non-binary,Thai
10257,1968-11-26,10257,10257,Female,Spanish
10258,1969-07-22,10258,10258,Non-binary,Hindi
10259,1974-04-22,10259,10259,Male,Portuguese
10260,1963-09-25,10260,10260,Female,Hindi
10261,1985-10-11,10261,10261,Non-binary,Thai
10262,1964-03-18,10262,10262,Non-binary,German
10263,1997-02-05,10263,10263,Prefer not to say,Portuguese
10264,1977-07-16,10264,10264,Female,Italian
10265,1964-04-26,10265,10265,Male,Mandarin
10266,1992-06-08,10266,10266,Male,Dutch
10267,1988-08-15,10267,10267,Female,German
10268,1989-02-11,10268,10268,Prefer not to say,Polish
10269,1965-01-09,10269,10269,Non-binary,Korean
10270,1972-11-17,10270,10270,Male,Korean
10271,2000-08-13,10271,10271,Prefer not to say,Spanish
10272,1996-02-12,10272,10272,Prefer not to say,German
10273,1991-09-12,10273,10273,Female,Japanese
10274,1969-12-15,10274,10274,Male,Mandarin
10275,1999-03-02,10275,10275,Female,Arabic
10276,1980-11-19,10276,10276,Prefer not to say,Portuguese
10277,1997-09-19,10277,10277,Male,Arabic
10278,1984-01-12,10278,10278,Male,Romanian
10279,1996-09-02,10279,10279,Female,Italian
10280,1987-11-16,10280,10280,Non-binary,Hindi
10281,1977-11-24,10281,10281,Non-binary,Romanian
10282,1977-11-22,10282,10282,Female,Swedish
10283,1990-12-23,10283,10283,Prefer not to say,Portuguese
10284,1994-06-15,10284,10284,Non-binary,French
10285,1977-12-21,10285,10285,Male,Russian
10286,1990-03-14,10286,10286,Male,Hindi
10287,1966-11-09,10287,10287,Male,Arabic
10288,1979-08-15,10288,10288,Non-binary,German
10289,1995-12-27,10289,10289,Male,Italian
10290,1998-09-04,10290,10290,Non-binary,Spanish
10291,1992-01-15,10291,10291,Male,Mandarin
10292,1987-04-12,10292,10292,Prefer not to say,Japanese
10293,1988-02-19,10293,10293,Non-binary,Hindi
10294,1990-08-18,10294,10294,Female,Turkish
10295,1978-01-07,10295,10295,Female,Polish
10296,1965-05-26,10296,10296,Female,English
10297,2000-06-12,10297,10297,Prefer not to say,Russian
10298,1996-11-09,10298,10298,Male,Korean
10299,1997-04-29,10299,10299,Female,Italian
10300,2000-02-20,10300,10300,Female,Russian
10301,1989-10-10,10301,10301,Non-binary,Korean
10302,1973-01-09,10302,10302,Non-binary,Polish
10303,1987-03-08,10303,10303,Non-binary,Vietnamese
10304,1999-08-25,10304,10304,Prefer not to say,Korean
10305,1981-12-31,10305,10305,Female,Arabic
10306,1996-05-30,10306,10306,Prefer not to say,Italian
10307,1966-01-07,10307,10307,Female,Vietnamese
10308,1993-08-12,10308,10308,Male,Dutch
10309,1979-11-12,10309,10309,Non-binary,Russian
10310,1969-02-25,10310,10310,Female,English
10311,1996-10-11,10311,10311,Male,Portuguese
10312,1994-04-30,10312,10312,Male,Arabic
10313,1996-11-25,10313,10313,Prefer not to say,Vietnamese
10314,1976-07-27,10314,10314,Male,Arabic
10315,1973-01-03,10315,10315,Prefer not to say,Romanian
10316,1960-01-05,10316,10316,Non-binary,English
10317,1981-07-06,10317,10317,Prefer not to say,Korean
10318,1982-10-25,10318,10318,Non-binary,Romanian
10319,1960-02-14,10319,10319,Non-binary,Vietnamese
10320,1987-01-28,10320,10320,Non-binary,Korean
10321,1987-08-20,10321,10321,Non-binary,English
10322,1968-04-08,10322,10322,Female,Vietnamese
10323,1976-07-15,10323,10323,Prefer not to say,Vietnamese
10324,1977-03-04,10324,10324,Non-binary,Portuguese
10325,1975-07-29,10325,10325,Female,Korean
10326,1990-01-03,10326,10326,Female,Thai
10327,1969-08-12,10327,10327,Female,Portuguese
10328,1966-02-04,10328,10328,Male,Greek
10329,1996-10-13,10329,10329,Male,Greek
10330,1988-09-11,10330,10330,Prefer not to say,Turkish
10331,1961-05-25,10331,10331,Male,Hindi
10332,1960-08-31,10332,10332,Prefer not to say,Japanese
10333,1998-01-17,10333,10333,Prefer not to say,Dutch
10334,1960-07-07,10334,10334,Non-binary,Vietnamese
10335,1979-02-14,10335,10335,Non-binary,French
10336,1995-10-22,10336,10336,Non-binary,Greek
10337,1987-12-05,10337,10337,Prefer not to say,Arabic
10338,1975-07-02,10338,10338,Non-binary,Vietnamese
10339,1987-10-23,10339,10339,Male,French
10340,1995-01-30,10340,10340,Female,Turkish
10341,1991-11-02,10341,10341,Male,Arabic
10342,1976-08-03,10342,10342,Non-binary,Hindi
10343,1978-05-25,10343,10343,Female,Italian
10344,1995-07-19,10344,10344,Male,Turkish
10345,1965-12-19,10345,10345,Prefer not to say,Turkish
10346,1967-05-12,10346,10346,Female,Greek
10347,1991-03-02,10347,10347,Non-binary,Romanian
10348,1962-01-26,10348,10348,Prefer not to say,Dutch
10349,1980-09-04,10349,10349,Prefer not to say,Arabic
10350,1986-02-07,10350,10350,Prefer not to say,Hindi
10351,1998-09-27,10351,10351,Non-binary,Thai
10352,1960-09-25,10352,10352,Male,Mandarin
10353,1971-05-28,10353,10353,Non-binary,Japanese
10354,1989-06-07,10354,10354,Male,Portuguese
10355,1984-03-01,10355,10355,Prefer not to say,Thai
10356,1965-03-31,10356,10356,Prefer not to say,German
10357,1962-04-29,10357,10357,Female,Italian
10358,1966-11-01,10358,10358,Female,Arabic
10359,1969-12-20,10359,10359,Non-binary,Dutch
10360,1987-02-07,10360,10360,Non-binary,Korean
10361,1990-05-26,10361,10361,Non-binary,Japanese
10362,1979-06-24,10362,10362,Female,Polish
10363,1976-11-24,10363,10363,Prefer not to say,Turkish
10364,1976-09-06,10364,10364,Female,Thai
10365,1989-07-02,10365,10365,Male,Hindi
10366,1978-04-27,10366,10366,Male,Russian
10367,1998-03-25,10367,10367,Male,Japanese
10368,1985-08-15,10368,10368,Non-binary,Portuguese
10369,1999-12-24,10369,10369,Prefer not to say,Korean
10370,1995-06-10,10370,10370,Non-binary,German
10371,1987-02-17,10371,10371,Prefer not to say,Dutch
10372,1961-11-08,10372,10372,Male,Spanish
10373,1963-11-09,10373,10373,Female,Turkish
10374,1996-08-22,10374,10374,Prefer not to say,Spanish
10375,1993-10-11,10375,10375,Non-binary,Italian
10376,1968-11-20,10376,10376,Non-binary,Swedish
10377,1960-11-05,10377,10377,Prefer not to say,Polish
10378,1967-08-06,10378,10378,Prefer not to say,Thai
10379,1969-06-16,10379,10379,Male,Thai
10380,1999-02-27,10380,10380,Female,Japanese
10381,1965-01-31,10381,10381,Male,English
10382,1976-09-03,10382,10382,Non-binary,Hindi
10383,1966-04-08,10383,10383,Female,Polish
10384,1989-08-25,10384,10384,Prefer not to say,Portuguese
10385,1977-06-06,10385,10385,Female,Vietnamese
10386,1967-10-18,10386,10386,Prefer not to say,Korean
10387,1978-02-23,10387,10387,Prefer not to say,Spanish
10388,1975-12-02,10388,10388,Prefer not to say,Hindi
10389,1984-08-20,10389,10389,Female,English
10390,1963-08-20,10390,10390,Prefer not to say,Romanian
10391,1987-10-19,10391,10391,Female,Russian
10392,1967-11-01,10392,10392,Non-binary,Dutch
10393,1968-11-17,10393,10393,Female,Japanese
10394,1971-12-05,10394,10394,Male,Japanese
10395,1966-09-06,10395,10395,Female,French
10396,1969-03-05,10396,10396,Non-binary,Korean
10397,1982-02-13,10397,10397,Non-binary,Swedish
10398,1995-08-08,10398,10398,Male,Polish
10399,1988-11-12,10399,10399,Female,Japanese
10400,1985-06-29,10400,10400,Non-binary,Russian
10401,1994-01-09,10401,10401,Prefer not to say,Japanese
10402,1966-06-18,10402,10402,Prefer not to say,English
10403,1970-07-12,10403,10403,Non-binary,Korean
10404,1963-08-09,10404,10404,Male,Romanian
10405,1992-04-26,10405,10405,Female,Vietnamese
10406,1964-11-28,10406,10406,Female,German
10407,1997-11-08,10407,10407,Female,Turkish
10408,1996-05-24,10408,10408,Non-binary,Hindi
10409,1962-03-03,10409,10409,Male,Thai
10410,1969-02-12,10410,10410,Non-binary,Mandarin
10411,1986-08-02,10411,10411,Male,Mandarin
10412,1992-08-28,10412,10412,Prefer not to say,Swedish
10413,1966-10-15,10413,10413,Male,German
10414,1976-12-14,10414,10414,Male,Turkish
10415,1981-02-15,10415,10415,Male,Dutch
10416,1989-10-23,10416,10416,Female,Japanese
10417,1963-04-10,10417,10417,Male,Russian
10418,1960-12-19,10418,10418,Male,Hindi
10419,1982-01-25,10419,10419,Female,Hindi
10420,1994-07-07,10420,10420,Prefer not to say,Italian
10421,1987-06-26,10421,10421,Non-binary,Thai
10422,1979-10-25,10422,10422,Female,Japanese
10423,1988-02-09,10423,10423,Non-binary,Romanian
10424,1967-01-17,10424,10424,Prefer not to say,Hindi
10425,1974-11-15,10425,10425,Prefer not to say,English
10426,1984-01-06,10426,10426,Non-binary,Swedish
10427,1996-09-24,10427,10427,Male,Greek
10428,1985-08-21,10428,10428,Female,German
10429,1975-12-28,10429,10429,Male,Hindi
10430,1971-11-17,10430,10430,Non-binary,Thai
10431,1978-10-30,10431,10431,Non-binary,Swedish
10432,1970-02-22,10432,10432,Female,Dutch
10433,1977-02-17,10433,10433,Female,Dutch
10434,1975-09-22,10434,10434,Male,Japanese
10435,1996-11-20,10435,10435,Prefer not to say,Vietnamese
10436,1961-02-16,10436,10436,Non-binary,Spanish
10437,1993-05-15,10437,10437,Non-binary,Greek
10438,1985-01-29,10438,10438,Non-binary,English
10439,1980-02-03,10439,10439,Male,Italian
10440,1969-06-25,10440,10440,Male,Thai
10441,1975-04-14,10441,10441,Prefer not to say,Swedish
10442,1990-01-07,10442,10442,Prefer not to say,German
10443,1991-03-27,10443,10443,Male,Romanian
10444,1987-08-24,10444,10444,Female,French
10445,1987-02-10,10445,10445,Male,Vietnamese
10446,1990-07-24,10446,10446,Female,Turkish
10447,1973-06-01,10447,10447,Prefer not to say,Korean
10448,1974-06-14,10448,10448,Female,German
10449,1961-07-18,10449,10449,Male,English
10450,1982-07-22,10450,10450,Male,Korean
10451,1982-08-26,10451,10451,Non-binary,Thai
10452,1976-07-25,10452,10452,Male,Greek
10453,1971-11-09,10453,10453,Female,German
10454,1996-05-23,10454,10454,Female,Mandarin
10455,1998-01-09,10455,10455,Male,English
10456,1984-09-01,10456,10456,Non-binary,Japanese
10457,1993-10-25,10457,10457,Non-binary,Dutch
10458,1992-11-27,10458,10458,Female,Hindi
10459,1960-05-15,10459,10459,Prefer not to say,English
10460,1960-09-05,10460,10460,Male,Spanish
10461,1968-11-05,10461,10461,Prefer not to say,Hindi
10462,1973-04-16,10462,10462,Female,Greek
10463,1984-11-20,10463,10463,Male,Swedish
10464,1979-07-28,10464,10464,Female,Dutch
10465,1967-09-21,10465,10465,Male,Arabic
10466,2000-03-29,10466,10466,Non-binary,Romanian
10467,1962-01-18,10467,10467,Female,Arabic
10468,1984-07-24,10468,10468,Female,Russian
10469,1963-09-01,10469,10469,Female,Romanian
10470,1986-06-18,10470,10470,Non-binary,Thai
10471,1995-07-24,10471,10471,Female,English
10472,1997-07-30,10472,10472,Male,Hindi
10473,1986-02-16,10473,10473,Non-binary,Dutch
10474,1994-09-27,10474,10474,Prefer not to say,Thai
10475,1960-01-14,10475,10475,Prefer not to say,Korean
10476,1987-07-26,10476,10476,Prefer not to say,Thai
10477,1984-11-11,10477,10477,Female,Italian
10478,1963-03-31,10478,10478,Male,Japanese
10479,1976-05-26,10479,10479,Female,Arabic
10480,1966-01-04,10480,10480,Male,Portuguese
10481,1996-09-20,10481,10481,Prefer not to say,Korean
10482,1986-09-03,10482,10482,Female,German
10483,1967-12-20,10483,10483,Female,German
10484,1965-12-17,10484,10484,Prefer not to say,Thai
10485,1968-07-16,10485,10485,Non-binary,French
10486,1975-10-23,10486,10486,Prefer not to say,Russian
10487,1964-07-03,10487,10487,Female,Polish
10488,1962-05-01,10488,10488,Prefer not to say,German
10489,1968-06-21,10489,10489,Prefer not to say,Dutch
10490,2000-11-19,10490,10490,Male,Japanese
10491,1984-10-05,10491,10491,Male,Portuguese
10492,1964-12-06,10492,10492,Non-binary,Japanese
10493,1989-12-27,10493,10493,Female,German
10494,1974-03-26,10494,10494,Male,Russian
10495,1966-08-09,10495,10495,Prefer not to say,Japanese
10496,1986-10-02,10496,10496,Male,Thai
10497,1987-12-27,10497,10497,Female,Spanish
10498,1987-07-16,10498,10498,Non-binary,Swedish
10499,1962-10-20,10499,10499,Prefer not to say,French
10500,1992-07-22,10500,10500,Prefer not to say,Swedish
10501,1970-07-12,10501,10501,Non-binary,Greek
10502,1978-10-14,10502,10502,Non-binary,Mandarin
10503,1975-08-21,10503,10503,Prefer not to say,French
10504,1998-01-10,10504,10504,Non-binary,Spanish
10505,1996-01-16,10505,10505,Female,English
10506,1984-07-08,10506,10506,Non-binary,Swedish
10507,1998-08-26,10507,10507,Prefer not to say,Turkish
10508,1997-05-18,10508,10508,Non-binary,French
10509,1985-09-29,10509,10509,Non-binary,Russian
10510,1981-08-06,10510,10510,Non-binary,Greek
10511,1964-02-27,10511,10511,Female,Vietnamese
10512,1972-11-12,10512,10512,Non-binary,Mandarin
10513,1984-08-20,10513,10513,Prefer not to say,Dutch
10514,1988-06-09,10514,10514,Female,Romanian
10515,1993-04-21,10515,10515,Male,Japanese
10516,1970-03-27,10516,10516,Prefer not to say,Italian
10517,1987-09-26,10517,10517,Non-binary,English
10518,1998-08-12,10518,10518,Non-binary,Italian
10519,1997-08-27,10519,10519,Female,Hindi
10520,1999-03-29,10520,10520,Prefer not to say,Korean
10521,1976-02-14,10521,10521,Non-binary,Arabic
10522,1987-09-19,10522,10522,Female,German
10523,1966-07-05,10523,10523,Male,Japanese
10524,2000-08-14,10524,10524,Male,Greek
10525,1977-03-19,10525,10525,Non-binary,Polish
10526,1973-02-12,10526,10526,Male,Arabic
10527,1979-09-01,10527,10527,Non-binary,Spanish
10528,1979-01-05,10528,10528,Prefer not to say,Thai
10529,1991-04-06,10529,10529,Male,German
10530,1981-06-03,10530,10530,Prefer not to say,French
10531,1960-04-10,10531,10531,Male,Thai
10532,1998-05-04,10532,10532,Male,Greek
10533,1995-10-27,10533,10533,Male,Turkish
10534,1986-06-08,10534,10534,Prefer not to say,Polish
10535,1969-02-06,10535,10535,Non-binary,Russian
10536,1984-04-20,10536,10536,Non-binary,Greek
10537,1969-12-20,10537,10537,Prefer not to say,Mandarin
10538,1981-08-22,10538,10538,Female,Polish
10539,1973-07-07,10539,10539,Female,English
10540,1973-11-27,10540,10540,Prefer not to say,Korean
10541,1966-11-15,10541,10541,Male,Mandarin
10542,1983-09-10,10542,10542,Female,Dutch
10543,1981-05-02,10543,10543,Female,English
10544,1975-08-17,10544,10544,Non-binary,Vietnamese
10545,1999-07-15,10545,10545,Prefer not to say,Spanish
10546,1982-04-25,10546,10546,Prefer not to say,Japanese
10547,1962-05-12,10547,10547,Non-binary,Polish
10548,1961-07-01,10548,10548,Prefer not to say,Italian
10549,1972-07-15,10549,10549,Male,Vietnamese
10550,1996-12-06,10550,10550,Female,Polish
10551,1983-02-10,10551,10551,Male,Korean
10552,1984-06-07,10552,10552,Female,Turkish
10553,1992-02-09,10553,10553,Prefer not to say,Vietnamese
10554,1995-08-25,10554,10554,Female,Spanish
10555,1982-12-21,10555,10555,Male,Vietnamese
10556,2000-11-06,10556,10556,Male,Arabic
10557,1994-06-23,10557,10557,Non-binary,Greek
10558,1961-05-28,10558,10558,Non-binary,Arabic
10559,1980-01-20,10559,10559,Prefer not to say,Vietnamese
10560,1999-01-06,10560,10560,Non-binary,Portuguese
10561,1986-12-07,10561,10561,Female,Spanish
10562,1966-07-29,10562,10562,Prefer not to say,Spanish
10563,1979-10-11,10563,10563,Non-binary,Turkish
10564,1989-08-06,10564,10564,Female,Arabic
10565,1994-08-23,10565,10565,Female,Dutch
10566,1973-06-29,10566,10566,Male,Swedish
10567,1964-07-29,10567,10567,Male,Turkish
10568,1984-09-13,10568,10568,Non-binary,Russian
10569,1982-08-30,10569,10569,Male,Swedish
10570,1979-06-28,10570,10570,Male,Thai
10571,1981-10-11,10571,10571,Female,Spanish
10572,1964-02-22,10572,10572,Non-binary,Turkish
10573,1997-04-13,10573,10573,Prefer not to say,French
10574,1991-03-08,10574,10574,Male,German
10575,1995-12-19,10575,10575,Female,Romanian
10576,1986-10-10,10576,10576,Prefer not to say,Mandarin
10577,1974-05-13,10577,10577,Male,Polish
10578,1984-03-26,10578,10578,Female,Greek
10579,1977-08-03,10579,10579,Female,Turkish
10580,1963-06-02,10580,10580,Male,Turkish
10581,1978-09-12,10581,10581,Prefer not to say,Thai
10582,1995-11-05,10582,10582,Female,Greek
10583,1966-04-21,10583,10583,Female,Thai
10584,1964-09-02,10584,10584,Non-binary,Romanian
10585,1963-02-03,10585,10585,Female,Italian
10586,1986-07-21,10586,10586,Non-binary,Hindi
10587,1972-01-25,10587,10587,Female,Turkish
10588,2000-07-09,10588,10588,Prefer not to say,Russian
10589,1996-05-09,10589,10589,Non-binary,Spanish
10590,1962-11-04,10590,10590,Female,Russian
10591,1986-06-21,10591,10591,Prefer not to say,Dutch
10592,1999-08-19,10592,10592,Non-binary,French
10593,1969-06-26,10593,10593,Female,Romanian
10594,1993-06-13,10594,10594,Prefer not to say,German
10595,1998-06-02,10595,10595,Male,Romanian
10596,1997-11-01,10596,10596,Male,Russian
10597,1971-10-12,10597,10597,Male,Greek
10598,1972-06-13,10598,10598,Prefer not to say,Portuguese
10599,1974-07-06,10599,10599,Prefer not to say,Spanish
10600,1961-12-09,10600,10600,Male,Romanian
10601,1987-11-03,10601,10601,Male,Swedish
10602,1975-05-06,10602,10602,Male,Russian
10603,1963-02-07,10603,10603,Non-binary,Polish
10604,1992-01-20,10604,10604,Female,French
10605,1985-01-30,10605,10605,Female,Russian
10606,1979-05-24,10606,10606,Male,Dutch
10607,1985-08-03,10607,10607,Male,Vietnamese
10608,1969-02-10,10608,10608,Female,Arabic
10609,1990-09-03,10609,10609,Male,English
10610,1996-12-10,10610,10610,Female,Russian
10611,1992-08-16,10611,10611,Non-binary,Vietnamese
10612,1969-02-13,10612,10612,Male,Spanish
10613,1986-02-26,10613,10613,Female,Thai
10614,1992-07-30,10614,10614,Prefer not to say,Italian
10615,1998-02-12,10615,10615,Female,French
10616,1964-01-24,10616,10616,Non-binary,French
10617,1995-04-18,10617,10617,Female,Romanian
10618,1993-04-01,10618,10618,Female,Italian
10619,1989-07-19,10619,10619,Prefer not to say,French
10620,1997-01-12,10620,10620,Male,Romanian
10621,1980-07-29,10621,10621,Prefer not to say,Arabic
10622,1986-01-25,10622,10622,Male,Italian
10623,1968-06-28,10623,10623,Male,Turkish
10624,1994-06-01,10624,10624,Female,Dutch
10625,1960-04-05,10625,10625,Female,Dutch
10626,1995-08-01,10626,10626,Female,Mandarin
10627,1967-05-09,10627,10627,Prefer not to say,Japanese
10628,1979-12-12,10628,10628,Prefer not to say,Mandarin
10629,1962-10-01,10629,10629,Prefer not to say,German
10630,1996-02-12,10630,10630,Male,German
10631,1980-06-26,10631,10631,Non-binary,Korean
10632,1992-08-26,10632,10632,Male,Swedish
10633,1987-03-26,10633,10633,Female,French
10634,1963-07-14,10634,10634,Non-binary,Romanian
10635,1960-06-11,10635,10635,Female,Dutch
10636,1969-07-16,10636,10636,Female,Polish
10637,1999-06-09,10637,10637,Male,Vietnamese
10638,1975-03-28,10638,10638,Male,Russian
10639,1976-10-14,10639,10639,Male,Hindi
10640,1990-11-27,10640,10640,Male,Japanese
10641,1983-02-02,10641,10641,Non-binary,Vietnamese
10642,1985-04-18,10642,10642,Non-binary,Vietnamese
10643,1995-04-24,10643,10643,Male,Arabic
10644,1977-11-30,10644,10644,Prefer not to say,Thai
10645,1965-10-15,10645,10645,Non-binary,Mandarin
10646,1974-07-28,10646,10646,Female,French
10647,1976-02-20,10647,10647,Prefer not to say,Korean
10648,1983-08-17,10648,10648,Female,Dutch
10649,1983-01-08,10649,10649,Female,Vietnamese
10650,1973-01-02,10650,10650,Prefer not to say,Polish
10651,1966-04-29,10651,10651,Prefer not to say,Portuguese
10652,1983-04-27,10652,10652,Male,Thai
10653,2000-03-21,10653,10653,Male,Portuguese
10654,1987-08-07,10654,10654,Male,Spanish
10655,1972-12-03,10655,10655,Female,Arabic
10656,1993-07-24,10656,10656,Non-binary,Italian
10657,1981-05-05,10657,10657,Prefer not to say,Romanian
10658,1990-06-11,10658,10658,Prefer not to say,Korean
10659,2000-11-29,10659,10659,Non-binary,French
10660,1968-09-27,10660,10660,Prefer not to say,Romanian
10661,1972-09-18,10661,10661,Male,French
10662,1997-02-24,10662,10662,Male,Hindi
10663,1976-02-24,10663,10663,Female,Thai
10664,1966-08-28,10664,10664,Non-binary,Italian
10665,1989-12-07,10665,10665,Prefer not to say,Swedish
10666,1974-12-22,10666,10666,Male,Arabic
10667,1971-07-15,10667,10667,Male,Greek
10668,1963-08-19,10668,10668,Prefer not to say,French
10669,1998-12-13,10669,10669,Prefer not to say,German
10670,1973-03-14,10670,10670,Non-binary,Italian
10671,1981-09-15,10671,10671,Female,German
10672,1999-01-18,10672,10672,Male,Spanish
10673,1992-02-20,10673,10673,Male,Mandarin
10674,1997-12-24,10674,10674,Prefer not to say,Swedish
10675,1983-04-16,10675,10675,Non-binary,Hindi
10676,1971-10-05,10676,10676,Prefer not to say,German
10677,1991-10-20,10677,10677,Female,Dutch
10678,1985-08-14,10678,10678,Male,Swedish
10679,1961-10-02,10679,10679,Non-binary,Thai
10680,1978-10-22,10680,10680,Prefer not to say,Korean
10681,1998-12-29,10681,10681,Male,Vietnamese
10682,1978-08-15,10682,10682,Female,Korean
10683,1993-11-25,10683,10683,Prefer not to say,Korean
10684,1972-03-22,10684,10684,Prefer not to say,French
10685,1968-02-05,10685,10685,Non-binary,Romanian
10686,1960-04-27,10686,10686,Prefer not to say,Korean
10687,1998-03-30,10687,10687,Female,Portuguese
10688,1963-01-29,10688,10688,Male,Vietnamese
10689,1970-03-04,10689,10689,Male,French
10690,1996-05-12,10690,10690,Prefer not to say,Portuguese
10691,1971-08-22,10691,10691,Male,Korean
10692,1981-05-09,10692,10692,Non-binary,Portuguese
10693,1996-08-06,10693,10693,Non-binary,Dutch
10694,1999-12-27,10694,10694,Non-binary,Greek
10695,1990-04-02,10695,10695,Female,Thai
10696,1963-12-21,10696,10696,Prefer not to say,English
10697,1999-03-09,10697,10697,Female,Polish
10698,1994-11-14,10698,10698,Male,Mandarin
10699,1988-04-16,10699,10699,Prefer not to say,Polish
10700,1974-08-06,10700,10700,Female,English
10701,1972-07-04,10701,10701,Non-binary,Greek
10702,1972-04-29,10702,10702,Non-binary,Dutch
10703,1975-12-28,10703,10703,Male,Romanian
10704,1997-11-03,10704,10704,Female,Japanese
10705,1969-03-15,10705,10705,Male,Italian
10706,1972-06-06,10706,10706,Prefer not to say,Arabic
10707,1993-03-25,10707,10707,Non-binary,Polish
10708,1992-08-06,10708,10708,Non-binary,Vietnamese
10709,1993-07-07,10709,10709,Male,English
10710,1997-03-27,10710,10710,Female,Russian
10711,1983-03-13,10711,10711,Male,Romanian
10712,1982-09-25,10712,10712,Prefer not to say,Arabic
10713,1978-05-26,10713,10713,Prefer not to say,Hindi
10714,1974-09-23,10714,10714,Male,Polish
10715,1992-07-16,10715,10715,Non-binary,French
10716,1966-11-10,10716,10716,Female,Portuguese
10717,1989-02-22,10717,10717,Non-binary,Turkish
10718,1990-10-12,10718,10718,Non-binary,Italian
10719,1970-09-03,10719,10719,Non-binary,Italian
10720,1969-08-30,10720,10720,Male,Dutch
10721,1960-09-20,10721,10721,Female,English
10722,1977-06-03,10722,10722,Male,English
10723,1981-06-10,10723,10723,Prefer not to say,Portuguese
10724,1960-07-27,10724,10724,Prefer not to say,Turkish
10725,1981-01-27,10725,10725,Non-binary,Polish
10726,1991-03-31,10726,10726,Prefer not to say,Thai
10727,1993-02-12,10727,10727,Female,Arabic
10728,1998-03-16,10728,10728,Prefer not to say,Thai
10729,1999-06-05,10729,10729,Prefer not to say,Mandarin
10730,1963-07-19,10730,10730,Non-binary,Turkish
10731,1970-03-18,10731,10731,Prefer not to say,Turkish
10732,1978-03-26,10732,10732,Non-binary,German
10733,1976-11-03,10733,10733,Prefer not to say,Turkish
10734,1966-12-15,10734,10734,Female,Swedish
10735,1963-03-24,10735,10735,Female,Dutch
10736,1997-03-21,10736,10736,Non-binary,Russian
10737,1997-09-02,10737,10737,Prefer not to say,Spanish
10738,1989-06-08,10738,10738,Prefer not to say,Polish
10739,1961-01-18,10739,10739,Non-binary,Japanese
10740,1998-03-19,10740,10740,Male,Romanian
10741,1998-09-05,10741,10741,Male,Polish
10742,1969-05-16,10742,10742,Prefer not to say,Greek
10743,1975-08-29,10743,10743,Female,Vietnamese
10744,1997-12-09,10744,10744,Prefer not to say,Arabic
10745,1984-07-02,10745,10745,Non-binary,Greek
10746,1995-12-05,10746,10746,Female,Romanian
10747,1995-08-18,10747,10747,Female,German
10748,1981-02-03,10748,10748,Prefer not to say,Romanian
10749,1997-01-27,10749,10749,Non-binary,Turkish
10750,1960-08-17,10750,10750,Female,Polish
10751,1998-12-08,10751,10751,Female,Spanish
10752,1977-08-04,10752,10752,Prefer not to say,Thai
10753,1969-05-28,10753,10753,Prefer not to say,Vietnamese
10754,1981-03-02,10754,10754,Prefer not to say,Vietnamese
10755,1981-11-14,10755,10755,Female,Spanish
10756,1988-04-09,10756,10756,Prefer not to say,Romanian
10757,1983-08-03,10757,10757,Prefer not to say,Romanian
10758,1979-05-11,10758,10758,Female,Turkish
10759,1994-10-03,10759,10759,Non-binary,Korean
10760,1985-12-18,10760,10760,Female,Korean
10761,1962-03-17,10761,10761,Non-binary,Portuguese
10762,2000-11-08,10762,10762,Male,Polish
10763,1988-11-08,10763,10763,Male,Turkish
10764,1992-03-22,10764,10764,Male,Vietnamese
10765,1974-10-06,10765,10765,Male,Mandarin
10766,1993-10-11,10766,10766,Non-binary,Portuguese
10767,1997-08-25,10767,10767,Female,Turkish
10768,1999-02-20,10768,10768,Male,Hindi
10769,1983-07-20,10769,10769,Female,Arabic
10770,1986-11-30,10770,10770,Non-binary,French
10771,1979-05-15,10771,10771,Non-binary,Portuguese
10772,1982-06-06,10772,10772,Prefer not to say,Dutch
10773,1973-08-08,10773,10773,Female,Portuguese
10774,2000-07-27,10774,10774,Female,Spanish
10775,1963-08-13,10775,10775,Female,Thai
10776,1992-07-30,10776,10776,Prefer not to say,Korean
10777,1981-09-19,10777,10777,Prefer not to say,Mandarin
10778,1994-03-15,10778,10778,Prefer not to say,German
10779,1975-06-09,10779,10779,Non-binary,French
10780,1983-10-14,10780,10780,Non-binary,Vietnamese
10781,1968-03-08,10781,10781,Prefer not to say,Greek
10782,1963-03-24,10782,10782,Female,Portuguese
10783,1973-06-14,10783,10783,Non-binary,Turkish
10784,1964-09-17,10784,10784,Male,Polish
10785,1994-05-04,10785,10785,Non-binary,Turkish
10786,1987-01-29,10786,10786,Prefer not to say,Portuguese
10787,1979-01-08,10787,10787,Non-binary,Japanese
10788,1961-05-02,10788,10788,Male,Mandarin
10789,1982-03-25,10789,10789,Prefer not to say,French
10790,1970-02-11,10790,10790,Male,Italian
10791,1960-05-20,10791,10791,Non-binary,Korean
10792,1978-04-13,10792,10792,Non-binary,Turkish
10793,1984-12-24,10793,10793,Male,Russian
10794,1971-06-16,10794,10794,Non-binary,Russian
10795,1971-08-13,10795,10795,Female,Arabic
10796,1977-06-28,10796,10796,Prefer not to say,Arabic
10797,1999-04-28,10797,10797,Non-binary,Spanish
10798,1972-08-19,10798,10798,Non-binary,Romanian
10799,1993-10-06,10799,10799,Non-binary,Portuguese
10800,1996-12-18,10800,10800,Male,Thai
10801,1978-12-05,10801,10801,Female,Dutch
10802,1973-12-10,10802,10802,Non-binary,Mandarin
10803,1989-07-10,10803,10803,Female,Hindi
10804,1993-02-08,10804,10804,Prefer not to say,Arabic
10805,1993-11-01,10805,10805,Female,French
10806,1962-07-26,10806,10806,Prefer not to say,German
10807,1985-03-28,10807,10807,Non-binary,Mandarin
10808,1975-05-20,10808,10808,Non-binary,English
10809,1971-12-28,10809,10809,Female,Mandarin
10810,1978-01-19,10810,10810,Male,Swedish
10811,1997-12-14,10811,10811,Female,Portuguese
10812,1991-12-24,10812,10812,Prefer not to say,Korean
10813,1988-05-21,10813,10813,Non-binary,Romanian
10814,1994-07-14,10814,10814,Female,Swedish
10815,1994-04-28,10815,10815,Non-binary,Portuguese
10816,1970-02-27,10816,10816,Male,Spanish
10817,1980-03-26,10817,10817,Non-binary,Russian
10818,1963-03-12,10818,10818,Male,Dutch
10819,1974-03-30,10819,10819,Male,Romanian
10820,1977-01-19,10820,10820,Female,Hindi
10821,1991-09-03,10821,10821,Female,Romanian
10822,1973-01-26,10822,10822,Prefer not to say,Polish
10823,1993-05-30,10823,10823,Male,Dutch
10824,1983-07-07,10824,10824,Prefer not to say,Dutch
10825,1977-10-01,10825,10825,Male,Italian
10826,1970-06-09,10826,10826,Non-binary,Spanish
10827,1995-05-07,10827,10827,Male,Arabic
10828,1973-11-28,10828,10828,Male,Spanish
10829,1985-05-08,10829,10829,Non-binary,Mandarin
10830,1985-06-01,10830,10830,Female,Arabic
10831,1981-08-15,10831,10831,Prefer not to say,Greek
10832,1995-01-09,10832,10832,Female,Spanish
10833,1963-04-17,10833,10833,Non-binary,Romanian
10834,1982-04-09,10834,10834,Prefer not to say,French
10835,1963-11-06,10835,10835,Prefer not to say,Mandarin
10836,2000-05-12,10836,10836,Male,Turkish
10837,1986-04-08,10837,10837,Female,Vietnamese
10838,1964-06-16,10838,10838,Female,Arabic
10839,1999-11-26,10839,10839,Male,Dutch
10840,1969-03-20,10840,10840,Non-binary,Swedish
10841,1991-01-28,10841,10841,Non-binary,Vietnamese
10842,1981-06-06,10842,10842,Non-binary,Turkish
10843,1969-12-08,10843,10843,Male,German
10844,1998-10-05,10844,10844,Male,Japanese
10845,1968-04-14,10845,10845,Prefer not to say,Arabic
10846,1970-11-22,10846,10846,Prefer not to say,Arabic
10847,2000-05-18,10847,10847,Prefer not to say,Italian
10848,1964-12-24,10848,10848,Prefer not to say,Vietnamese
10849,1984-09-14,10849,10849,Non-binary,Thai
10850,1964-07-22,10850,10850,Female,Arabic
10851,1984-04-15,10851,10851,Non-binary,French
10852,1993-12-01,10852,10852,Non-binary,German
10853,1995-11-03,10853,10853,Prefer not to say,Polish
10854,1999-08-17,10854,10854,Male,Korean
10855,1978-08-11,10855,10855,Female,Dutch
10856,1960-06-09,10856,10856,Prefer not to say,Japanese
10857,1987-10-04,10857,10857,Non-binary,English
10858,1967-07-03,10858,10858,Non-binary,Japanese
10859,1962-07-27,10859,10859,Female,Polish
10860,1971-08-10,10860,10860,Female,Portuguese
10861,1974-09-23,10861,10861,Female,Greek
10862,1973-05-17,10862,10862,Female,Romanian
10863,1993-06-12,10863,10863,Non-binary,Spanish
10864,1963-12-05,10864,10864,Prefer not to say,German
10865,1986-09-22,10865,10865,Female,Vietnamese
10866,1975-10-30,10866,10866,Female,Portuguese
10867,1966-03-14,10867,10867,Female,Dutch
10868,1963-10-28,10868,10868,Non-binary,Romanian
10869,1985-11-17,10869,10869,Female,Polish
10870,1975-04-15,10870,10870,Prefer not to say,Polish
10871,1967-03-20,10871,10871,Male,Portuguese
10872,1979-04-08,10872,10872,Prefer not to say,Mandarin
10873,1972-01-16,10873,10873,Prefer not to say,Hindi
10874,1995-04-24,10874,10874,Prefer not to say,Romanian
10875,1981-09-11,10875,10875,Prefer not to say,French
10876,1987-07-09,10876,10876,Female,Romanian
10877,1965-02-21,10877,10877,Non-binary,Korean
10878,1976-01-23,10878,10878,Non-binary,Romanian
10879,1965-11-19,10879,10879,Female,Hindi
10880,1963-12-31,10880,10880,Non-binary,Mandarin
10881,1993-11-05,10881,10881,Prefer not to say,Greek
10882,1974-02-19,10882,10882,Prefer not to say,Swedish
10883,1999-05-17,10883,10883,Prefer not to say,French
10884,1981-11-13,10884,10884,Male,Russian
10885,1993-10-24,10885,10885,Female,English
10886,1975-11-19,10886,10886,Non-binary,Arabic
10887,1965-02-28,10887,10887,Male,Italian
10888,1986-08-12,10888,10888,Male,Hindi
10889,1989-05-17,10889,10889,Male,Portuguese
10890,1974-01-25,10890,10890,Male,Arabic
10891,1983-01-09,10891,10891,Male,French
10892,1970-09-29,10892,10892,Prefer not to say,Mandarin
10893,2000-12-24,10893,10893,Non-binary,Thai
10894,1983-11-09,10894,10894,Male,English
10895,1986-08-04,10895,10895,Female,French
10896,1972-04-11,10896,10896,Non-binary,Portuguese
10897,1999-12-17,10897,10897,Female,German
10898,1989-06-29,10898,10898,Male,English
10899,1993-01-31,10899,10899,Non-binary,Swedish
10900,1993-05-12,10900,10900,Prefer not to say,Romanian
10901,1971-04-22,10901,10901,Female,Italian
10902,1989-01-14,10902,10902,Non-binary,English
10903,1973-01-10,10903,10903,Prefer not to say,Romanian
10904,1964-05-13,10904,10904,Non-binary,Italian
10905,1976-07-12,10905,10905,Non-binary,Hindi
10906,1983-10-31,10906,10906,Male,Vietnamese
10907,1991-03-15,10907,10907,Non-binary,Thai
10908,1960-10-22,10908,10908,Prefer not to say,Turkish
10909,1970-11-29,10909,10909,Male,Romanian
10910,1986-01-01,10910,10910,Female,Swedish
10911,1981-02-17,10911,10911,Male,Arabic
10912,1971-12-22,10912,10912,Female,Swedish
10913,1972-01-27,10913,10913,Male,Spanish
10914,1977-06-25,10914,10914,Female,Greek
10915,1968-10-21,10915,10915,Male,Japanese
10916,1989-11-18,10916,10916,Non-binary,Thai
10917,1989-02-19,10917,10917,Non-binary,Mandarin
10918,1965-03-27,10918,10918,Non-binary,Thai
10919,1989-04-16,10919,10919,Non-binary,Hindi
10920,1991-11-04,10920,10920,Non-binary,Portuguese
10921,1963-03-06,10921,10921,Male,Thai
10922,1976-11-12,10922,10922,Male,Romanian
10923,2000-07-26,10923,10923,Non-binary,Portuguese
10924,1960-01-22,10924,10924,Male,Romanian
10925,1973-06-19,10925,10925,Female,Arabic
10926,1965-10-01,10926,10926,Male,Korean
10927,1996-02-22,10927,10927,Prefer not to say,Greek
10928,1967-01-15,10928,10928,Non-binary,Portuguese
10929,1986-10-10,10929,10929,Male,Vietnamese
10930,1960-10-22,10930,10930,Prefer not to say,Vietnamese
10931,1961-03-27,10931,10931,Female,Polish
10932,1990-08-03,10932,10932,Female,Dutch
10933,1968-10-15,10933,10933,Prefer not to say,Hindi
10934,1965-01-27,10934,10934,Non-binary,Mandarin
10935,1995-05-04,10935,10935,Female,Japanese
10936,2000-08-07,10936,10936,Non-binary,Hindi
10937,1993-08-03,10937,10937,Non-binary,Korean
10938,1968-04-12,10938,10938,Male,Swedish
10939,1989-10-10,10939,10939,Male,German
10940,1969-04-09,10940,10940,Female,Russian
10941,1988-12-14,10941,10941,Male,Turkish
10942,1999-06-12,10942,10942,Male,French
10943,1979-11-14,10943,10943,Female,Thai
10944,1994-08-06,10944,10944,Male,Italian
10945,1987-11-13,10945,10945,Male,Turkish
10946,1962-04-10,10946,10946,Female,Spanish
10947,1961-04-27,10947,10947,Male,Korean
10948,1983-08-10,10948,10948,Male,Japanese
10949,1986-06-07,10949,10949,Prefer not to say,Thai
10950,1966-06-26,10950,10950,Prefer not to say,Swedish
10951,1963-01-21,10951,10951,Prefer not to say,French
10952,1991-01-31,10952,10952,Female,Vietnamese
10953,1978-05-23,10953,10953,Non-binary,Hindi
10954,1983-06-23,10954,10954,Non-binary,Turkish
10955,1996-12-03,10955,10955,Male,Greek
10956,1977-03-09,10956,10956,Female,Japanese
10957,1991-10-28,10957,10957,Male,Mandarin
10958,1980-07-04,10958,10958,Female,Turkish
10959,1962-06-02,10959,10959,Female,Korean
10960,1996-10-01,10960,10960,Prefer not to say,Japanese
10961,1971-06-07,10961,10961,Non-binary,Italian
10962,1977-05-09,10962,10962,Female,Italian
10963,1988-11-29,10963,10963,Prefer not to say,Polish
10964,1963-03-07,10964,10964,Male,Russian
10965,1997-09-06,10965,10965,Male,Russian
10966,2000-09-07,10966,10966,Non-binary,Hindi
10967,1997-02-05,10967,10967,Female,Romanian
10968,1996-08-27,10968,10968,Prefer not to say,Polish
10969,1966-08-28,10969,10969,Male,Dutch
10970,1984-12-27,10970,10970,Prefer not to say,German
10971,1970-01-16,10971,10971,Non-binary,Thai
10972,1994-06-17,10972,10972,Male,Portuguese
10973,1990-06-20,10973,10973,Female,Thai
10974,1984-01-17,10974,10974,Prefer not to say,Korean
10975,1969-07-23,10975,10975,Prefer not to say,Spanish
10976,1995-08-15,10976,10976,Male,Romanian
10977,1990-09-22,10977,10977,Male,Thai
10978,1963-06-20,10978,10978,Prefer not to say,Korean
10979,1977-03-24,10979,10979,Non-binary,Spanish
10980,1970-05-17,10980,10980,Female,Italian
10981,1966-07-08,10981,10981,Male,Spanish
10982,1983-12-30,10982,10982,Male,German
10983,1970-09-25,10983,10983,Male,Vietnamese
10984,1991-11-26,10984,10984,Prefer not to say,Greek
10985,1989-05-11,10985,10985,Prefer not to say,Romanian
10986,1999-04-24,10986,10986,Prefer not to say,Arabic
10987,1964-11-09,10987,10987,Male,Korean
10988,1977-02-20,10988,10988,Prefer not to say,Vietnamese
10989,1986-09-02,10989,10989,Prefer not to say,Portuguese
10990,1967-08-31,10990,10990,Non-binary,Thai
10991,1969-04-16,10991,10991,Male,German
10992,1976-03-23,10992,10992,Male,French
10993,1960-11-05,10993,10993,Non-binary,Vietnamese
10994,1968-04-08,10994,10994,Prefer not to say,Russian
10995,1962-11-28,10995,10995,Female,Hindi
10996,1961-04-17,10996,10996,Prefer not to say,English
10997,1972-02-15,10997,10997,Non-binary,Vietnamese
10998,1971-10-07,10998,10998,Male,Vietnamese
10999,1997-06-07,10999,10999,Male,Portuguese
11000,1961-10-22,11000,11000,Non-binary,German
11001,1979-09-17,11001,11001,Non-binary,Dutch
11002,1993-02-03,11002,11002,Male,Arabic
11003,1987-03-13,11003,11003,Non-binary,Romanian
11004,1980-05-24,11004,11004,Prefer not to say,French
11005,1975-03-20,11005,11005,Male,Turkish
11006,1968-06-01,11006,11006,Male,English
11007,1968-01-17,11007,11007,Female,French
11008,1976-11-03,11008,11008,Non-binary,Turkish
11009,1985-03-29,11009,11009,Prefer not to say,Russian
11010,1990-05-14,11010,11010,Female,English
11011,1979-07-20,11011,11011,Non-binary,Thai
11012,1975-12-09,11012,11012,Female,Greek
11013,1993-01-23,11013,11013,Non-binary,French
11014,1965-03-11,11014,11014,Female,German
11015,1960-08-11,11015,11015,Non-binary,Italian
11016,1986-11-25,11016,11016,Female,Thai
11017,1994-03-27,11017,11017,Female,Romanian
11018,1960-10-20,11018,11018,Non-binary,Arabic
11019,1979-01-12,11019,11019,Prefer not to say,Hindi
11020,2000-01-26,11020,11020,Non-binary,Portuguese
11021,1963-09-03,11021,11021,Prefer not to say,Polish
11022,1976-06-05,11022,11022,Prefer not to say,German
11023,1978-01-15,11023,11023,Prefer not to say,Dutch
11024,1982-12-12,11024,11024,Non-binary,Russian
11025,1996-01-04,11025,11025,Prefer not to say,Polish
11026,1983-08-25,11026,11026,Prefer not to say,Swedish
11027,1980-11-03,11027,11027,Prefer not to say,Japanese
11028,1987-07-25,11028,11028,Female,Arabic
11029,1991-05-28,11029,11029,Prefer not to say,Mandarin
11030,1970-01-31,11030,11030,Male,Japanese
11031,1974-07-08,11031,11031,Female,Arabic
11032,1982-07-07,11032,11032,Male,Vietnamese
11033,1963-10-26,11033,11033,Prefer not to say,Polish
11034,1984-03-14,11034,11034,Non-binary,Turkish
11035,1978-04-15,11035,11035,Non-binary,Vietnamese
11036,1976-04-06,11036,11036,Prefer not to say,German
11037,1999-11-03,11037,11037,Prefer not to say,Dutch
11038,1982-02-25,11038,11038,Male,Turkish
11039,1987-05-11,11039,11039,Non-binary,Spanish
11040,1970-01-08,11040,11040,Female,Vietnamese
11041,1985-12-06,11041,11041,Female,Arabic
11042,1977-04-24,11042,11042,Male,Spanish
11043,1971-02-13,11043,11043,Male,Greek
11044,1975-10-11,11044,11044,Female,Italian
11045,1962-11-08,11045,11045,Male,Korean
11046,1986-08-31,11046,11046,Female,Thai
11047,1978-12-27,11047,11047,Male,Greek
11048,1982-05-19,11048,11048,Female,French
11049,1998-03-28,11049,11049,Male,Greek
11050,1962-02-04,11050,11050,Male,Russian
11051,1997-01-14,11051,11051,Non-binary,Romanian
11052,1971-12-18,11052,11052,Male,Romanian
11053,1986-02-03,11053,11053,Non-binary,German
11054,1978-11-20,11054,11054,Prefer not to say,French
11055,1964-11-29,11055,11055,Female,French
11056,1965-04-21,11056,11056,Male,Turkish
11057,1964-03-28,11057,11057,Female,Hindi
11058,1962-11-12,11058,11058,Non-binary,Swedish
11059,1993-06-27,11059,11059,Non-binary,Russian
11060,1961-10-17,11060,11060,Male,Romanian
11061,1961-11-19,11061,11061,Male,Russian
11062,1960-12-20,11062,11062,Prefer not to say,French
11063,1971-06-11,11063,11063,Female,Spanish
11064,1998-07-30,11064,11064,Prefer not to say,English
11065,1962-02-07,11065,11065,Male,German
11066,1993-01-23,11066,11066,Female,Japanese
11067,1997-02-21,11067,11067,Male,Polish
11068,1979-05-31,11068,11068,Prefer not to say,Greek
11069,1980-03-24,11069,11069,Male,Hindi
11070,1967-08-14,11070,11070,Female,Hindi
11071,1960-12-09,11071,11071,Female,Italian
11072,1994-04-11,11072,11072,Female,Turkish
11073,1980-06-26,11073,11073,Prefer not to say,Japanese
11074,1978-04-06,11074,11074,Male,Arabic
11075,1965-04-06,11075,11075,Prefer not to say,Greek
11076,1998-08-03,11076,11076,Male,Vietnamese
11077,1978-04-13,11077,11077,Male,Mandarin
11078,1987-11-25,11078,11078,Non-binary,Hindi
11079,1987-02-16,11079,11079,Prefer not to say,Japanese
11080,1973-04-24,11080,11080,Prefer not to say,Russian
11081,1960-06-26,11081,11081,Female,Dutch
11082,1988-05-09,11082,11082,Female,Vietnamese
11083,1979-07-27,11083,11083,Female,Thai
11084,1964-01-27,11084,11084,Female,Spanish
11085,1984-11-15,11085,11085,Male,Polish
11086,1967-03-12,11086,11086,Prefer not to say,Dutch
11087,1987-01-07,11087,11087,Male,Korean
11088,1990-07-18,11088,11088,Prefer not to say,Portuguese
11089,1986-05-13,11089,11089,Male,Swedish
11090,1986-03-02,11090,11090,Prefer not to say,Dutch
11091,1972-04-13,11091,11091,Non-binary,Turkish
11092,1966-03-06,11092,11092,Male,Polish
11093,1960-10-01,11093,11093,Female,Portuguese
11094,1982-05-08,11094,11094,Non-binary,Mandarin
11095,1993-01-03,11095,11095,Non-binary,Thai
11096,1991-05-03,11096,11096,Male,Vietnamese
11097,1975-05-26,11097,11097,Prefer not to say,Italian
11098,1987-11-17,11098,11098,Male,Italian
11099,1983-01-05,11099,11099,Male,German
11100,1960-06-23,11100,11100,Prefer not to say,Polish
11101,1979-06-22,11101,11101,Non-binary,Italian
11102,1975-09-23,11102,11102,Non-binary,Hindi
11103,1997-10-28,11103,11103,Female,Portuguese
11104,1962-10-03,11104,11104,Non-binary,Portuguese
11105,1977-10-21,11105,11105,Prefer not to say,Mandarin
11106,1995-07-05,11106,11106,Prefer not to say,Korean
11107,1993-11-29,11107,11107,Non-binary,Vietnamese
11108,1964-09-24,11108,11108,Prefer not to say,French
11109,1964-04-21,11109,11109,Female,Spanish
11110,1984-09-25,11110,11110,Female,Japanese
11111,1981-10-07,11111,11111,Female,Korean
11112,1999-10-30,11112,11112,Prefer not to say,Italian
11113,1960-07-02,11113,11113,Male,Dutch
11114,1986-09-30,11114,11114,Prefer not to say,Dutch
11115,1995-02-18,11115,11115,Prefer not to say,Mandarin
11116,1993-08-21,11116,11116,Non-binary,Vietnamese
11117,1988-08-14,11117,11117,Non-binary,Dutch
11118,1987-06-15,11118,11118,Prefer not to say,Korean
11119,1988-10-17,11119,11119,Non-binary,Korean
11120,1960-03-29,11120,11120,Female,Dutch
11121,1963-11-11,11121,11121,Female,Polish
11122,1985-07-01,11122,11122,Prefer not to say,English
11123,1982-10-15,11123,11123,Prefer not to say,Vietnamese
11124,1981-11-14,11124,11124,Prefer not to say,Vietnamese
11125,1992-11-20,11125,11125,Prefer not to say,Portuguese
11126,1997-03-03,11126,11126,Female,Russian
11127,1985-12-22,11127,11127,Male,Mandarin
11128,1978-10-14,11128,11128,Male,Spanish
11129,1963-11-18,11129,11129,Male,Italian
11130,1964-06-19,11130,11130,Male,French
11131,1990-04-06,11131,11131,Non-binary,Spanish
11132,1978-05-03,11132,11132,Male,Japanese
11133,1961-03-07,11133,11133,Non-binary,Spanish
11134,1980-02-23,11134,11134,Non-binary,Turkish
11135,1966-07-14,11135,11135,Prefer not to say,Italian
11136,1995-08-11,11136,11136,Non-binary,Arabic
11137,1961-10-27,11137,11137,Male,Japanese
11138,1971-12-02,11138,11138,Non-binary,Dutch
11139,1984-01-01,11139,11139,Non-binary,Romanian
11140,1996-03-18,11140,11140,Non-binary,English
11141,1975-09-06,11141,11141,Non-binary,Swedish
11142,1979-02-21,11142,11142,Non-binary,English
11143,1983-07-05,11143,11143,Female,Greek
11144,1960-09-20,11144,11144,Prefer not to say,Greek
11145,1966-11-27,11145,11145,Prefer not to say,German
11146,1972-08-07,11146,11146,Female,Dutch
11147,1965-07-23,11147,11147,Prefer not to say,Hindi
11148,1972-06-24,11148,11148,Non-binary,Portuguese
11149,1983-08-21,11149,11149,Non-binary,Swedish
11150,1994-11-28,11150,11150,Male,Swedish
11151,1994-09-14,11151,11151,Prefer not to say,Romanian
11152,1992-05-24,11152,11152,Male,Polish
11153,1983-10-24,11153,11153,Non-binary,Romanian
11154,1965-09-12,11154,11154,Prefer not to say,Greek
11155,1989-02-15,11155,11155,Male,Korean
11156,1982-03-29,11156,11156,Prefer not to say,English
11157,1962-06-23,11157,11157,Female,Mandarin
11158,1996-07-17,11158,11158,Prefer not to say,German
11159,1969-06-01,11159,11159,Female,English
11160,2000-01-24,11160,11160,Male,Portuguese
11161,1976-03-31,11161,11161,Male,Dutch
11162,1969-12-27,11162,11162,Non-binary,Swedish
11163,1982-10-31,11163,11163,Female,German
11164,1975-10-27,11164,11164,Female,Greek
11165,1984-05-24,11165,11165,Male,Spanish
11166,1972-04-26,11166,11166,Non-binary,Turkish
11167,1992-08-24,11167,11167,Non-binary,Romanian
11168,1974-06-08,11168,11168,Male,Turkish
11169,1986-09-24,11169,11169,Male,Italian
11170,1961-04-27,11170,11170,Male,Turkish
11171,1974-02-05,11171,11171,Male,Vietnamese
11172,1980-04-05,11172,11172,Male,Japanese
11173,1986-07-16,11173,11173,Non-binary,German
11174,1992-10-22,11174,11174,Prefer not to say,Spanish
11175,1969-01-16,11175,11175,Prefer not to say,Spanish
11176,1963-09-23,11176,11176,Female,Romanian
11177,1984-06-03,11177,11177,Male,Portuguese
11178,1987-01-25,11178,11178,Male,Greek
11179,1993-05-28,11179,11179,Female,Portuguese
11180,1976-07-03,11180,11180,Male,Spanish
11181,1970-05-20,11181,11181,Male,Hindi
11182,1981-11-07,11182,11182,Prefer not to say,Arabic
11183,1986-11-09,11183,11183,Non-binary,German
11184,1969-04-16,11184,11184,Non-binary,Spanish
11185,1997-07-23,11185,11185,Non-binary,Thai
11186,1963-12-03,11186,11186,Male,Vietnamese
11187,1974-02-19,11187,11187,Non-binary,Italian
11188,1975-05-03,11188,11188,Male,Turkish
11189,1977-12-24,11189,11189,Female,Mandarin
11190,1963-06-24,11190,11190,Female,Swedish
11191,1964-12-16,11191,11191,Female,Portuguese
11192,1977-06-09,11192,11192,Female,Korean
11193,1976-01-02,11193,11193,Non-binary,German
11194,1962-06-02,11194,11194,Prefer not to say,French
11195,1997-11-14,11195,11195,Female,Vietnamese
11196,1968-02-04,11196,11196,Non-binary,Turkish
11197,1982-08-07,11197,11197,Prefer not to say,Romanian
11198,1995-11-25,11198,11198,Female,Romanian
11199,1964-03-06,11199,11199,Male,Japanese
11200,1988-05-23,11200,11200,Prefer not to say,Vietnamese
11201,1994-12-24,11201,11201,Non-binary,Vietnamese
11202,1961-07-17,11202,11202,Non-binary,Russian
11203,1993-05-03,11203,11203,Prefer not to say,English
11204,1975-07-03,11204,11204,Non-binary,Romanian
11205,1968-11-27,11205,11205,Female,Thai
11206,1966-12-16,11206,11206,Non-binary,Swedish
11207,1972-06-25,11207,11207,Non-binary,Greek
11208,1967-10-20,11208,11208,Female,Romanian
11209,1992-07-22,11209,11209,Prefer not to say,Italian
11210,1995-05-22,11210,11210,Non-binary,Mandarin
11211,1962-01-06,11211,11211,Non-binary,Arabic
11212,1966-03-31,11212,11212,Female,Spanish
11213,1977-10-27,11213,11213,Male,German
11214,2000-09-14,11214,11214,Non-binary,German
11215,1967-11-14,11215,11215,Male,Vietnamese
11216,1990-07-07,11216,11216,Non-binary,Swedish
11217,2000-06-30,11217,11217,Male,Romanian
11218,1990-05-10,11218,11218,Non-binary,Greek
11219,1986-08-11,11219,11219,Non-binary,Greek
11220,1978-07-05,11220,11220,Non-binary,Korean
11221,1981-12-11,11221,11221,Female,Mandarin
11222,1974-08-22,11222,11222,Non-binary,Russian
11223,2000-09-21,11223,11223,Female,Arabic
11224,1990-02-25,11224,11224,Non-binary,Arabic
11225,1976-08-15,11225,11225,Female,English
11226,1999-12-22,11226,11226,Non-binary,Romanian
11227,1963-07-07,11227,11227,Male,Russian
11228,1994-11-16,11228,11228,Prefer not to say,German
11229,1988-04-04,11229,11229,Prefer not to say,Spanish
11230,1988-06-30,11230,11230,Female,Swedish
11231,1995-03-30,11231,11231,Female,Japanese
11232,1974-03-22,11232,11232,Prefer not to say,Romanian
11233,1984-04-03,11233,11233,Prefer not to say,Vietnamese
11234,1983-07-04,11234,11234,Prefer not to say,Swedish
11235,1960-05-13,11235,11235,Prefer not to say,Romanian
11236,1970-10-13,11236,11236,Prefer not to say,Russian
11237,1983-11-02,11237,11237,Prefer not to say,Spanish
11238,2000-03-22,11238,11238,Female,Vietnamese
11239,1994-12-26,11239,11239,Male,Japanese
11240,1971-05-21,11240,11240,Prefer not to say,Thai
11241,1967-10-16,11241,11241,Male,Swedish
11242,1981-06-04,11242,11242,Non-binary,Dutch
11243,1989-11-20,11243,11243,Female,Turkish
11244,1985-07-29,11244,11244,Female,Korean
11245,1994-04-09,11245,11245,Non-binary,Swedish
11246,1974-12-25,11246,11246,Female,Korean
11247,1987-11-22,11247,11247,Prefer not to say,French
11248,1997-02-13,11248,11248,Prefer not to say,Hindi
11249,1980-04-11,11249,11249,Prefer not to say,Romanian
11250,1995-05-20,11250,11250,Female,Spanish
11251,1978-01-17,11251,11251,Male,Arabic
11252,1983-07-07,11252,11252,Female,French
11253,1970-01-11,11253,11253,Female,Turkish
11254,1978-09-28,11254,11254,Male,Dutch
11255,1969-10-18,11255,11255,Female,Dutch
11256,1990-10-04,11256,11256,Male,Dutch
11257,1971-05-09,11257,11257,Female,Turkish
11258,1988-02-08,11258,11258,Female,Swedish
11259,1981-07-21,11259,11259,Male,Russian
11260,1976-12-19,11260,11260,Male,Polish
11261,1980-06-28,11261,11261,Non-binary,Spanish
11262,1985-12-24,11262,11262,Prefer not to say,Greek
11263,1961-11-27,11263,11263,Female,Spanish
11264,1965-05-12,11264,11264,Female,Polish
11265,1990-02-28,11265,11265,Male,Dutch
11266,1966-03-20,11266,11266,Non-binary,Mandarin
11267,1996-06-06,11267,11267,Male,French
11268,1989-03-30,11268,11268,Non-binary,Spanish
11269,1962-02-04,11269,11269,Male,German
11270,1996-12-18,11270,11270,Prefer not to say,Mandarin
11271,1996-03-30,11271,11271,Prefer not to say,Japanese
11272,1989-06-19,11272,11272,Female,Dutch
11273,1998-03-24,11273,11273,Female,Mandarin
11274,1974-11-29,11274,11274,Female,Polish
11275,1973-01-18,11275,11275,Male,Spanish
11276,1990-12-13,11276,11276,Male,Spanish
11277,1999-12-23,11277,11277,Prefer not to say,Portuguese
11278,1962-10-05,11278,11278,Male,Dutch
11279,1972-02-10,11279,11279,Female,Dutch
11280,1976-07-18,11280,11280,Female,Arabic
11281,1978-12-28,11281,11281,Non-binary,Turkish
11282,1966-04-30,11282,11282,Prefer not to say,German
11283,1968-07-14,11283,11283,Non-binary,Italian
11284,1960-12-21,11284,11284,Prefer not to say,Romanian
11285,1996-04-01,11285,11285,Non-binary,Romanian
11286,1994-01-17,11286,11286,Female,Spanish
11287,1970-11-27,11287,11287,Prefer not to say,Polish
11288,1964-11-15,11288,11288,Non-binary,Arabic
11289,1984-02-05,11289,11289,Female,Vietnamese
11290,1975-05-27,11290,11290,Prefer not to say,Dutch
11291,1980-09-30,11291,11291,Non-binary,Japanese
11292,1970-07-11,11292,11292,Non-binary,Mandarin
11293,1965-09-21,11293,11293,Non-binary,Swedish
11294,1969-11-24,11294,11294,Prefer not to say,Swedish
11295,1979-01-26,11295,11295,Non-binary,Greek
11296,1985-03-29,11296,11296,Female,Dutch
11297,1968-09-09,11297,11297,Prefer not to say,English
11298,1961-08-23,11298,11298,Female,French
11299,1969-06-01,11299,11299,Non-binary,Romanian
11300,1999-12-24,11300,11300,Non-binary,Dutch
11301,2000-08-05,11301,11301,Male,Arabic
11302,1975-11-22,11302,11302,Non-binary,Korean
11303,1962-06-14,11303,11303,Prefer not to say,Turkish
11304,1962-01-07,11304,11304,Prefer not to say,Thai
11305,1964-09-03,11305,11305,Male,Russian
11306,1986-01-05,11306,11306,Male,English
11307,1994-08-13,11307,11307,Prefer not to say,Turkish
11308,1995-03-18,11308,11308,Prefer not to say,Turkish
11309,1977-04-28,11309,11309,Female,Russian
11310,1992-01-02,11310,11310,Female,Greek
11311,1988-04-27,11311,11311,Female,Portuguese
11312,1991-11-19,11312,11312,Female,French
11313,1971-04-03,11313,11313,Female,Turkish
11314,1961-12-04,11314,11314,Non-binary,Arabic
11315,1962-02-05,11315,11315,Male,Italian
11316,1976-04-28,11316,11316,Male,French
11317,1989-08-25,11317,11317,Female,Russian
11318,1975-01-17,11318,11318,Prefer not to say,Mandarin
11319,1988-04-22,11319,11319,Female,Japanese
11320,1994-12-26,11320,11320,Prefer not to say,Japanese
11321,1984-09-19,11321,11321,Male,Portuguese
11322,1981-07-16,11322,11322,Non-binary,Swedish
11323,1969-03-29,11323,11323,Prefer not to say,Portuguese
11324,1964-02-13,11324,11324,Non-binary,Romanian
11325,1990-10-05,11325,11325,Male,Thai
11326,1978-12-11,11326,11326,Male,English
11327,1976-10-17,11327,11327,Female,Vietnamese
11328,1980-09-03,11328,11328,Non-binary,Portuguese
11329,1973-07-16,11329,11329,Female,Romanian
11330,1968-02-09,11330,11330,Prefer not to say,Korean
11331,1993-07-30,11331,11331,Prefer not to say,Hindi
11332,1966-09-19,11332,11332,Female,Romanian
11333,1998-04-30,11333,11333,Male,Hindi
11334,1990-04-25,11334,11334,Non-binary,Mandarin
11335,1965-06-12,11335,11335,Female,German
11336,1996-08-28,11336,11336,Non-binary,English
11337,1984-01-24,11337,11337,Female,Japanese
11338,1974-10-25,11338,11338,Non-binary,Romanian
11339,1998-07-26,11339,11339,Non-binary,English
11340,1997-08-20,11340,11340,Non-binary,Japanese
11341,1989-05-25,11341,11341,Female,Spanish
11342,1985-11-13,11342,11342,Prefer not to say,Polish
11343,1996-12-14,11343,11343,Male,Polish
11344,2000-09-19,11344,11344,Female,Turkish
11345,1977-05-06,11345,11345,Female,Vietnamese
11346,1969-11-06,11346,11346,Prefer not to say,Japanese
11347,1961-09-08,11347,11347,Female,Mandarin
11348,1989-02-19,11348,11348,Prefer not to say,Portuguese
11349,1978-09-24,11349,11349,Female,Portuguese
11350,1966-02-01,11350,11350,Non-binary,English
11351,1994-02-01,11351,11351,Female,English
11352,1995-12-13,11352,11352,Male,Russian
11353,1968-02-15,11353,11353,Non-binary,Dutch
11354,1964-11-01,11354,11354,Female,Spanish
11355,1966-12-23,11355,11355,Male,Romanian
11356,1994-05-08,11356,11356,Male,Mandarin
11357,1994-09-03,11357,11357,Non-binary,Russian
11358,1961-09-01,11358,11358,Prefer not to say,Dutch
11359,1993-05-31,11359,11359,Prefer not to say,Polish
11360,1965-08-02,11360,11360,Non-binary,Romanian
11361,1965-10-30,11361,11361,Non-binary,Russian
11362,1969-12-29,11362,11362,Prefer not to say,Italian
11363,1974-08-29,11363,11363,Non-binary,Arabic
11364,1981-02-22,11364,11364,Male,Romanian
11365,1960-12-24,11365,11365,Male,Spanish
11366,1987-09-04,11366,11366,Prefer not to say,Hindi
11367,1996-09-07,11367,11367,Non-binary,English
11368,1982-10-30,11368,11368,Prefer not to say,Mandarin
11369,1996-03-29,11369,11369,Non-binary,Turkish
11370,1971-09-06,11370,11370,Prefer not to say,English
11371,1996-04-21,11371,11371,Non-binary,French
11372,1962-07-20,11372,11372,Non-binary,Spanish
11373,1965-04-08,11373,11373,Prefer not to say,Italian
11374,1977-05-16,11374,11374,Prefer not to say,Japanese
11375,1973-03-02,11375,11375,Prefer not to say,Korean
11376,1990-03-11,11376,11376,Female,English
11377,1996-04-05,11377,11377,Non-binary,Italian
11378,1986-05-28,11378,11378,Male,Vietnamese
11379,1964-12-17,11379,11379,Female,Italian
11380,1968-05-02,11380,11380,Non-binary,Italian
11381,1976-06-06,11381,11381,Prefer not to say,Spanish
11382,2000-05-14,11382,11382,Prefer not to say,Dutch
11383,1992-09-13,11383,11383,Non-binary,English
11384,1991-11-12,11384,11384,Female,Greek
11385,1977-03-04,11385,11385,Female,Korean
11386,1988-09-04,11386,11386,Non-binary,Turkish
11387,1974-07-31,11387,11387,Male,Korean
11388,1982-02-24,11388,11388,Non-binary,Arabic
11389,1979-07-30,11389,11389,Non-binary,Greek
11390,1991-02-15,11390,11390,Female,German
11391,1968-08-23,11391,11391,Female,Vietnamese
11392,1983-05-03,11392,11392,Male,Portuguese
11393,1970-11-14,11393,11393,Non-binary,Romanian
11394,1993-09-04,11394,11394,Female,Japanese
11395,1963-04-27,11395,11395,Prefer not to say,Dutch
11396,1961-01-31,11396,11396,Male,Romanian
11397,1969-10-08,11397,11397,Prefer not to say,German
11398,1965-02-20,11398,11398,Non-binary,Portuguese
11399,1966-06-02,11399,11399,Male,Mandarin
11400,1969-04-01,11400,11400,Prefer not to say,Arabic
11401,1993-03-20,11401,11401,Male,Polish
11402,1990-01-09,11402,11402,Female,Japanese
11403,1981-04-20,11403,11403,Non-binary,Swedish
11404,1990-01-26,11404,11404,Prefer not to say,Japanese
11405,1978-07-28,11405,11405,Prefer not to say,Mandarin
11406,1965-07-25,11406,11406,Female,Hindi
11407,1991-10-22,11407,11407,Non-binary,English
11408,1962-12-14,11408,11408,Prefer not to say,Hindi
11409,1973-01-19,11409,11409,Male,Swedish
11410,1961-08-02,11410,11410,Female,French
11411,1983-11-15,11411,11411,Prefer not to say,Italian
11412,1989-01-27,11412,11412,Non-binary,Greek
11413,1984-12-05,11413,11413,Male,Turkish
11414,1999-06-19,11414,11414,Non-binary,Thai
11415,1974-02-03,11415,11415,Non-binary,Hindi
11416,1961-11-30,11416,11416,Male,Swedish
11417,1991-05-22,11417,11417,Female,Portuguese
11418,1990-09-27,11418,11418,Female,Polish
11419,1990-08-11,11419,11419,Non-binary,English
11420,1980-02-27,11420,11420,Non-binary,Vietnamese
11421,1984-11-23,11421,11421,Female,Romanian
11422,1964-07-25,11422,11422,Non-binary,Arabic
11423,1997-09-01,11423,11423,Female,Arabic
11424,1972-05-02,11424,11424,Prefer not to say,Portuguese
11425,1970-12-17,11425,11425,Male,Russian
11426,1973-08-16,11426,11426,Prefer not to say,Japanese
11427,1973-06-09,11427,11427,Male,German
11428,1978-07-03,11428,11428,Prefer not to say,German
11429,1987-06-05,11429,11429,Non-binary,Hindi
11430,1987-03-04,11430,11430,Male,Russian
11431,1995-09-15,11431,11431,Non-binary,Mandarin
11432,1966-07-16,11432,11432,Male,Vietnamese
11433,1974-05-13,11433,11433,Male,Japanese
11434,1978-03-06,11434,11434,Male,Turkish
11435,1961-06-28,11435,11435,Non-binary,Swedish
11436,1975-09-21,11436,11436,Non-binary,Russian
11437,1999-05-01,11437,11437,Female,French
11438,1981-01-28,11438,11438,Male,Spanish
11439,1997-02-13,11439,11439,Male,Polish
11440,1976-03-14,11440,11440,Non-binary,Hindi
11441,1987-05-17,11441,11441,Non-binary,Romanian
11442,1986-03-18,11442,11442,Non-binary,Hindi
11443,1995-01-26,11443,11443,Female,Spanish
11444,1977-08-24,11444,11444,Prefer not to say,English
11445,1982-09-27,11445,11445,Male,Italian
11446,1985-09-06,11446,11446,Female,Spanish
11447,1981-12-27,11447,11447,Male,Italian
11448,1975-02-15,11448,11448,Non-binary,Russian
11449,1975-04-20,11449,11449,Male,Polish
11450,1992-12-31,11450,11450,Male,German
11451,1987-12-21,11451,11451,Non-binary,Italian
11452,1981-07-28,11452,11452,Male,Thai
11453,1970-04-28,11453,11453,Prefer not to say,Arabic
11454,1997-09-18,11454,11454,Male,Russian
11455,1964-05-19,11455,11455,Prefer not to say,Swedish
11456,1972-04-20,11456,11456,Non-binary,Korean
11457,1971-12-07,11457,11457,Prefer not to say,Thai
11458,1991-02-01,11458,11458,Male,Italian
11459,1989-05-12,11459,11459,Female,Portuguese
11460,1975-03-26,11460,11460,Non-binary,Italian
11461,1970-04-30,11461,11461,Female,Portuguese
11462,1996-03-09,11462,11462,Male,Italian
11463,1983-07-09,11463,11463,Male,Swedish
11464,1998-05-28,11464,11464,Female,Spanish
11465,1980-07-12,11465,11465,Prefer not to say,German
11466,1971-05-19,11466,11466,Female,Italian
11467,1969-06-06,11467,11467,Prefer not to say,Spanish
11468,1969-04-18,11468,11468,Non-binary,Swedish
11469,1969-07-01,11469,11469,Prefer not to say,Dutch
11470,1964-06-22,11470,11470,Prefer not to say,Italian
11471,1999-06-27,11471,11471,Non-binary,Korean
11472,1962-01-31,11472,11472,Non-binary,Swedish
11473,1979-07-19,11473,11473,Non-binary,Turkish
11474,1989-01-24,11474,11474,Female,Spanish
11475,1966-10-14,11475,11475,Prefer not to say,Italian
11476,1982-12-22,11476,11476,Male,Romanian
11477,1960-02-04,11477,11477,Male,Vietnamese
11478,1991-02-14,11478,11478,Female,French
11479,1995-03-18,11479,11479,Female,Dutch
11480,1963-11-04,11480,11480,Prefer not to say,Vietnamese
11481,1991-05-01,11481,11481,Female,Dutch
11482,1981-03-12,11482,11482,Male,Arabic
11483,1972-08-15,11483,11483,Non-binary,Greek
11484,1992-06-02,11484,11484,Prefer not to say,French
11485,1987-12-05,11485,11485,Female,Spanish
11486,1982-01-01,11486,11486,Non-binary,Portuguese
11487,1970-08-18,11487,11487,Prefer not to say,English
11488,1985-05-18,11488,11488,Non-binary,Mandarin
11489,1970-10-27,11489,11489,Male,Portuguese
11490,1973-10-29,11490,11490,Prefer not to say,Turkish
11491,1991-06-04,11491,11491,Female,Turkish
11492,1982-12-04,11492,11492,Male,Polish
11493,1998-08-21,11493,11493,Non-binary,Spanish
11494,1992-07-23,11494,11494,Non-binary,Arabic
11495,1982-11-18,11495,11495,Prefer not to say,English
11496,1988-12-07,11496,11496,Female,Arabic
11497,1965-03-16,11497,11497,Prefer not to say,Vietnamese
11498,1960-06-28,11498,11498,Male,Dutch
11499,1975-07-31,11499,11499,Male,French
11500,1996-03-23,11500,11500,Female,Italian
11501,1987-08-20,11501,11501,Female,Russian
11502,1979-01-21,11502,11502,Prefer not to say,French
11503,1980-12-31,11503,11503,Female,Vietnamese
11504,1998-04-22,11504,11504,Male,Hindi
11505,1985-06-19,11505,11505,Male,Spanish
11506,1971-10-06,11506,11506,Non-binary,Thai
11507,1975-11-23,11507,11507,Female,Russian
11508,1999-03-01,11508,11508,Female,German
11509,1988-05-09,11509,11509,Male,Portuguese
11510,1993-10-22,11510,11510,Female,Thai
11511,1967-01-31,11511,11511,Non-binary,Portuguese
11512,1983-10-06,11512,11512,Female,Italian
11513,1963-12-24,11513,11513,Non-binary,Romanian
11514,1963-07-09,11514,11514,Female,Italian
11515,1991-05-19,11515,11515,Female,Spanish
11516,1963-07-15,11516,11516,Non-binary,Japanese
11517,1989-06-22,11517,11517,Prefer not to say,Arabic
11518,1980-04-07,11518,11518,Prefer not to say,Hindi
11519,1972-04-11,11519,11519,Non-binary,French
11520,1981-05-08,11520,11520,Non-binary,Greek
11521,1996-04-16,11521,11521,Female,Russian
11522,1995-02-17,11522,11522,Female,Korean
11523,1977-05-24,11523,11523,Female,Portuguese
11524,1991-05-06,11524,11524,Prefer not to say,Spanish
11525,1998-01-03,11525,11525,Male,Polish
11526,1971-01-23,11526,11526,Male,German
11527,1991-02-11,11527,11527,Prefer not to say,Italian
11528,1983-09-05,11528,11528,Female,Swedish
11529,1973-01-27,11529,11529,Male,Russian
11530,1979-01-20,11530,11530,Prefer not to say,Japanese
11531,1961-07-25,11531,11531,Non-binary,Arabic
11532,1966-02-05,11532,11532,Female,Thai
11533,1965-10-10,11533,11533,Prefer not to say,German
11534,1972-03-30,11534,11534,Female,Turkish
11535,1995-05-16,11535,11535,Male,Japanese
11536,1981-09-24,11536,11536,Non-binary,Romanian
11537,1997-09-30,11537,11537,Non-binary,Russian
11538,1997-11-16,11538,11538,Female,Turkish
11539,1992-04-27,11539,11539,Prefer not to say,German
11540,1997-05-17,11540,11540,Female,Mandarin
11541,1971-03-26,11541,11541,Female,German
11542,1974-11-27,11542,11542,Female,Italian
11543,1968-01-24,11543,11543,Non-binary,English
11544,1993-01-03,11544,11544,Prefer not to say,Portuguese
11545,1988-08-23,11545,11545,Prefer not to say,Thai
11546,1980-02-11,11546,11546,Non-binary,Vietnamese
11547,1980-11-04,11547,11547,Male,Korean
11548,1993-09-11,11548,11548,Male,Korean
11549,1973-07-24,11549,11549,Female,Romanian
11550,1972-03-24,11550,11550,Non-binary,Spanish
11551,1975-12-24,11551,11551,Non-binary,Italian
11552,1987-07-13,11552,11552,Non-binary,Thai
11553,1993-01-25,11553,11553,Male,English
11554,1977-09-25,11554,11554,Non-binary,Portuguese
11555,1991-03-26,11555,11555,Female,German
11556,1969-05-09,11556,11556,Prefer not to say,Italian
11557,1976-09-11,11557,11557,Prefer not to say,Swedish
11558,1988-04-20,11558,11558,Non-binary,Dutch
11559,1988-08-03,11559,11559,Female,Italian
11560,1963-02-28,11560,11560,Non-binary,Dutch
11561,1971-03-28,11561,11561,Female,German
11562,1963-11-19,11562,11562,Female,Russian
11563,1992-10-06,11563,11563,Female,Dutch
11564,1984-04-14,11564,11564,Prefer not to say,Korean
11565,1971-07-16,11565,11565,Prefer not to say,Vietnamese
11566,1973-10-01,11566,11566,Prefer not to say,German
11567,1972-07-03,11567,11567,Prefer not to say,Spanish
11568,1985-04-18,11568,11568,Female,Korean
11569,1973-11-13,11569,11569,Male,Portuguese
11570,1977-10-23,11570,11570,Prefer not to say,German
11571,1975-07-28,11571,11571,Non-binary,Vietnamese
11572,1994-05-16,11572,11572,Non-binary,Thai
11573,1992-12-26,11573,11573,Male,Hindi
11574,1975-07-28,11574,11574,Female,Dutch
11575,1991-07-23,11575,11575,Male,Thai
11576,1966-04-24,11576,11576,Female,Spanish
11577,1993-06-20,11577,11577,Prefer not to say,Portuguese
11578,1961-08-08,11578,11578,Non-binary,Japanese
11579,1963-07-28,11579,11579,Non-binary,English
11580,1981-01-03,11580,11580,Male,French
11581,1995-06-05,11581,11581,Female,Portuguese
11582,1992-02-23,11582,11582,Female,Russian
11583,1968-04-18,11583,11583,Prefer not to say,Swedish
11584,1962-07-04,11584,11584,Female,German
11585,1990-11-08,11585,11585,Female,Greek
11586,1961-05-20,11586,11586,Prefer not to say,Portuguese
11587,1980-12-01,11587,11587,Non-binary,Arabic
11588,1971-06-18,11588,11588,Non-binary,Korean
11589,1982-06-25,11589,11589,Female,Swedish
11590,1971-06-01,11590,11590,Male,Mandarin
11591,1968-06-14,11591,11591,Female,Mandarin
11592,1970-07-22,11592,11592,Prefer not to say,German
11593,1995-02-21,11593,11593,Male,Turkish
11594,1993-08-30,11594,11594,Prefer not to say,Mandarin
11595,1986-12-08,11595,11595,Prefer not to say,Italian
11596,1970-07-02,11596,11596,Female,Polish
11597,1996-05-20,11597,11597,Non-binary,Thai
11598,1994-07-23,11598,11598,Male,Swedish
11599,1967-08-25,11599,11599,Non-binary,Thai
11600,1966-03-01,11600,11600,Male,Italian
11601,1972-05-17,11601,11601,Non-binary,Spanish
11602,1984-04-08,11602,11602,Male,Greek
11603,1978-02-10,11603,11603,Male,German
11604,1993-12-04,11604,11604,Male,Portuguese
11605,1993-09-16,11605,11605,Prefer not to say,Polish
11606,1966-05-16,11606,11606,Prefer not to say,Swedish
11607,1967-08-29,11607,11607,Male,Italian
11608,1966-10-13,11608,11608,Male,Turkish
11609,1978-04-23,11609,11609,Female,Polish
11610,1963-05-30,11610,11610,Non-binary,Mandarin
11611,1963-07-28,11611,11611,Male,Italian
11612,1987-11-05,11612,11612,Prefer not to say,Japanese
11613,1966-03-20,11613,11613,Male,Mandarin
11614,1985-05-09,11614,11614,Prefer not to say,Hindi
11615,1981-01-08,11615,11615,Male,Hindi
11616,1968-12-20,11616,11616,Prefer not to say,Romanian
11617,1987-11-16,11617,11617,Female,Romanian
11618,2000-01-29,11618,11618,Non-binary,Korean
11619,1963-10-06,11619,11619,Prefer not to say,Japanese
11620,1984-10-16,11620,11620,Male,Thai
11621,1984-10-19,11621,11621,Non-binary,Dutch
11622,1966-06-27,11622,11622,Male,Russian
11623,1999-03-18,11623,11623,Prefer not to say,Polish
11624,1990-09-05,11624,11624,Male,Swedish
11625,1995-02-18,11625,11625,Non-binary,Swedish
11626,1970-07-30,11626,11626,Prefer not to say,English
11627,1964-01-08,11627,11627,Prefer not to say,German
11628,1978-01-15,11628,11628,Male,Thai
11629,1976-01-02,11629,11629,Male,Italian
11630,1960-05-29,11630,11630,Non-binary,Italian
11631,1982-12-27,11631,11631,Male,Portuguese
11632,1979-06-28,11632,11632,Prefer not to say,Turkish
11633,1989-08-09,11633,11633,Male,Spanish
11634,1974-05-21,11634,11634,Female,Polish
11635,1996-01-27,11635,11635,Female,Thai
11636,1971-05-21,11636,11636,Female,Dutch
11637,1972-11-04,11637,11637,Male,French
11638,1973-06-23,11638,11638,Female,Turkish
11639,1991-11-30,11639,11639,Male,Arabic
11640,1965-06-23,11640,11640,Non-binary,Portuguese
11641,1988-04-30,11641,11641,Non-binary,Greek
11642,1974-12-16,11642,11642,Non-binary,Russian
11643,1980-06-10,11643,11643,Prefer not to say,French
11644,1968-04-06,11644,11644,Male,Swedish
11645,1980-05-12,11645,11645,Non-binary,Portuguese
11646,1960-07-27,11646,11646,Female,Swedish
11647,1991-03-19,11647,11647,Female,Thai
11648,1965-05-16,11648,11648,Male,Hindi
11649,1975-12-21,11649,11649,Female,Greek
11650,1992-01-20,11650,11650,Male,Vietnamese
11651,1996-11-10,11651,11651,Non-binary,Vietnamese
11652,1994-04-26,11652,11652,Non-binary,Korean
11653,1981-05-21,11653,11653,Male,Hindi
11654,1982-04-20,11654,11654,Female,French
11655,1968-10-16,11655,11655,Prefer not to say,Mandarin
11656,1968-09-22,11656,11656,Prefer not to say,Arabic
11657,1995-01-14,11657,11657,Male,Italian
11658,1972-08-29,11658,11658,Female,Portuguese
11659,1975-09-05,11659,11659,Female,Mandarin
11660,1987-01-17,11660,11660,Prefer not to say,Italian
11661,1980-09-12,11661,11661,Prefer not to say,Romanian
11662,1994-06-18,11662,11662,Female,Greek
11663,1976-06-26,11663,11663,Prefer not to say,Romanian
11664,1994-06-05,11664,11664,Female,Russian
11665,1972-04-01,11665,11665,Female,Mandarin
11666,1989-06-20,11666,11666,Male,Polish
11667,1985-04-18,11667,11667,Female,Vietnamese
11668,1964-09-17,11668,11668,Prefer not to say,Swedish
11669,1975-07-13,11669,11669,Prefer not to say,Turkish
11670,1996-10-28,11670,11670,Male,German
11671,1969-03-07,11671,11671,Prefer not to say,Russian
11672,1969-12-24,11672,11672,Non-binary,Polish
11673,1962-11-12,11673,11673,Female,German
11674,1964-11-05,11674,11674,Non-binary,English
11675,1976-01-16,11675,11675,Non-binary,English
11676,1987-07-24,11676,11676,Male,Korean
11677,1986-03-14,11677,11677,Female,Korean
11678,1980-11-16,11678,11678,Prefer not to say,Spanish
11679,1968-05-17,11679,11679,Non-binary,English
11680,1976-10-30,11680,11680,Male,French
11681,1998-08-03,11681,11681,Prefer not to say,Hindi
11682,1975-09-21,11682,11682,Female,Italian
11683,1964-03-27,11683,11683,Non-binary,Dutch
11684,1961-05-30,11684,11684,Prefer not to say,Greek
11685,1994-10-12,11685,11685,Prefer not to say,German
11686,1966-12-05,11686,11686,Non-binary,Spanish
11687,1987-06-28,11687,11687,Female,Mandarin
11688,1976-07-13,11688,11688,Prefer not to say,Dutch
11689,2000-06-26,11689,11689,Non-binary,Portuguese
11690,1980-02-15,11690,11690,Male,Italian
11691,1971-03-16,11691,11691,Prefer not to say,Turkish
11692,1961-09-23,11692,11692,Non-binary,Russian
11693,1985-10-23,11693,11693,Non-binary,Turkish
11694,1977-01-13,11694,11694,Male,Polish
11695,1971-03-28,11695,11695,Female,Turkish
11696,1977-02-04,11696,11696,Female,Spanish
11697,1993-08-09,11697,11697,Non-binary,Romanian
11698,1986-10-03,11698,11698,Non-binary,Spanish
11699,2000-08-08,11699,11699,Prefer not to say,Spanish
11700,1991-06-20,11700,11700,Female,Romanian
11701,1983-05-30,11701,11701,Prefer not to say,Mandarin
11702,1984-05-22,11702,11702,Female,Vietnamese
11703,1995-06-05,11703,11703,Male,Russian
11704,1968-06-10,11704,11704,Non-binary,Russian
11705,1974-11-29,11705,11705,Female,Hindi
11706,1980-06-08,11706,11706,Male,Portuguese
11707,1983-05-08,11707,11707,Male,French
11708,2000-03-29,11708,11708,Prefer not to say,Italian
11709,1961-11-23,11709,11709,Male,French
11710,1979-08-26,11710,11710,Female,Greek
11711,1961-11-13,11711,11711,Male,Vietnamese
11712,1998-02-14,11712,11712,Non-binary,Japanese
11713,1995-10-04,11713,11713,Prefer not to say,Polish
11714,1976-12-13,11714,11714,Prefer not to say,Thai
11715,1982-12-05,11715,11715,Non-binary,Vietnamese
11716,1972-03-12,11716,11716,Prefer not to say,Japanese
11717,1994-01-13,11717,11717,Prefer not to say,Mandarin
11718,1990-04-29,11718,11718,Non-binary,English
11719,1962-11-07,11719,11719,Female,Korean
11720,1971-01-25,11720,11720,Non-binary,Japanese
11721,1998-03-21,11721,11721,Female,Spanish
11722,1997-02-05,11722,11722,Non-binary,German
11723,1995-01-17,11723,11723,Prefer not to say,Polish
11724,1979-07-14,11724,11724,Non-binary,Turkish
11725,1982-01-17,11725,11725,Prefer not to say,Arabic
11726,1962-05-02,11726,11726,Male,Swedish
11727,1973-08-19,11727,11727,Male,English
11728,1984-03-09,11728,11728,Male,Japanese
11729,1981-08-18,11729,11729,Prefer not to say,Thai
11730,1983-05-05,11730,11730,Male,Thai
11731,1990-01-06,11731,11731,Female,Vietnamese
11732,1982-11-30,11732,11732,Male,Swedish
11733,1976-11-21,11733,11733,Male,French
11734,1973-12-22,11734,11734,Prefer not to say,French
11735,1983-01-19,11735,11735,Non-binary,Thai
11736,1985-10-18,11736,11736,Male,Turkish
11737,1994-05-13,11737,11737,Male,Arabic
11738,1960-07-27,11738,11738,Male,English
11739,1960-03-08,11739,11739,Male,Hindi
11740,1988-08-09,11740,11740,Prefer not to say,English
11741,1965-02-22,11741,11741,Prefer not to say,Swedish
11742,1988-05-24,11742,11742,Female,Spanish
11743,1992-05-11,11743,11743,Prefer not to say,Dutch
11744,1980-04-10,11744,11744,Non-binary,Mandarin
11745,1994-02-03,11745,11745,Female,Japanese
11746,1994-08-26,11746,11746,Male,Russian
11747,1968-05-25,11747,11747,Female,Swedish
11748,1994-07-26,11748,11748,Female,German
11749,1999-04-15,11749,11749,Male,Korean
11750,1962-10-14,11750,11750,Female,Greek
11751,1998-12-31,11751,11751,Non-binary,Portuguese
11752,1984-05-04,11752,11752,Male,German
11753,1996-04-09,11753,11753,Prefer not to say,Turkish
11754,1988-11-16,11754,11754,Non-binary,Spanish
11755,1990-07-15,11755,11755,Prefer not to say,Dutch
11756,1999-01-21,11756,11756,Prefer not to say,Italian
11757,1991-03-18,11757,11757,Prefer not to say,Polish
11758,1987-08-25,11758,11758,Female,English
11759,1993-07-28,11759,11759,Prefer not to say,French
11760,1961-09-24,11760,11760,Male,Mandarin
11761,1979-07-03,11761,11761,Female,Swedish
11762,1993-05-12,11762,11762,Female,Mandarin
11763,1987-12-08,11763,11763,Non-binary,Vietnamese
11764,1966-07-24,11764,11764,Prefer not to say,Greek
11765,1982-04-25,11765,11765,Prefer not to say,Turkish
11766,1986-11-03,11766,11766,Female,Vietnamese
11767,1963-08-09,11767,11767,Prefer not to say,Dutch
11768,1995-02-12,11768,11768,Prefer not to say,Turkish
11769,1967-04-05,11769,11769,Non-binary,Arabic
11770,1966-01-19,11770,11770,Prefer not to say,Portuguese
11771,1995-08-12,11771,11771,Non-binary,Turkish
11772,1973-10-14,11772,11772,Female,French
11773,1994-07-16,11773,11773,Non-binary,Dutch
11774,1997-01-08,11774,11774,Prefer not to say,French
11775,1992-04-26,11775,11775,Male,Russian
11776,1982-05-14,11776,11776,Female,Thai
11777,1962-10-11,11777,11777,Male,Greek
11778,1971-10-03,11778,11778,Prefer not to say,Thai
11779,1960-09-10,11779,11779,Prefer not to say,Spanish
11780,1986-12-30,11780,11780,Female,Portuguese
11781,1961-01-14,11781,11781,Female,Russian
11782,1978-09-11,11782,11782,Male,French
11783,1990-06-27,11783,11783,Female,Arabic
11784,1982-05-06,11784,11784,Male,Turkish
11785,1969-12-23,11785,11785,Prefer not to say,Vietnamese
11786,1973-04-03,11786,11786,Male,Polish
11787,1970-03-24,11787,11787,Female,Russian
11788,1990-06-15,11788,11788,Non-binary,Romanian
11789,1961-03-28,11789,11789,Female,Turkish
11790,1998-05-03,11790,11790,Prefer not to say,Portuguese
11791,1997-02-06,11791,11791,Female,Thai
11792,1983-03-02,11792,11792,Prefer not to say,Spanish
11793,1977-08-06,11793,11793,Prefer not to say,Italian
11794,1969-01-12,11794,11794,Prefer not to say,Turkish
11795,1994-09-10,11795,11795,Female,Greek
11796,2000-06-18,11796,11796,Non-binary,Spanish
11797,1971-06-05,11797,11797,Male,Greek
11798,1977-12-25,11798,11798,Non-binary,German
11799,1997-11-03,11799,11799,Prefer not to say,Polish
11800,1994-07-11,11800,11800,Prefer not to say,Spanish
11801,1998-01-18,11801,11801,Prefer not to say,Polish
11802,1997-05-14,11802,11802,Male,Polish
11803,1980-03-27,11803,11803,Prefer not to say,Russian
11804,1980-04-27,11804,11804,Prefer not to say,Hindi
11805,1992-10-12,11805,11805,Male,French
11806,1993-02-06,11806,11806,Non-binary,English
11807,1978-09-02,11807,11807,Prefer not to say,French
11808,1974-04-15,11808,11808,Male,Korean
11809,1979-06-14,11809,11809,Female,French
11810,1974-12-11,11810,11810,Prefer not to say,Japanese
11811,1971-01-13,11811,11811,Non-binary,Korean
11812,1989-07-05,11812,11812,Female,Greek
11813,1960-04-25,11813,11813,Male,Swedish
11814,1993-01-30,11814,11814,Non-binary,English
11815,1969-06-18,11815,11815,Non-binary,Japanese
11816,1967-12-10,11816,11816,Male,Russian
11817,1978-04-03,11817,11817,Non-binary,German
11818,1992-05-05,11818,11818,Non-binary,Korean
11819,1969-06-16,11819,11819,Prefer not to say,Mandarin
11820,1992-12-26,11820,11820,Male,Italian
11821,1987-05-28,11821,11821,Non-binary,German
11822,1986-04-13,11822,11822,Prefer not to say,Mandarin
11823,1976-05-12,11823,11823,Prefer not to say,Turkish
11824,1964-02-16,11824,11824,Prefer not to say,Portuguese
11825,1968-04-08,11825,11825,Prefer not to say,Greek
11826,1978-03-30,11826,11826,Male,Russian
11827,1964-02-16,11827,11827,Male,Hindi
11828,1961-03-03,11828,11828,Male,Greek
11829,1999-11-10,11829,11829,Prefer not to say,Romanian
11830,1977-12-10,11830,11830,Male,Japanese
11831,1982-01-06,11831,11831,Prefer not to say,Portuguese
11832,1989-01-19,11832,11832,Female,Russian
11833,1964-07-29,11833,11833,Prefer not to say,Hindi
11834,1978-05-17,11834,11834,Prefer not to say,Swedish
11835,1995-10-18,11835,11835,Prefer not to say,Japanese
11836,1973-02-01,11836,11836,Non-binary,Hindi
11837,1991-09-12,11837,11837,Prefer not to say,Vietnamese
11838,2000-11-22,11838,11838,Non-binary,Mandarin
11839,1993-09-22,11839,11839,Prefer not to say,Swedish
11840,1968-05-19,11840,11840,Female,Romanian
11841,1980-09-12,11841,11841,Prefer not to say,Vietnamese
11842,1978-08-10,11842,11842,Female,Korean
11843,1993-03-12,11843,11843,Male,Mandarin
11844,1962-09-02,11844,11844,Male,Portuguese
11845,1999-08-01,11845,11845,Non-binary,Spanish
11846,1965-09-22,11846,11846,Female,Japanese
11847,1978-04-20,11847,11847,Male,Thai
11848,1996-09-22,11848,11848,Female,Japanese
11849,1964-08-23,11849,11849,Prefer not to say,French
11850,1961-05-30,11850,11850,Non-binary,Romanian
11851,1988-07-29,11851,11851,Male,Swedish
11852,1982-08-21,11852,11852,Prefer not to say,Japanese
11853,1997-12-19,11853,11853,Male,Turkish
11854,1984-01-16,11854,11854,Male,Vietnamese
11855,1969-04-29,11855,11855,Female,Polish
11856,1963-12-24,11856,11856,Prefer not to say,Spanish
11857,1985-09-24,11857,11857,Male,Spanish
11858,1965-03-20,11858,11858,Non-binary,Greek
11859,1969-02-19,11859,11859,Non-binary,Mandarin
11860,1973-05-10,11860,11860,Female,Vietnamese
11861,1993-05-15,11861,11861,Prefer not to say,Spanish
11862,1995-10-16,11862,11862,Male,Japanese
11863,1993-10-05,11863,11863,Female,Vietnamese
11864,1991-02-23,11864,11864,Female,Mandarin
11865,1992-02-20,11865,11865,Female,Greek
11866,1967-12-16,11866,11866,Non-binary,Thai
11867,1964-12-18,11867,11867,Female,Turkish
11868,1998-06-21,11868,11868,Male,Italian
11869,1994-06-02,11869,11869,Female,Spanish
11870,1984-02-29,11870,11870,Female,Dutch
11871,1996-07-13,11871,11871,Male,Italian
11872,1969-07-07,11872,11872,Female,Spanish
11873,2000-02-26,11873,11873,Prefer not to say,Spanish
11874,1964-08-01,11874,11874,Female,Dutch
11875,1983-12-19,11875,11875,Male,Polish
11876,1973-10-12,11876,11876,Prefer not to say,Romanian
11877,1992-02-23,11877,11877,Prefer not to say,Thai
11878,1980-06-14,11878,11878,Prefer not to say,Vietnamese
11879,1978-04-20,11879,11879,Non-binary,French
11880,1980-12-04,11880,11880,Female,French
11881,1981-04-29,11881,11881,Prefer not to say,Spanish
11882,1986-12-05,11882,11882,Male,French
11883,2000-05-13,11883,11883,Female,Portuguese
11884,1962-04-21,11884,11884,Prefer not to say,Greek
11885,1988-08-27,11885,11885,Non-binary,Swedish
11886,2000-08-17,11886,11886,Female,Turkish
11887,1964-09-18,11887,11887,Prefer not to say,Thai
11888,1964-11-04,11888,11888,Prefer not to say,Portuguese
11889,1985-03-20,11889,11889,Prefer not to say,Swedish
11890,1967-03-01,11890,11890,Prefer not to say,Greek
11891,1968-07-08,11891,11891,Female,Mandarin
11892,1994-09-13,11892,11892,Prefer not to say,Thai
11893,1981-08-01,11893,11893,Non-binary,Romanian
11894,1993-07-20,11894,11894,Prefer not to say,German
11895,1986-07-26,11895,11895,Male,Italian
11896,1984-12-07,11896,11896,Non-binary,Korean
11897,2000-05-12,11897,11897,Non-binary,Portuguese
11898,1963-04-02,11898,11898,Non-binary,Polish
11899,1965-09-26,11899,11899,Prefer not to say,French
11900,1979-11-03,11900,11900,Prefer not to say,Dutch
11901,1986-08-04,11901,11901,Non-binary,Polish
11902,1983-11-30,11902,11902,Prefer not to say,Japanese
11903,1962-01-16,11903,11903,Prefer not to say,Spanish
11904,1985-08-17,11904,11904,Male,Arabic
11905,1974-02-08,11905,11905,Prefer not to say,Polish
11906,1967-04-20,11906,11906,Non-binary,Hindi
11907,1979-11-26,11907,11907,Female,Thai
11908,1984-05-02,11908,11908,Prefer not to say,English
11909,1986-11-29,11909,11909,Male,Turkish
11910,1995-11-02,11910,11910,Female,Greek
11911,2000-10-08,11911,11911,Female,Portuguese
11912,1984-07-27,11912,11912,Female,Thai
11913,1990-11-24,11913,11913,Female,Polish
11914,1979-06-28,11914,11914,Prefer not to say,Turkish
11915,1988-11-26,11915,11915,Prefer not to say,Hindi
11916,1967-12-06,11916,11916,Female,Hindi
11917,1978-11-18,11917,11917,Prefer not to say,Arabic
11918,1994-10-02,11918,11918,Non-binary,German
11919,1983-12-03,11919,11919,Non-binary,Mandarin
11920,1983-07-28,11920,11920,Prefer not to say,Mandarin
11921,1961-08-30,11921,11921,Prefer not to say,Mandarin
11922,1975-09-26,11922,11922,Female,Dutch
11923,1981-08-12,11923,11923,Non-binary,Romanian
11924,1994-02-12,11924,11924,Non-binary,Polish
11925,1970-04-21,11925,11925,Non-binary,French
11926,1961-10-16,11926,11926,Female,Swedish
11927,1967-01-28,11927,11927,Male,English
11928,1967-12-19,11928,11928,Female,Romanian
11929,1961-06-29,11929,11929,Male,Japanese
11930,1966-03-04,11930,11930,Non-binary,French
11931,1974-03-24,11931,11931,Male,Russian
11932,1991-11-15,11932,11932,Male,Polish
11933,1992-08-25,11933,11933,Prefer not to say,Romanian
11934,1988-08-22,11934,11934,Non-binary,Arabic
11935,1964-08-30,11935,11935,Non-binary,Japanese
11936,1980-02-21,11936,11936,Male,Russian
11937,1984-06-24,11937,11937,Non-binary,Vietnamese
11938,1976-06-17,11938,11938,Prefer not to say,Korean
11939,1984-09-07,11939,11939,Prefer not to say,Korean
11940,1999-11-03,11940,11940,Non-binary,Turkish
11941,1961-05-11,11941,11941,Female,Japanese
11942,1983-10-01,11942,11942,Female,Hindi
11943,1971-03-07,11943,11943,Prefer not to say,Turkish
11944,1967-11-13,11944,11944,Prefer not to say,Greek
11945,1962-05-06,11945,11945,Male,Italian
11946,1993-10-05,11946,11946,Male,Hindi
11947,1986-05-27,11947,11947,Female,Hindi
11948,1981-04-19,11948,11948,Male,Greek
11949,1973-02-09,11949,11949,Male,Turkish
11950,1979-04-10,11950,11950,Prefer not to say,Spanish
11951,1962-01-28,11951,11951,Prefer not to say,Portuguese
11952,1966-02-23,11952,11952,Male,German
11953,1973-10-17,11953,11953,Female,Thai
11954,1987-10-01,11954,11954,Male,French
11955,1997-02-12,11955,11955,Female,Portuguese
11956,1970-04-02,11956,11956,Prefer not to say,Greek
11957,2000-02-25,11957,11957,Male,Portuguese
11958,1977-06-22,11958,11958,Non-binary,Arabic
11959,1986-01-22,11959,11959,Non-binary,English
11960,1967-03-12,11960,11960,Female,Polish
11961,1988-04-16,11961,11961,Non-binary,English
11962,1992-04-25,11962,11962,Female,French
11963,1976-09-02,11963,11963,Non-binary,German
11964,1967-01-05,11964,11964,Male,Vietnamese
11965,1996-03-18,11965,11965,Female,Hindi
11966,1993-07-07,11966,11966,Female,Dutch
11967,1984-02-13,11967,11967,Female,Greek
11968,1962-07-01,11968,11968,Male,Portuguese
11969,1970-02-23,11969,11969,Female,Greek
11970,1969-02-08,11970,11970,Male,Portuguese
11971,1986-03-14,11971,11971,Non-binary,German
11972,1968-03-10,11972,11972,Male,Korean
11973,1971-02-13,11973,11973,Prefer not to say,Arabic
11974,1971-11-06,11974,11974,Non-binary,Spanish
11975,1981-03-02,11975,11975,Prefer not to say,Hindi
11976,1991-06-08,11976,11976,Non-binary,French
11977,1977-02-19,11977,11977,Female,French
11978,1998-04-17,11978,11978,Prefer not to say,Hindi
11979,1965-05-21,11979,11979,Female,Italian
11980,1973-10-26,11980,11980,Male,Turkish
11981,1975-01-12,11981,11981,Male,Spanish
11982,1996-11-08,11982,11982,Male,English
11983,1985-01-24,11983,11983,Prefer not to say,Mandarin
11984,1991-09-15,11984,11984,Female,Romanian
11985,1965-05-31,11985,11985,Male,Arabic
11986,1976-07-17,11986,11986,Prefer not to say,Arabic
11987,1986-11-30,11987,11987,Prefer not to say,Vietnamese
11988,1996-12-25,11988,11988,Female,Romanian
11989,1984-12-04,11989,11989,Female,English
11990,1971-05-27,11990,11990,Male,Thai
11991,1974-06-13,11991,11991,Female,Hindi
11992,1965-07-09,11992,11992,Female,Japanese
11993,1991-12-31,11993,11993,Non-binary,Japanese
11994,2000-04-04,11994,11994,Male,English
11995,1961-04-22,11995,11995,Non-binary,Russian
11996,1999-06-11,11996,11996,Male,Dutch
11997,1979-03-21,11997,11997,Prefer not to say,Portuguese
11998,1979-06-18,11998,11998,Female,Hindi
11999,1990-02-01,11999,11999,Male,French
12000,1988-10-01,12000,12000,Prefer not to say,Romanian
12001,1988-05-16,12001,12001,Non-binary,Vietnamese
12002,1982-10-11,12002,12002,Non-binary,Hindi
12003,1973-07-28,12003,12003,Male,German
12004,1981-12-22,12004,12004,Male,Mandarin
12005,1978-10-14,12005,12005,Male,German
12006,1972-01-11,12006,12006,Female,Hindi
12007,1981-07-01,12007,12007,Male,English
12008,1993-08-17,12008,12008,Prefer not to say,Polish
12009,1988-10-25,12009,12009,Female,French
12010,2000-11-28,12010,12010,Prefer not to say,Romanian
12011,1984-08-04,12011,12011,Prefer not to say,Greek
12012,1966-02-25,12012,12012,Male,Korean
12013,1962-07-05,12013,12013,Non-binary,English
12014,1995-03-12,12014,12014,Male,Vietnamese
12015,1971-08-23,12015,12015,Female,Portuguese
12016,1969-08-09,12016,12016,Male,Russian
12017,1985-08-03,12017,12017,Female,French
12018,1969-07-09,12018,12018,Prefer not to say,Portuguese
12019,2000-10-22,12019,12019,Female,Vietnamese
12020,1974-04-15,12020,12020,Male,Arabic
12021,1989-05-28,12021,12021,Prefer not to say,Greek
12022,1992-01-29,12022,12022,Non-binary,English
12023,1983-02-20,12023,12023,Non-binary,Hindi
12024,1982-10-04,12024,12024,Male,Turkish
12025,1970-02-01,12025,12025,Non-binary,Swedish
12026,1990-06-09,12026,12026,Male,Arabic
12027,2000-02-10,12027,12027,Female,Romanian
12028,1997-02-17,12028,12028,Non-binary,Dutch
12029,1963-10-02,12029,12029,Male,Japanese
12030,1981-05-27,12030,12030,Prefer not to say,Turkish
12031,1974-08-25,12031,12031,Male,Japanese
12032,1986-03-19,12032,12032,Prefer not to say,Portuguese
12033,1970-05-24,12033,12033,Female,Greek
12034,1984-06-01,12034,12034,Prefer not to say,Swedish
12035,1966-05-18,12035,12035,Male,Mandarin
12036,1994-08-15,12036,12036,Male,Arabic
12037,1968-06-19,12037,12037,Male,Arabic
12038,1968-07-15,12038,12038,Non-binary,Korean
12039,1974-12-30,12039,12039,Male,Swedish
12040,1997-02-05,12040,12040,Non-binary,Dutch
12041,1972-04-13,12041,12041,Prefer not to say,Portuguese
12042,1966-09-26,12042,12042,Prefer not to say,German
12043,1974-11-22,12043,12043,Male,Polish
12044,1983-01-26,12044,12044,Non-binary,Greek
12045,1977-09-19,12045,12045,Male,Dutch
12046,1973-12-20,12046,12046,Male,Hindi
12047,1983-07-26,12047,12047,Prefer not to say,Spanish
12048,1965-07-30,12048,12048,Male,Portuguese
12049,1970-06-29,12049,12049,Male,Swedish
12050,1996-10-21,12050,12050,Female,Russian
12051,1964-10-10,12051,12051,Female,Dutch
12052,1976-06-08,12052,12052,Non-binary,Vietnamese
12053,1972-10-25,12053,12053,Non-binary,French
12054,1972-02-22,12054,12054,Prefer not to say,Italian
12055,1975-08-30,12055,12055,Female,Italian
12056,1963-03-27,12056,12056,Prefer not to say,Mandarin
12057,1973-11-15,12057,12057,Non-binary,Portuguese
12058,1965-02-21,12058,12058,Non-binary,German
12059,1968-08-06,12059,12059,Female,Swedish
12060,1982-10-13,12060,12060,Prefer not to say,Mandarin
12061,1975-05-14,12061,12061,Male,Romanian
12062,1998-09-06,12062,12062,Female,Russian
12063,1993-09-29,12063,12063,Non-binary,Turkish
12064,1998-07-09,12064,12064,Female,Turkish
12065,1988-10-01,12065,12065,Prefer not to say,Greek
12066,1971-05-20,12066,12066,Non-binary,Hindi
12067,1964-11-03,12067,12067,Male,Portuguese
12068,1979-11-07,12068,12068,Prefer not to say,Thai
12069,1976-04-23,12069,12069,Non-binary,Turkish
12070,1978-04-24,12070,12070,Male,Dutch
12071,1974-11-21,12071,12071,Female,Greek
12072,1974-10-11,12072,12072,Female,Japanese
12073,1998-04-29,12073,12073,Female,Arabic
12074,1966-02-12,12074,12074,Male,Japanese
12075,1981-01-20,12075,12075,Male,Arabic
12076,1987-07-26,12076,12076,Non-binary,English
12077,1973-11-08,12077,12077,Non-binary,Turkish
12078,1980-01-23,12078,12078,Prefer not to say,English
12079,1976-04-28,12079,12079,Non-binary,Polish
12080,1960-05-13,12080,12080,Male,French
12081,1981-10-10,12081,12081,Female,Japanese
12082,1975-01-10,12082,12082,Female,English
12083,1974-11-07,12083,12083,Non-binary,Vietnamese
12084,1980-06-21,12084,12084,Male,Turkish
12085,1984-09-26,12085,12085,Non-binary,Portuguese
12086,1995-02-27,12086,12086,Male,Japanese
12087,1961-08-15,12087,12087,Prefer not to say,French
12088,1989-10-26,12088,12088,Non-binary,English
12089,1999-10-14,12089,12089,Non-binary,Italian
12090,1973-09-11,12090,12090,Prefer not to say,Hindi
12091,1998-07-18,12091,12091,Prefer not to say,German
12092,1964-08-16,12092,12092,Prefer not to say,English
12093,1964-04-07,12093,12093,Non-binary,Spanish
12094,1997-11-10,12094,12094,Female,Greek
12095,1984-08-05,12095,12095,Male,Mandarin
12096,1965-01-30,12096,12096,Non-binary,English
12097,1987-01-30,12097,12097,Male,Polish
12098,1985-06-05,12098,12098,Non-binary,Vietnamese
12099,1980-12-09,12099,12099,Male,Vietnamese
12100,1979-07-27,12100,12100,Male,Spanish
12101,1964-07-11,12101,12101,Female,Korean
12102,1998-12-21,12102,12102,Female,Hindi
12103,1981-09-25,12103,12103,Prefer not to say,Russian
12104,1997-04-21,12104,12104,Male,Turkish
12105,1965-07-03,12105,12105,Female,Polish
12106,1982-08-01,12106,12106,Female,Swedish
12107,1992-03-30,12107,12107,Male,Korean
12108,1999-12-22,12108,12108,Prefer not to say,Russian
12109,1978-04-26,12109,12109,Non-binary,Spanish
12110,1999-12-26,12110,12110,Non-binary,Mandarin
12111,1984-09-20,12111,12111,Female,Swedish
12112,1973-08-31,12112,12112,Non-binary,Dutch
12113,1994-09-24,12113,12113,Prefer not to say,Polish
12114,1989-06-04,12114,12114,Non-binary,Japanese
12115,1996-01-16,12115,12115,Prefer not to say,Mandarin
12116,1983-05-05,12116,12116,Male,French
12117,1961-03-18,12117,12117,Female,Greek
12118,1985-03-28,12118,12118,Male,English
12119,1993-03-03,12119,12119,Female,Swedish
12120,1973-02-06,12120,12120,Non-binary,Japanese
12121,1962-03-03,12121,12121,Female,German
12122,1986-03-23,12122,12122,Non-binary,Korean
12123,1977-09-26,12123,12123,Prefer not to say,English
12124,1962-05-25,12124,12124,Male,Mandarin
12125,1998-09-13,12125,12125,Male,Greek
12126,1988-09-28,12126,12126,Female,French
12127,1995-06-19,12127,12127,Prefer not to say,Russian
12128,1998-07-07,12128,12128,Female,Thai
12129,1984-09-02,12129,12129,Male,English
12130,1987-07-03,12130,12130,Non-binary,German
12131,1982-11-28,12131,12131,Prefer not to say,Spanish
12132,1967-08-20,12132,12132,Prefer not to say,Arabic
12133,1968-11-05,12133,12133,Male,Turkish
12134,1970-05-28,12134,12134,Female,Korean
12135,1981-04-13,12135,12135,Prefer not to say,Mandarin
12136,1987-03-03,12136,12136,Female,Hindi
12137,1973-10-25,12137,12137,Female,Italian
12138,1991-01-23,12138,12138,Female,French
12139,1998-01-27,12139,12139,Male,Spanish
12140,1987-07-18,12140,12140,Prefer not to say,Polish
12141,1989-10-14,12141,12141,Prefer not to say,Japanese
12142,1960-09-15,12142,12142,Female,Hindi
12143,1967-04-15,12143,12143,Non-binary,Swedish
12144,1984-10-04,12144,12144,Prefer not to say,Romanian
12145,1985-12-29,12145,12145,Non-binary,Swedish
12146,1991-11-10,12146,12146,Male,Mandarin
12147,1983-04-03,12147,12147,Non-binary,Mandarin
12148,1973-11-01,12148,12148,Male,English
12149,1970-08-09,12149,12149,Male,Vietnamese
12150,1991-01-07,12150,12150,Female,Swedish
12151,1974-06-18,12151,12151,Female,Vietnamese
12152,1968-02-17,12152,12152,Non-binary,Dutch
12153,1996-12-01,12153,12153,Male,German
12154,1973-06-27,12154,12154,Female,French
12155,1969-02-15,12155,12155,Male,Mandarin
12156,1984-06-05,12156,12156,Male,Japanese
12157,2000-08-18,12157,12157,Male,French
12158,2000-04-07,12158,12158,Female,Italian
12159,1963-07-16,12159,12159,Male,Japanese
12160,1967-03-04,12160,12160,Prefer not to say,Korean
12161,1979-12-21,12161,12161,Male,Swedish
12162,1989-03-17,12162,12162,Non-binary,Mandarin
12163,1992-03-05,12163,12163,Female,Italian
12164,1986-06-05,12164,12164,Prefer not to say,Turkish
12165,1999-05-11,12165,12165,Non-binary,Turkish
12166,1998-09-18,12166,12166,Female,Turkish
12167,1997-07-25,12167,12167,Female,English
12168,1984-07-23,12168,12168,Female,Spanish
12169,1963-03-19,12169,12169,Female,Russian
12170,1963-09-30,12170,12170,Male,Russian
12171,1987-04-29,12171,12171,Non-binary,Japanese
12172,1999-04-14,12172,12172,Female,Vietnamese
12173,1999-07-06,12173,12173,Female,German
12174,1968-06-09,12174,12174,Male,Italian
12175,2000-11-04,12175,12175,Non-binary,Turkish
12176,1971-05-25,12176,12176,Male,Vietnamese
12177,1997-01-16,12177,12177,Male,Thai
12178,2000-06-16,12178,12178,Female,Arabic
12179,1969-04-06,12179,12179,Male,Korean
12180,1998-07-23,12180,12180,Prefer not to say,Swedish
12181,1986-08-21,12181,12181,Female,Spanish
12182,1998-05-24,12182,12182,Male,English
12183,1975-04-25,12183,12183,Non-binary,Portuguese
12184,1989-03-21,12184,12184,Prefer not to say,German
12185,1971-12-29,12185,12185,Prefer not to say,Romanian
12186,1998-11-16,12186,12186,Female,Spanish
12187,1967-11-15,12187,12187,Prefer not to say,Italian
12188,1997-11-15,12188,12188,Male,Dutch
12189,1985-06-25,12189,12189,Female,Romanian
12190,1960-08-22,12190,12190,Female,Greek
12191,1991-02-17,12191,12191,Prefer not to say,Japanese
12192,1999-06-28,12192,12192,Non-binary,Turkish
12193,1989-09-20,12193,12193,Female,German
12194,1963-03-03,12194,12194,Male,English
12195,1971-09-05,12195,12195,Female,Russian
12196,1992-01-28,12196,12196,Prefer not to say,Italian
12197,1993-05-14,12197,12197,Non-binary,Turkish
12198,1995-03-21,12198,12198,Prefer not to say,Arabic
12199,1966-01-10,12199,12199,Prefer not to say,Greek
12200,1986-02-26,12200,12200,Male,Polish
12201,1986-05-28,12201,12201,Male,Spanish
12202,2000-10-11,12202,12202,Female,Turkish
12203,1967-03-17,12203,12203,Female,Spanish
12204,1963-11-02,12204,12204,Male,Polish
12205,1996-08-03,12205,12205,Non-binary,Japanese
12206,1970-05-10,12206,12206,Non-binary,Russian
12207,1997-08-21,12207,12207,Prefer not to say,French
12208,1974-05-01,12208,12208,Non-binary,Portuguese
12209,1973-09-17,12209,12209,Female,Polish
12210,1974-10-28,12210,12210,Non-binary,Arabic
12211,1962-03-07,12211,12211,Male,Turkish
12212,1972-08-02,12212,12212,Prefer not to say,Russian
12213,1976-05-24,12213,12213,Prefer not to say,English
12214,1976-05-02,12214,12214,Non-binary,Dutch
12215,1993-05-10,12215,12215,Prefer not to say,Greek
12216,1974-06-01,12216,12216,Prefer not to say,English
12217,1998-06-09,12217,12217,Non-binary,Italian
12218,1988-12-18,12218,12218,Prefer not to say,Hindi
12219,2000-02-09,12219,12219,Prefer not to say,Portuguese
12220,1992-03-03,12220,12220,Female,Japanese
12221,1983-06-23,12221,12221,Female,Korean
12222,1997-01-02,12222,12222,Prefer not to say,Arabic
12223,1987-12-02,12223,12223,Non-binary,Dutch
12224,1996-10-02,12224,12224,Female,Mandarin
12225,1968-12-19,12225,12225,Female,Japanese
12226,1964-08-26,12226,12226,Prefer not to say,Polish
12227,1987-03-31,12227,12227,Prefer not to say,Arabic
12228,1965-08-20,12228,12228,Male,Arabic
12229,1962-07-02,12229,12229,Male,English
12230,1970-01-03,12230,12230,Non-binary,Arabic
12231,1971-06-19,12231,12231,Non-binary,Swedish
12232,1968-04-07,12232,12232,Prefer not to say,Italian
12233,1971-11-27,12233,12233,Female,Russian
12234,1970-05-04,12234,12234,Prefer not to say,Spanish
12235,1980-02-05,12235,12235,Female,Turkish
12236,1991-02-10,12236,12236,Male,Turkish
12237,1991-02-08,12237,12237,Non-binary,Thai
12238,1969-05-03,12238,12238,Non-binary,Greek
12239,1989-01-19,12239,12239,Prefer not to say,Hindi
12240,1978-03-29,12240,12240,Male,Korean
12241,1985-06-07,12241,12241,Non-binary,Arabic
12242,1978-07-12,12242,12242,Male,Hindi
12243,1975-08-06,12243,12243,Prefer not to say,Spanish
12244,1984-12-02,12244,12244,Female,Spanish
12245,1988-05-24,12245,12245,Female,Thai
12246,1992-11-27,12246,12246,Non-binary,Romanian
12247,1981-09-09,12247,12247,Female,Portuguese
12248,1992-01-18,12248,12248,Non-binary,Vietnamese
12249,1975-05-17,12249,12249,Male,Dutch
12250,1973-06-15,12250,12250,Prefer not to say,Romanian
12251,1992-12-02,12251,12251,Male,Arabic
12252,1978-06-08,12252,12252,Non-binary,Turkish
12253,1995-05-05,12253,12253,Prefer not to say,Greek
12254,1997-07-03,12254,12254,Female,German
12255,1972-08-23,12255,12255,Non-binary,Vietnamese
12256,1972-01-06,12256,12256,Non-binary,Greek
12257,1981-08-22,12257,12257,Prefer not to say,Spanish
12258,1999-12-04,12258,12258,Prefer not to say,Italian
12259,1969-02-22,12259,12259,Male,Mandarin
12260,1961-11-02,12260,12260,Male,English
12261,1969-01-08,12261,12261,Female,French
12262,1982-07-01,12262,12262,Prefer not to say,Italian
12263,1967-03-01,12263,12263,Male,Hindi
12264,1976-04-22,12264,12264,Male,Thai
12265,1997-11-05,12265,12265,Female,Romanian
12266,1969-08-04,12266,12266,Male,Portuguese
12267,1986-03-23,12267,12267,Prefer not to say,Japanese
12268,1966-02-24,12268,12268,Male,Swedish
12269,1973-06-17,12269,12269,Prefer not to say,Italian
12270,1996-03-29,12270,12270,Male,Turkish
12271,1970-10-21,12271,12271,Non-binary,Russian
12272,1979-09-14,12272,12272,Female,Italian
12273,1979-01-19,12273,12273,Female,Hindi
12274,1987-02-19,12274,12274,Non-binary,French
12275,1984-08-24,12275,12275,Non-binary,Arabic
12276,1975-09-18,12276,12276,Male,Russian
12277,1982-05-16,12277,12277,Non-binary,Dutch
12278,1983-07-18,12278,12278,Prefer not to say,German
12279,1999-07-26,12279,12279,Female,German
12280,1974-12-21,12280,12280,Non-binary,Vietnamese
12281,1993-10-24,12281,12281,Male,Romanian
12282,1986-08-02,12282,12282,Female,Korean
12283,2000-11-27,12283,12283,Non-binary,Italian
12284,1968-08-06,12284,12284,Female,Russian
12285,1980-08-06,12285,12285,Female,Vietnamese
12286,1974-09-20,12286,12286,Female,Thai
12287,1975-03-02,12287,12287,Male,Korean
12288,1969-10-29,12288,12288,Female,Arabic
12289,1967-01-16,12289,12289,Non-binary,Spanish
12290,2000-01-22,12290,12290,Male,French
12291,1977-08-13,12291,12291,Male,English
12292,1968-09-23,12292,12292,Prefer not to say,Russian
12293,2000-10-08,12293,12293,Female,Japanese
12294,1996-08-08,12294,12294,Female,Hindi
12295,1960-08-04,12295,12295,Female,German
12296,1982-11-15,12296,12296,Female,Korean
12297,2000-02-06,12297,12297,Prefer not to say,French
12298,1975-04-20,12298,12298,Prefer not to say,German
12299,1976-11-28,12299,12299,Non-binary,Portuguese
12300,1969-06-22,12300,12300,Male,Greek
12301,1969-06-30,12301,12301,Non-binary,German
12302,1968-06-26,12302,12302,Male,Vietnamese
12303,1992-02-10,12303,12303,Male,Japanese
12304,1964-05-19,12304,12304,Prefer not to say,French
12305,1973-06-16,12305,12305,Male,Dutch
12306,1994-03-18,12306,12306,Non-binary,Arabic
12307,1971-09-23,12307,12307,Female,Dutch
12308,1982-09-27,12308,12308,Male,Thai
12309,1989-11-27,12309,12309,Prefer not to say,English
12310,1980-09-04,12310,12310,Prefer not to say,Arabic
12311,1982-07-03,12311,12311,Male,Hindi
12312,1998-07-29,12312,12312,Female,Romanian
12313,1998-07-14,12313,12313,Female,German
12314,1994-05-16,12314,12314,Male,Turkish
12315,1975-01-29,12315,12315,Prefer not to say,Dutch
12316,1997-03-06,12316,12316,Female,Romanian
12317,1976-10-23,12317,12317,Non-binary,Russian
12318,2000-07-28,12318,12318,Male,Japanese
12319,1971-01-17,12319,12319,Male,Arabic
12320,1999-08-08,12320,12320,Female,French
12321,1978-08-27,12321,12321,Female,Romanian
12322,1978-11-10,12322,12322,Female,Romanian
12323,1975-08-03,12323,12323,Male,Mandarin
12324,1971-07-11,12324,12324,Female,Russian
12325,1962-08-22,12325,12325,Female,French
12326,1991-10-05,12326,12326,Female,Hindi
12327,1963-12-22,12327,12327,Non-binary,Hindi
12328,1960-12-20,12328,12328,Male,Greek
12329,1998-02-14,12329,12329,Female,Romanian
12330,1962-10-15,12330,12330,Male,Polish
12331,1965-01-17,12331,12331,Female,German
12332,1985-12-18,12332,12332,Non-binary,Dutch
12333,1982-06-26,12333,12333,Male,English
12334,1990-03-31,12334,12334,Prefer not to say,Hindi
12335,1960-05-14,12335,12335,Prefer not to say,Greek
12336,2000-04-09,12336,12336,Male,German
12337,1992-05-20,12337,12337,Female,Arabic
12338,1991-07-22,12338,12338,Female,Portuguese
12339,1991-01-20,12339,12339,Female,Thai
12340,1990-12-16,12340,12340,Prefer not to say,French
12341,1974-02-01,12341,12341,Female,Vietnamese
12342,1992-08-22,12342,12342,Non-binary,French
12343,1990-09-07,12343,12343,Prefer not to say,German
12344,1985-01-17,12344,12344,Non-binary,Dutch
12345,1962-06-24,12345,12345,Prefer not to say,Polish
12346,1969-08-07,12346,12346,Male,Swedish
12347,1961-01-16,12347,12347,Male,Polish
12348,1979-07-27,12348,12348,Prefer not to say,Polish
12349,1987-12-22,12349,12349,Male,German
12350,1981-10-29,12350,12350,Female,Polish
12351,1979-02-12,12351,12351,Female,Polish
12352,1964-12-26,12352,12352,Non-binary,Korean
12353,1984-08-14,12353,12353,Prefer not to say,Vietnamese
12354,1989-11-15,12354,12354,Male,Portuguese
12355,1973-02-17,12355,12355,Male,Mandarin
12356,1975-12-10,12356,12356,Male,Thai
12357,1963-08-04,12357,12357,Male,Arabic
12358,1963-08-18,12358,12358,Non-binary,Dutch
12359,1996-05-11,12359,12359,Female,Turkish
12360,1983-01-15,12360,12360,Prefer not to say,Hindi
12361,1986-01-12,12361,12361,Prefer not to say,Thai
12362,1981-05-03,12362,12362,Prefer not to say,Dutch
12363,1998-09-30,12363,12363,Prefer not to say,Arabic
12364,1997-09-04,12364,12364,Prefer not to say,Italian
12365,1987-05-02,12365,12365,Non-binary,German
12366,1963-07-28,12366,12366,Prefer not to say,Hindi
12367,1971-03-30,12367,12367,Prefer not to say,Swedish
12368,1971-03-26,12368,12368,Female,Greek
12369,1997-08-01,12369,12369,Prefer not to say,Italian
12370,1967-05-14,12370,12370,Female,Turkish
12371,1973-10-11,12371,12371,Male,Dutch
12372,1994-02-06,12372,12372,Male,Vietnamese
12373,1978-10-21,12373,12373,Prefer not to say,English
12374,1964-10-07,12374,12374,Non-binary,Hindi
12375,1966-12-30,12375,12375,Prefer not to say,Dutch
12376,1965-04-17,12376,12376,Female,Dutch
12377,1997-07-24,12377,12377,Male,German
12378,1966-10-01,12378,12378,Male,German
12379,1999-01-17,12379,12379,Female,Arabic
12380,1979-03-07,12380,12380,Male,Polish
12381,1986-12-01,12381,12381,Non-binary,Arabic
12382,1971-08-22,12382,12382,Male,Vietnamese
12383,1989-04-22,12383,12383,Female,Japanese
12384,1979-03-16,12384,12384,Male,Romanian
12385,1973-08-28,12385,12385,Prefer not to say,Swedish
12386,1975-03-19,12386,12386,Male,Dutch
12387,1996-11-22,12387,12387,Female,Thai
12388,1987-03-01,12388,12388,Prefer not to say,Portuguese
12389,1964-11-17,12389,12389,Non-binary,Arabic
12390,1983-07-01,12390,12390,Prefer not to say,English
12391,1989-04-06,12391,12391,Prefer not to say,French
12392,2000-05-08,12392,12392,Male,Portuguese
12393,1970-04-24,12393,12393,Female,Korean
12394,1994-10-07,12394,12394,Female,Dutch
12395,2000-01-06,12395,12395,Male,Vietnamese
12396,1993-05-27,12396,12396,Non-binary,Spanish
12397,1990-02-27,12397,12397,Female,Turkish
12398,1969-03-15,12398,12398,Non-binary,Korean
12399,1965-10-20,12399,12399,Female,Turkish
12400,1979-07-26,12400,12400,Male,Swedish
12401,1985-11-02,12401,12401,Female,Vietnamese
12402,1970-09-27,12402,12402,Non-binary,Hindi
12403,1965-02-01,12403,12403,Non-binary,Polish
12404,1981-07-12,12404,12404,Non-binary,Italian
12405,1999-09-01,12405,12405,Female,Thai
12406,1979-05-04,12406,12406,Male,Russian
12407,1962-09-01,12407,12407,Prefer not to say,Korean
12408,1998-01-07,12408,12408,Female,Spanish
12409,1961-11-18,12409,12409,Non-binary,Hindi
12410,2000-01-15,12410,12410,Female,Turkish
12411,1962-04-01,12411,12411,Non-binary,French
12412,1964-11-16,12412,12412,Female,Korean
12413,1964-03-06,12413,12413,Female,Greek
12414,1976-11-21,12414,12414,Female,Dutch
12415,1985-10-19,12415,12415,Male,Vietnamese
12416,1987-02-07,12416,12416,Prefer not to say,Greek
12417,1969-04-13,12417,12417,Female,Dutch
12418,1962-09-27,12418,12418,Non-binary,Dutch
12419,1999-11-22,12419,12419,Female,Hindi
12420,1989-03-04,12420,12420,Non-binary,Italian
12421,1989-11-09,12421,12421,Male,Italian
12422,1980-08-20,12422,12422,Non-binary,Turkish
12423,1973-11-06,12423,12423,Prefer not to say,Korean
12424,1964-10-10,12424,12424,Non-binary,Japanese
12425,1981-02-12,12425,12425,Male,Greek
12426,1999-01-09,12426,12426,Female,English
12427,1988-03-05,12427,12427,Prefer not to say,German
12428,1986-02-12,12428,12428,Non-binary,Polish
12429,1960-03-08,12429,12429,Prefer not to say,French
12430,1996-03-30,12430,12430,Prefer not to say,Arabic
12431,1970-07-14,12431,12431,Male,Vietnamese
12432,1979-04-19,12432,12432,Female,Italian
12433,1966-05-16,12433,12433,Non-binary,Polish
12434,2000-03-28,12434,12434,Prefer not to say,Polish
12435,1991-01-22,12435,12435,Non-binary,Dutch
12436,1976-05-14,12436,12436,Non-binary,Vietnamese
12437,1980-02-06,12437,12437,Prefer not to say,Turkish
12438,1966-05-10,12438,12438,Non-binary,German
12439,1979-02-27,12439,12439,Female,Turkish
12440,1986-04-19,12440,12440,Male,Swedish
12441,1975-10-19,12441,12441,Male,Japanese
12442,1968-11-30,12442,12442,Male,Greek
12443,1962-10-03,12443,12443,Female,Romanian
12444,1970-02-23,12444,12444,Male,Greek
12445,1979-06-10,12445,12445,Prefer not to say,Swedish
12446,1974-01-27,12446,12446,Prefer not to say,English
12447,1997-07-11,12447,12447,Male,Portuguese
12448,1992-12-05,12448,12448,Female,Spanish
12449,1978-01-06,12449,12449,Prefer not to say,Spanish
12450,1962-04-08,12450,12450,Female,Portuguese
12451,1968-06-26,12451,12451,Prefer not to say,Italian
12452,1996-09-16,12452,12452,Male,Polish
12453,1975-07-30,12453,12453,Male,Italian
12454,1972-06-11,12454,12454,Female,Romanian
12455,1991-03-29,12455,12455,Prefer not to say,Dutch
12456,1973-05-19,12456,12456,Prefer not to say,Russian
12457,1960-05-17,12457,12457,Non-binary,German
12458,1960-08-23,12458,12458,Female,Dutch
12459,1978-01-16,12459,12459,Prefer not to say,Arabic
12460,1977-10-04,12460,12460,Female,Korean
12461,1976-04-12,12461,12461,Non-binary,Polish
12462,1990-08-08,12462,12462,Female,Hindi
12463,1965-06-30,12463,12463,Male,Swedish
12464,1985-02-16,12464,12464,Male,Romanian
12465,1970-02-18,12465,12465,Male,Hindi
12466,1984-09-04,12466,12466,Male,German
12467,1995-09-04,12467,12467,Non-binary,Arabic
12468,1985-06-20,12468,12468,Non-binary,Korean
12469,1994-11-10,12469,12469,Female,Romanian
12470,1994-07-10,12470,12470,Male,Swedish
12471,1995-09-28,12471,12471,Prefer not to say,German
12472,1969-02-21,12472,12472,Female,Arabic
12473,1970-04-20,12473,12473,Female,Hindi
12474,1976-12-10,12474,12474,Male,Hindi
12475,1962-01-11,12475,12475,Female,Portuguese
12476,1974-01-06,12476,12476,Non-binary,Dutch
12477,1963-06-07,12477,12477,Male,Turkish
12478,2000-02-27,12478,12478,Male,Italian
12479,1985-03-22,12479,12479,Non-binary,Dutch
12480,1991-08-04,12480,12480,Prefer not to say,Spanish
12481,1973-08-08,12481,12481,Female,Greek
12482,1988-04-20,12482,12482,Female,Romanian
12483,1961-11-28,12483,12483,Female,Spanish
12484,1985-09-18,12484,12484,Female,Dutch
12485,1967-09-17,12485,12485,Female,Turkish
12486,1976-12-25,12486,12486,Male,Turkish
12487,1992-02-19,12487,12487,Female,French
12488,1992-09-12,12488,12488,Female,Spanish
12489,1966-09-15,12489,12489,Female,Arabic
12490,1985-06-04,12490,12490,Male,Japanese
12491,1967-06-06,12491,12491,Female,French
12492,1988-10-13,12492,12492,Female,Japanese
12493,1994-05-05,12493,12493,Non-binary,Swedish
12494,1967-10-19,12494,12494,Male,Arabic
12495,1973-01-29,12495,12495,Prefer not to say,French
12496,1994-05-10,12496,12496,Non-binary,French
12497,1999-02-05,12497,12497,Non-binary,Russian
12498,1998-04-21,12498,12498,Non-binary,Swedish
12499,2000-12-25,12499,12499,Non-binary,Dutch
12500,1991-01-06,12500,12500,Female,Hindi
12501,1981-07-04,12501,12501,Female,Korean
12502,1997-05-06,12502,12502,Non-binary,Mandarin
12503,1981-03-03,12503,12503,Male,Dutch
12504,1960-02-16,12504,12504,Male,Arabic
12505,1972-05-29,12505,12505,Non-binary,Portuguese
12506,1974-03-19,12506,12506,Female,Japanese
12507,1968-02-11,12507,12507,Female,Vietnamese
12508,1972-05-06,12508,12508,Non-binary,Portuguese
12509,2000-07-22,12509,12509,Female,Dutch
12510,1964-10-05,12510,12510,Prefer not to say,Hindi
12511,1997-03-06,12511,12511,Non-binary,Hindi
12512,1961-06-20,12512,12512,Prefer not to say,Dutch
12513,1970-09-01,12513,12513,Non-binary,Turkish
12514,1984-06-18,12514,12514,Male,English
12515,1989-12-30,12515,12515,Female,Spanish
12516,1975-10-30,12516,12516,Male,Russian
12517,2000-12-08,12517,12517,Non-binary,Dutch
12518,1991-04-15,12518,12518,Female,Turkish
12519,1964-06-05,12519,12519,Male,Korean
12520,1960-04-21,12520,12520,Male,Hindi
12521,1960-02-06,12521,12521,Female,French
12522,1967-03-18,12522,12522,Non-binary,Dutch
12523,1994-07-07,12523,12523,Male,Romanian
12524,1977-04-29,12524,12524,Prefer not to say,Vietnamese
12525,2000-04-23,12525,12525,Non-binary,Polish
12526,1985-04-16,12526,12526,Male,Vietnamese
12527,1969-07-06,12527,12527,Prefer not to say,Romanian
12528,1972-06-16,12528,12528,Female,Italian
12529,1974-01-06,12529,12529,Male,Italian
12530,1969-06-04,12530,12530,Male,Swedish
12531,1960-11-15,12531,12531,Female,Portuguese
12532,1980-06-04,12532,12532,Female,English
12533,1997-12-29,12533,12533,Non-binary,Russian
12534,1977-02-19,12534,12534,Non-binary,English
12535,1975-03-12,12535,12535,Non-binary,Hindi
12536,1984-08-26,12536,12536,Non-binary,Spanish
12537,1974-03-12,12537,12537,Male,Greek
12538,1973-06-08,12538,12538,Female,Dutch
12539,1992-01-24,12539,12539,Non-binary,Vietnamese
12540,1969-10-30,12540,12540,Female,English
12541,1984-05-08,12541,12541,Prefer not to say,Dutch
12542,1995-01-05,12542,12542,Prefer not to say,Portuguese
12543,1975-05-29,12543,12543,Non-binary,Korean
12544,1973-04-05,12544,12544,Prefer not to say,Thai
12545,1992-08-12,12545,12545,Prefer not to say,Japanese
12546,1980-02-27,12546,12546,Male,Dutch
12547,1972-05-13,12547,12547,Female,English
12548,1986-08-23,12548,12548,Prefer not to say,French
12549,2000-12-30,12549,12549,Non-binary,Hindi
12550,1994-03-14,12550,12550,Non-binary,German
12551,1982-02-12,12551,12551,Prefer not to say,Italian
12552,1963-06-16,12552,12552,Prefer not to say,Romanian
12553,1996-11-11,12553,12553,Prefer not to say,French
12554,1963-06-02,12554,12554,Female,Thai
12555,1976-03-05,12555,12555,Male,Thai
12556,1961-04-07,12556,12556,Prefer not to say,Swedish
12557,1987-10-16,12557,12557,Non-binary,Polish
12558,2000-05-07,12558,12558,Prefer not to say,English
12559,1985-11-21,12559,12559,Female,Turkish
12560,1989-07-31,12560,12560,Non-binary,Portuguese
12561,1989-08-01,12561,12561,Non-binary,Spanish
12562,1961-02-16,12562,12562,Non-binary,French
12563,1966-07-05,12563,12563,Male,Hindi
12564,1999-07-24,12564,12564,Male,Hindi
12565,1995-08-16,12565,12565,Female,Romanian
12566,1995-12-28,12566,12566,Female,French
12567,1987-01-13,12567,12567,Prefer not to say,Portuguese
12568,1996-02-01,12568,12568,Male,English
12569,1964-03-23,12569,12569,Non-binary,English
12570,1987-03-28,12570,12570,Female,Russian
12571,1972-02-12,12571,12571,Female,French
12572,1991-11-30,12572,12572,Non-binary,Swedish
12573,1972-09-18,12573,12573,Non-binary,Spanish
12574,1972-07-14,12574,12574,Female,Spanish
12575,1993-05-01,12575,12575,Male,Russian
12576,1990-04-09,12576,12576,Male,German
12577,1990-06-10,12577,12577,Female,Italian
12578,1995-12-26,12578,12578,Male,Hindi
12579,1961-08-20,12579,12579,Female,Russian
12580,1993-03-22,12580,12580,Non-binary,Greek
12581,1986-09-01,12581,12581,Prefer not to say,Dutch
12582,1975-06-20,12582,12582,Male,Dutch
12583,1973-01-05,12583,12583,Non-binary,Polish
12584,1983-07-26,12584,12584,Prefer not to say,Turkish
12585,1960-01-28,12585,12585,Female,German
12586,1976-07-06,12586,12586,Female,Turkish
12587,1981-10-29,12587,12587,Male,German
12588,1991-10-28,12588,12588,Prefer not to say,Italian
12589,1977-08-08,12589,12589,Male,Dutch
12590,1985-03-26,12590,12590,Female,Japanese
12591,1975-12-27,12591,12591,Non-binary,Arabic
12592,1989-02-11,12592,12592,Prefer not to say,German
12593,1986-02-15,12593,12593,Male,Greek
12594,1970-12-10,12594,12594,Prefer not to say,French
12595,1977-01-01,12595,12595,Prefer not to say,Japanese
12596,1997-04-21,12596,12596,Male,Polish
12597,2000-02-02,12597,12597,Prefer not to say,Hindi
12598,1977-03-28,12598,12598,Non-binary,Polish
12599,1961-03-10,12599,12599,Non-binary,Korean
12600,1991-05-21,12600,12600,Male,Japanese
12601,1974-08-19,12601,12601,Female,Italian
12602,1982-08-15,12602,12602,Male,Dutch
12603,1981-07-15,12603,12603,Non-binary,German
12604,1995-01-26,12604,12604,Non-binary,Greek
12605,1982-12-17,12605,12605,Prefer not to say,Italian
12606,1987-03-25,12606,12606,Prefer not to say,Vietnamese
12607,1976-01-14,12607,12607,Non-binary,Spanish
12608,1967-08-14,12608,12608,Male,Russian
12609,1967-10-23,12609,12609,Female,Italian
12610,1972-07-18,12610,12610,Female,Vietnamese
12611,1986-10-26,12611,12611,Non-binary,Italian
12612,1960-12-27,12612,12612,Female,Arabic
12613,1967-03-03,12613,12613,Male,German
12614,1994-12-01,12614,12614,Non-binary,Greek
12615,1968-11-02,12615,12615,Prefer not to say,Japanese
12616,1996-11-20,12616,12616,Male,Greek
12617,1981-08-16,12617,12617,Female,Korean
12618,1965-10-23,12618,12618,Non-binary,Turkish
12619,1963-04-25,12619,12619,Male,English
12620,1993-07-04,12620,12620,Male,Japanese
12621,1960-05-12,12621,12621,Male,Dutch
12622,1987-06-22,12622,12622,Male,Hindi
12623,1978-06-27,12623,12623,Male,German
12624,1986-03-14,12624,12624,Female,French
12625,1998-12-15,12625,12625,Non-binary,Swedish
12626,1974-12-24,12626,12626,Female,Dutch
12627,1964-08-01,12627,12627,Prefer not to say,English
12628,1982-11-17,12628,12628,Male,Japanese
12629,1979-07-13,12629,12629,Male,Korean
12630,1983-11-06,12630,12630,Non-binary,French
12631,1995-01-27,12631,12631,Non-binary,Swedish
12632,1996-05-07,12632,12632,Prefer not to say,Turkish
12633,1994-11-16,12633,12633,Male,Italian
12634,2000-05-18,12634,12634,Non-binary,Russian
12635,1964-08-31,12635,12635,Female,Romanian
12636,1997-03-10,12636,12636,Non-binary,Swedish
12637,1980-08-04,12637,12637,Prefer not to say,Japanese
12638,1963-10-03,12638,12638,Prefer not to say,Hindi
12639,1982-05-31,12639,12639,Prefer not to say,Turkish
12640,1962-05-23,12640,12640,Male,Japanese
12641,1962-11-17,12641,12641,Female,Spanish
12642,1995-04-30,12642,12642,Prefer not to say,Korean
12643,1975-09-06,12643,12643,Male,French
12644,1988-10-22,12644,12644,Prefer not to say,Japanese
12645,1968-06-08,12645,12645,Female,Romanian
12646,1966-01-09,12646,12646,Non-binary,Japanese
12647,1969-11-26,12647,12647,Male,Turkish
12648,1978-06-08,12648,12648,Male,Italian
12649,1982-09-22,12649,12649,Prefer not to say,Hindi
12650,1972-08-12,12650,12650,Prefer not to say,Vietnamese
12651,1977-06-14,12651,12651,Non-binary,Arabic
12652,1992-02-20,12652,12652,Male,Italian
12653,1974-10-22,12653,12653,Prefer not to say,Italian
12654,1989-09-17,12654,12654,Prefer not to say,Vietnamese
12655,1987-03-15,12655,12655,Prefer not to say,Thai
12656,1998-05-14,12656,12656,Non-binary,English
12657,1979-01-06,12657,12657,Male,Thai
12658,1985-02-21,12658,12658,Female,Japanese
12659,1968-12-14,12659,12659,Male,Italian
12660,1994-06-19,12660,12660,Non-binary,Mandarin
12661,1969-09-28,12661,12661,Non-binary,Russian
12662,1981-05-16,12662,12662,Non-binary,German
12663,1965-12-01,12663,12663,Male,Polish
12664,1988-12-12,12664,12664,Female,Dutch
12665,1975-05-17,12665,12665,Non-binary,Turkish
12666,1962-11-27,12666,12666,Female,Spanish
12667,1998-03-03,12667,12667,Female,German
12668,1997-02-11,12668,12668,Non-binary,Portuguese
12669,1992-08-20,12669,12669,Non-binary,Japanese
12670,1985-08-19,12670,12670,Male,German
12671,1986-10-05,12671,12671,Non-binary,Hindi
12672,1981-09-03,12672,12672,Male,Thai
12673,1987-11-24,12673,12673,Female,English
12674,1973-05-18,12674,12674,Non-binary,Greek
12675,1973-11-30,12675,12675,Male,English
12676,1979-07-30,12676,12676,Prefer not to say,Romanian
12677,1976-08-27,12677,12677,Prefer not to say,English
12678,1960-09-06,12678,12678,Non-binary,French
12679,1992-10-27,12679,12679,Non-binary,Turkish
12680,1976-01-24,12680,12680,Male,English
12681,1994-03-29,12681,12681,Prefer not to say,Japanese
12682,1994-03-17,12682,12682,Non-binary,Arabic
12683,1961-11-12,12683,12683,Male,Swedish
12684,1990-09-27,12684,12684,Male,Thai
12685,1967-10-03,12685,12685,Non-binary,Vietnamese
12686,1967-12-15,12686,12686,Female,Spanish
12687,1973-03-12,12687,12687,Non-binary,French
12688,1983-04-07,12688,12688,Prefer not to say,Portuguese
12689,1997-06-15,12689,12689,Non-binary,Dutch
12690,1974-09-09,12690,12690,Non-binary,Greek
12691,1992-05-12,12691,12691,Non-binary,Mandarin
12692,1988-09-13,12692,12692,Female,Hindi
12693,1962-01-13,12693,12693,Non-binary,Dutch
12694,1979-03-25,12694,12694,Female,Japanese
12695,1970-12-09,12695,12695,Male,Swedish
12696,1981-04-11,12696,12696,Prefer not to say,German
12697,1983-07-09,12697,12697,Female,Greek
12698,1978-07-16,12698,12698,Non-binary,English
12699,1981-11-11,12699,12699,Prefer not to say,Korean
12700,1965-12-07,12700,12700,Male,Spanish
12701,1993-02-28,12701,12701,Non-binary,Thai
12702,1993-09-05,12702,12702,Female,Spanish
12703,1960-05-03,12703,12703,Non-binary,Japanese
12704,1966-03-17,12704,12704,Male,Russian
12705,1972-07-14,12705,12705,Prefer not to say,English
12706,1980-11-07,12706,12706,Prefer not to say,Hindi
12707,1983-11-29,12707,12707,Female,English
12708,1989-02-11,12708,12708,Female,Turkish
12709,1979-05-19,12709,12709,Non-binary,Romanian
12710,1977-11-18,12710,12710,Female,Mandarin
12711,1961-01-23,12711,12711,Non-binary,Arabic
12712,1985-02-09,12712,12712,Prefer not to say,Japanese
12713,1979-10-28,12713,12713,Non-binary,Vietnamese
12714,1981-01-07,12714,12714,Male,Hindi
12715,1999-03-25,12715,12715,Male,Dutch
12716,1973-05-25,12716,12716,Prefer not to say,English
12717,1977-04-10,12717,12717,Non-binary,Mandarin
12718,1969-02-17,12718,12718,Prefer not to say,French
12719,1960-11-11,12719,12719,Non-binary,German
12720,2000-06-16,12720,12720,Female,French
12721,1999-11-30,12721,12721,Prefer not to say,English
12722,1977-12-09,12722,12722,Female,French
12723,1986-09-28,12723,12723,Male,Italian
12724,1968-08-18,12724,12724,Male,Thai
12725,1991-03-18,12725,12725,Non-binary,Hindi
12726,2000-05-21,12726,12726,Non-binary,Portuguese
12727,1997-04-27,12727,12727,Prefer not to say,Romanian
12728,1972-03-07,12728,12728,Female,Spanish
12729,1961-11-22,12729,12729,Male,Russian
12730,1985-03-23,12730,12730,Prefer not to say,Mandarin
12731,1978-08-25,12731,12731,Non-binary,Hindi
12732,1997-12-27,12732,12732,Non-binary,Dutch
12733,1989-11-06,12733,12733,Prefer not to say,Hindi
12734,1966-02-26,12734,12734,Prefer not to say,Mandarin
12735,1997-06-18,12735,12735,Male,Polish
12736,1966-08-23,12736,12736,Non-binary,Swedish
12737,1974-02-20,12737,12737,Prefer not to say,Mandarin
12738,1998-12-24,12738,12738,Female,Thai
12739,1960-06-08,12739,12739,Prefer not to say,Thai
12740,1977-10-13,12740,12740,Non-binary,Spanish
12741,1973-04-11,12741,12741,Prefer not to say,Thai
12742,1975-09-01,12742,12742,Female,Korean
12743,1996-12-18,12743,12743,Non-binary,Romanian
12744,1962-11-17,12744,12744,Male,Polish
12745,2000-02-29,12745,12745,Male,Spanish
12746,1963-04-06,12746,12746,Female,Mandarin
12747,1970-01-05,12747,12747,Female,Portuguese
12748,1974-05-14,12748,12748,Male,Hindi
12749,1987-05-18,12749,12749,Female,German
12750,1976-02-27,12750,12750,Non-binary,English
12751,1979-04-27,12751,12751,Male,Portuguese
12752,1967-03-22,12752,12752,Non-binary,Spanish
12753,1986-12-27,12753,12753,Male,Hindi
12754,1999-02-25,12754,12754,Male,Spanish
12755,1968-06-24,12755,12755,Female,Thai
12756,1998-12-03,12756,12756,Male,Dutch
12757,1985-02-22,12757,12757,Non-binary,French
12758,1980-02-14,12758,12758,Prefer not to say,Dutch
12759,1968-11-15,12759,12759,Prefer not to say,Polish
12760,1995-03-24,12760,12760,Non-binary,Swedish
12761,1986-03-25,12761,12761,Female,Mandarin
12762,1996-05-30,12762,12762,Male,Spanish
12763,1969-12-12,12763,12763,Male,Spanish
12764,1999-02-09,12764,12764,Non-binary,Mandarin
12765,1997-04-06,12765,12765,Female,Romanian
12766,1998-06-05,12766,12766,Female,Swedish
12767,1996-05-04,12767,12767,Prefer not to say,Swedish
12768,1972-01-02,12768,12768,Prefer not to say,Portuguese
12769,1981-07-05,12769,12769,Prefer not to say,Italian
12770,1980-11-10,12770,12770,Female,Mandarin
12771,1996-12-03,12771,12771,Male,Arabic
12772,1970-10-31,12772,12772,Non-binary,Romanian
12773,1972-03-10,12773,12773,Prefer not to say,Vietnamese
12774,1971-11-17,12774,12774,Female,Thai
12775,1989-02-18,12775,12775,Prefer not to say,Greek
12776,1961-03-30,12776,12776,Female,Spanish
12777,1997-03-19,12777,12777,Non-binary,Russian
12778,1962-05-05,12778,12778,Prefer not to say,Portuguese
12779,1975-04-03,12779,12779,Non-binary,German
12780,2000-09-10,12780,12780,Female,Polish
12781,1979-02-15,12781,12781,Male,Polish
12782,1997-08-10,12782,12782,Non-binary,Italian
12783,1994-10-12,12783,12783,Female,Polish
12784,1982-04-17,12784,12784,Female,Spanish
12785,1988-06-03,12785,12785,Non-binary,English
12786,1996-01-31,12786,12786,Female,Hindi
12787,1975-02-02,12787,12787,Prefer not to say,Japanese
12788,1967-12-09,12788,12788,Female,Korean
12789,1962-07-25,12789,12789,Male,Arabic
12790,1960-06-05,12790,12790,Prefer not to say,Turkish
12791,2000-05-07,12791,12791,Female,German
12792,1997-05-25,12792,12792,Male,Arabic
12793,1975-06-23,12793,12793,Female,Polish
12794,1997-04-06,12794,12794,Prefer not to say,Turkish
12795,1972-02-27,12795,12795,Male,Dutch
12796,1986-11-09,12796,12796,Female,Swedish
12797,1987-04-22,12797,12797,Female,Polish
12798,1964-09-14,12798,12798,Prefer not to say,French
12799,1973-04-22,12799,12799,Non-binary,Korean
12800,1990-02-05,12800,12800,Prefer not to say,Dutch
12801,1968-05-27,12801,12801,Prefer not to say,Hindi
12802,1986-09-05,12802,12802,Non-binary,Romanian
12803,1994-12-27,12803,12803,Female,Thai
12804,1990-10-04,12804,12804,Prefer not to say,Korean
12805,1965-06-08,12805,12805,Prefer not to say,Italian
12806,1970-01-31,12806,12806,Prefer not to say,Korean
12807,1975-11-14,12807,12807,Male,Thai
12808,1990-01-08,12808,12808,Male,Polish
12809,1983-08-01,12809,12809,Prefer not to say,Japanese
12810,1977-12-19,12810,12810,Female,Turkish
12811,1999-10-12,12811,12811,Female,Korean
12812,1983-10-25,12812,12812,Male,Thai
12813,1982-07-13,12813,12813,Male,Greek
12814,1993-09-06,12814,12814,Female,Greek
12815,1998-07-04,12815,12815,Female,Thai
12816,1984-07-22,12816,12816,Female,English
12817,1964-11-10,12817,12817,Female,Italian
12818,1962-09-08,12818,12818,Prefer not to say,Mandarin
12819,1996-02-05,12819,12819,Non-binary,German
12820,1978-02-09,12820,12820,Male,Spanish
12821,1985-12-20,12821,12821,Prefer not to say,English
12822,1983-08-04,12822,12822,Prefer not to say,German
12823,1993-03-17,12823,12823,Male,Mandarin
12824,1997-04-22,12824,12824,Male,Arabic
12825,1997-05-21,12825,12825,Female,Italian
12826,1966-03-16,12826,12826,Male,Portuguese
12827,1976-11-27,12827,12827,Male,Thai
12828,1978-05-31,12828,12828,Prefer not to say,French
12829,1988-10-05,12829,12829,Female,Korean
12830,1965-02-22,12830,12830,Male,Mandarin
12831,1993-06-27,12831,12831,Non-binary,Swedish
12832,1986-04-02,12832,12832,Female,Swedish
12833,1975-01-09,12833,12833,Female,German
12834,1982-08-11,12834,12834,Female,Korean
12835,1961-05-29,12835,12835,Female,Italian
12836,1989-04-03,12836,12836,Male,Mandarin
12837,1976-04-21,12837,12837,Female,German
12838,1990-06-15,12838,12838,Female,Romanian
12839,1996-08-31,12839,12839,Male,German
12840,1980-10-25,12840,12840,Female,Russian
12841,1984-10-05,12841,12841,Prefer not to say,Dutch
12842,2000-12-23,12842,12842,Female,Thai
12843,1999-09-07,12843,12843,Non-binary,Arabic
12844,1974-03-23,12844,12844,Male,Mandarin
12845,1982-10-26,12845,12845,Prefer not to say,English
12846,1985-02-27,12846,12846,Prefer not to say,Japanese
12847,1979-12-11,12847,12847,Female,Swedish
12848,1968-02-19,12848,12848,Non-binary,Vietnamese
12849,1995-03-15,12849,12849,Male,Spanish
12850,1982-02-22,12850,12850,Non-binary,Mandarin
12851,1973-08-03,12851,12851,Male,Vietnamese
12852,1977-06-24,12852,12852,Male,French
12853,1971-10-16,12853,12853,Non-binary,German
12854,1994-12-28,12854,12854,Prefer not to say,Russian
12855,1976-02-23,12855,12855,Prefer not to say,Mandarin
12856,1969-02-05,12856,12856,Non-binary,Italian
12857,1997-01-07,12857,12857,Female,Spanish
12858,1983-03-16,12858,12858,Female,German
12859,1977-10-18,12859,12859,Female,Romanian
12860,1976-11-07,12860,12860,Female,Korean
12861,1998-01-27,12861,12861,Female,Korean
12862,1983-12-10,12862,12862,Prefer not to say,Japanese
12863,1974-12-15,12863,12863,Female,Romanian
12864,1978-01-16,12864,12864,Prefer not to say,Turkish
12865,1980-03-20,12865,12865,Prefer not to say,Russian
12866,1974-12-15,12866,12866,Non-binary,German
12867,1996-04-01,12867,12867,Non-binary,German
12868,1991-01-27,12868,12868,Female,Thai
12869,1990-09-09,12869,12869,Male,Hindi
12870,1993-01-13,12870,12870,Prefer not to say,German
12871,1971-05-29,12871,12871,Male,Mandarin
12872,1972-04-11,12872,12872,Female,Korean
12873,1976-03-03,12873,12873,Prefer not to say,Portuguese
12874,1995-07-16,12874,12874,Female,Portuguese
12875,1999-08-03,12875,12875,Male,Hindi
12876,1962-07-26,12876,12876,Male,Russian
12877,1990-11-20,12877,12877,Male,Spanish
12878,1988-04-25,12878,12878,Non-binary,Swedish
12879,1966-04-23,12879,12879,Non-binary,Portuguese
12880,1987-01-12,12880,12880,Prefer not to say,Korean
12881,1972-06-26,12881,12881,Non-binary,German
12882,1996-02-20,12882,12882,Male,Mandarin
12883,1992-01-06,12883,12883,Prefer not to say,Portuguese
12884,1971-01-16,12884,12884,Non-binary,Polish
12885,1988-05-15,12885,12885,Prefer not to say,Greek
12886,1984-02-05,12886,12886,Prefer not to say,Hindi
12887,1967-04-08,12887,12887,Non-binary,Mandarin
12888,1962-07-14,12888,12888,Non-binary,Russian
12889,1982-03-07,12889,12889,Male,Vietnamese
12890,1968-02-03,12890,12890,Non-binary,Russian
12891,1997-02-17,12891,12891,Male,Greek
12892,1963-10-08,12892,12892,Female,Mandarin
12893,1989-09-20,12893,12893,Prefer not to say,Greek
12894,1983-04-12,12894,12894,Female,Hindi
12895,2000-02-04,12895,12895,Prefer not to say,Dutch
12896,1960-03-10,12896,12896,Male,Dutch
12897,1960-02-03,12897,12897,Male,Greek
12898,1966-08-24,12898,12898,Prefer not to say,Mandarin
12899,1989-05-25,12899,12899,Prefer not to say,Swedish
12900,1988-01-06,12900,12900,Non-binary,Turkish
12901,1976-05-06,12901,12901,Female,Japanese
12902,1993-02-07,12902,12902,Non-binary,Vietnamese
12903,1972-10-14,12903,12903,Male,French
12904,1960-01-12,12904,12904,Female,Vietnamese
12905,1988-10-29,12905,12905,Male,Dutch
12906,1963-04-19,12906,12906,Non-binary,Vietnamese
12907,1985-04-03,12907,12907,Prefer not to say,Dutch
12908,1972-09-13,12908,12908,Male,Japanese
12909,1967-07-14,12909,12909,Male,French
12910,1969-12-30,12910,12910,Non-binary,Portuguese
12911,1974-10-26,12911,12911,Male,French
12912,2000-05-03,12912,12912,Prefer not to say,Hindi
12913,1997-10-14,12913,12913,Prefer not to say,Mandarin
12914,1975-06-26,12914,12914,Prefer not to say,French
12915,1977-03-15,12915,12915,Prefer not to say,Mandarin
12916,1999-05-06,12916,12916,Non-binary,English
12917,1993-11-24,12917,12917,Female,Portuguese
12918,2000-12-18,12918,12918,Female,Greek
12919,1991-12-02,12919,12919,Prefer not to say,English
12920,1996-09-08,12920,12920,Male,Thai
12921,1993-06-05,12921,12921,Prefer not to say,English
12922,1988-09-29,12922,12922,Male,Polish
12923,1979-05-05,12923,12923,Male,Korean
12924,1990-11-19,12924,12924,Prefer not to say,Spanish
12925,1964-02-22,12925,12925,Prefer not to say,German
12926,1975-07-17,12926,12926,Female,Portuguese
12927,1985-05-29,12927,12927,Female,Portuguese
12928,1960-09-14,12928,12928,Non-binary,Hindi
12929,1965-05-15,12929,12929,Female,English
12930,1973-03-20,12930,12930,Female,Vietnamese
12931,1961-04-06,12931,12931,Male,German
12932,1985-12-16,12932,12932,Non-binary,French
12933,1975-06-21,12933,12933,Male,English
12934,1980-09-21,12934,12934,Non-binary,Vietnamese
12935,1999-03-09,12935,12935,Non-binary,Romanian
12936,1987-11-23,12936,12936,Prefer not to say,Korean
12937,1966-01-12,12937,12937,Prefer not to say,Portuguese
12938,1975-05-15,12938,12938,Male,Vietnamese
12939,1994-08-23,12939,12939,Male,Polish
12940,1998-01-24,12940,12940,Male,Mandarin
12941,1989-01-01,12941,12941,Prefer not to say,English
12942,1961-10-09,12942,12942,Male,Swedish
12943,1968-09-20,12943,12943,Non-binary,English
12944,1986-04-09,12944,12944,Non-binary,Spanish
12945,1995-09-30,12945,12945,Prefer not to say,Mandarin
12946,1978-12-07,12946,12946,Female,Japanese
12947,1994-06-01,12947,12947,Male,Swedish
12948,1963-09-21,12948,12948,Non-binary,Korean
12949,1969-08-30,12949,12949,Non-binary,Russian
12950,1964-10-21,12950,12950,Male,Spanish
12951,1996-05-12,12951,12951,Non-binary,Dutch
12952,1995-03-08,12952,12952,Prefer not to say,Romanian
12953,1997-08-16,12953,12953,Non-binary,Arabic
12954,1970-06-03,12954,12954,Male,Thai
12955,1973-09-28,12955,12955,Female,Spanish
12956,1997-09-18,12956,12956,Male,Korean
12957,1985-05-21,12957,12957,Prefer not to say,Italian
12958,1970-06-27,12958,12958,Non-binary,English
12959,1969-05-01,12959,12959,Prefer not to say,Swedish
12960,1982-05-20,12960,12960,Non-binary,Japanese
12961,1967-06-07,12961,12961,Male,Arabic
12962,1993-06-29,12962,12962,Female,French
12963,1971-10-29,12963,12963,Non-binary,Spanish
12964,1975-12-08,12964,12964,Non-binary,English
12965,1969-12-23,12965,12965,Female,Greek
12966,1977-01-07,12966,12966,Prefer not to say,Italian
12967,1996-08-17,12967,12967,Non-binary,Polish
12968,1973-08-02,12968,12968,Male,Korean
12969,1960-03-07,12969,12969,Prefer not to say,German
12970,1963-10-01,12970,12970,Prefer not to say,Arabic
12971,1975-03-25,12971,12971,Female,French
12972,1969-11-13,12972,12972,Non-binary,Spanish
12973,1960-02-08,12973,12973,Male,Japanese
12974,1984-05-30,12974,12974,Female,Hindi
12975,1960-11-01,12975,12975,Female,Russian
12976,1986-06-17,12976,12976,Female,Mandarin
12977,1992-01-05,12977,12977,Prefer not to say,Polish
12978,1978-03-11,12978,12978,Non-binary,Arabic
12979,2000-07-03,12979,12979,Male,Portuguese
12980,1971-07-29,12980,12980,Female,German
12981,1964-05-26,12981,12981,Prefer not to say,Hindi
12982,1994-12-03,12982,12982,Male,Spanish
12983,1965-08-29,12983,12983,Non-binary,Mandarin
12984,1973-10-15,12984,12984,Male,Italian
12985,1960-12-10,12985,12985,Male,French
12986,1988-03-03,12986,12986,Female,Hindi
12987,1967-10-28,12987,12987,Prefer not to say,Mandarin
12988,1972-07-20,12988,12988,Male,German
12989,1984-11-08,12989,12989,Non-binary,Turkish
12990,1973-11-08,12990,12990,Male,Hindi
12991,1986-04-06,12991,12991,Non-binary,Greek
12992,1971-12-14,12992,12992,Non-binary,French
12993,1973-09-21,12993,12993,Female,Thai
12994,1973-06-04,12994,12994,Non-binary,Vietnamese
12995,1973-07-30,12995,12995,Prefer not to say,German
12996,1961-01-15,12996,12996,Non-binary,Korean
12997,1966-03-28,12997,12997,Male,Italian
12998,1974-07-22,12998,12998,Female,Polish
12999,1988-07-19,12999,12999,Non-binary,Turkish
13000,1992-06-06,13000,13000,Prefer not to say,Turkish
13001,1976-11-29,13001,13001,Female,German
13002,1997-10-19,13002,13002,Female,English
13003,1966-11-29,13003,13003,Female,Mandarin
13004,1987-04-12,13004,13004,Female,Vietnamese
13005,1960-02-07,13005,13005,Male,German
13006,1976-12-02,13006,13006,Female,Korean
13007,1961-03-22,13007,13007,Male,Greek
13008,2000-11-16,13008,13008,Non-binary,Polish
13009,1966-06-06,13009,13009,Female,Italian
13010,1969-01-12,13010,13010,Non-binary,Arabic
13011,1973-03-13,13011,13011,Male,Italian
13012,1970-08-24,13012,13012,Male,Romanian
13013,1989-11-20,13013,13013,Non-binary,Mandarin
13014,1972-05-31,13014,13014,Prefer not to say,Mandarin
13015,1978-03-05,13015,13015,Non-binary,Japanese
13016,1966-08-02,13016,13016,Prefer not to say,Italian
13017,1961-10-29,13017,13017,Non-binary,Spanish
13018,1973-09-06,13018,13018,Male,Arabic
13019,1980-04-15,13019,13019,Male,German
13020,1982-12-12,13020,13020,Male,Greek
13021,1979-03-19,13021,13021,Female,Japanese
13022,1960-10-05,13022,13022,Prefer not to say,Polish
13023,1978-02-05,13023,13023,Prefer not to say,Mandarin
13024,1975-02-14,13024,13024,Prefer not to say,Italian
13025,1999-10-20,13025,13025,Female,Russian
13026,1998-04-04,13026,13026,Male,Hindi
13027,1962-06-07,13027,13027,Female,Thai
13028,1977-06-21,13028,13028,Female,French
13029,1971-03-20,13029,13029,Male,Vietnamese
13030,1977-09-26,13030,13030,Male,Romanian
13031,1961-02-14,13031,13031,Female,Thai
13032,1967-10-23,13032,13032,Non-binary,Vietnamese
13033,1996-12-15,13033,13033,Male,Arabic
13034,1965-06-08,13034,13034,Female,French
13035,1989-09-28,13035,13035,Female,Portuguese
13036,1997-09-19,13036,13036,Female,Mandarin
13037,1990-09-05,13037,13037,Non-binary,Vietnamese
13038,1969-09-15,13038,13038,Male,Arabic
13039,1972-12-20,13039,13039,Female,Russian
13040,1962-09-23,13040,13040,Male,Turkish
13041,1979-05-21,13041,13041,Prefer not to say,German
13042,1999-02-11,13042,13042,Non-binary,Korean
13043,1961-01-23,13043,13043,Male,Mandarin
13044,1962-01-24,13044,13044,Prefer not to say,Korean
13045,1996-10-03,13045,13045,Non-binary,Polish
13046,1965-06-17,13046,13046,Female,Greek
13047,1980-06-01,13047,13047,Female,Turkish
13048,1994-08-05,13048,13048,Female,Korean
13049,1997-06-17,13049,13049,Female,Polish
13050,1992-06-03,13050,13050,Male,Spanish
13051,1990-10-07,13051,13051,Prefer not to say,Thai
13052,1988-04-12,13052,13052,Male,Japanese
13053,1972-04-04,13053,13053,Male,Russian
13054,1968-10-18,13054,13054,Female,Romanian
13055,1963-06-27,13055,13055,Non-binary,Turkish
13056,1982-01-20,13056,13056,Female,Korean
13057,1972-10-31,13057,13057,Male,Polish
13058,1989-01-29,13058,13058,Female,Thai
13059,1993-12-10,13059,13059,Prefer not to say,Romanian
13060,1982-01-11,13060,13060,Prefer not to say,Spanish
13061,1960-12-26,13061,13061,Non-binary,Greek
13062,1993-04-15,13062,13062,Male,Vietnamese
13063,1967-09-21,13063,13063,Non-binary,Thai
13064,1969-07-20,13064,13064,Non-binary,Vietnamese
13065,1999-01-04,13065,13065,Male,Vietnamese
13066,2000-12-13,13066,13066,Female,Thai
13067,1979-02-26,13067,13067,Non-binary,Russian
13068,1975-12-06,13068,13068,Prefer not to say,Thai
13069,1985-02-24,13069,13069,Male,Arabic
13070,1988-08-31,13070,13070,Male,Spanish
13071,1968-10-21,13071,13071,Female,German
13072,1973-12-07,13072,13072,Male,Arabic
13073,1964-09-29,13073,13073,Female,Portuguese
13074,1992-05-21,13074,13074,Male,Mandarin
13075,1994-01-05,13075,13075,Female,French
13076,1994-03-13,13076,13076,Non-binary,Portuguese
13077,1986-09-26,13077,13077,Prefer not to say,Dutch
13078,1973-07-09,13078,13078,Female,Thai
13079,1982-04-10,13079,13079,Male,Swedish
13080,1965-05-14,13080,13080,Prefer not to say,Russian
13081,1960-02-21,13081,13081,Male,Vietnamese
13082,1993-12-31,13082,13082,Non-binary,Thai
13083,1986-04-12,13083,13083,Female,Thai
13084,1988-01-25,13084,13084,Non-binary,Romanian
13085,1976-08-18,13085,13085,Male,French
13086,1988-07-25,13086,13086,Non-binary,Vietnamese
13087,1985-11-21,13087,13087,Male,Arabic
13088,1998-08-08,13088,13088,Female,Romanian
13089,1997-03-03,13089,13089,Female,Hindi
13090,1966-04-13,13090,13090,Prefer not to say,Spanish
13091,1960-08-19,13091,13091,Female,Spanish
13092,1982-11-16,13092,13092,Female,Turkish
13093,1985-12-27,13093,13093,Non-binary,Japanese
13094,1969-07-16,13094,13094,Male,Italian
13095,1997-05-03,13095,13095,Male,Polish
13096,1983-10-18,13096,13096,Male,Russian
13097,1991-11-22,13097,13097,Prefer not to say,Korean
13098,1969-10-17,13098,13098,Male,Romanian
13099,1995-05-29,13099,13099,Female,Mandarin
13100,1971-05-17,13100,13100,Prefer not to say,Swedish
13101,1971-12-03,13101,13101,Non-binary,Russian
13102,1960-10-17,13102,13102,Prefer not to say,Vietnamese
13103,1976-11-06,13103,13103,Female,Korean
13104,1961-04-12,13104,13104,Male,Romanian
13105,1961-04-11,13105,13105,Prefer not to say,Vietnamese
13106,1984-09-14,13106,13106,Non-binary,English
13107,1979-09-28,13107,13107,Prefer not to say,Greek
13108,1961-10-19,13108,13108,Male,Polish
13109,1989-04-21,13109,13109,Prefer not to say,Swedish
13110,1991-07-31,13110,13110,Male,Mandarin
13111,1966-11-26,13111,13111,Female,Spanish
13112,1991-12-15,13112,13112,Prefer not to say,Spanish
13113,1962-08-15,13113,13113,Female,French
13114,2000-04-03,13114,13114,Male,Turkish
13115,1960-05-31,13115,13115,Non-binary,French
13116,1966-04-12,13116,13116,Female,Greek
13117,1981-08-25,13117,13117,Male,Korean
13118,1998-02-22,13118,13118,Prefer not to say,Romanian
13119,1996-06-23,13119,13119,Non-binary,Portuguese
13120,1960-06-23,13120,13120,Female,Turkish
13121,1980-04-25,13121,13121,Female,Vietnamese
13122,1984-01-02,13122,13122,Non-binary,French
13123,1962-03-01,13123,13123,Female,German
13124,1980-11-15,13124,13124,Male,Italian
13125,1968-12-21,13125,13125,Female,Polish
13126,1985-03-17,13126,13126,Prefer not to say,German
13127,1984-02-23,13127,13127,Prefer not to say,Portuguese
13128,1996-12-26,13128,13128,Prefer not to say,Hindi
13129,1969-05-08,13129,13129,Non-binary,Hindi
13130,1964-06-22,13130,13130,Male,Dutch
13131,1991-03-21,13131,13131,Female,German
13132,1984-07-19,13132,13132,Non-binary,Italian
13133,1995-06-03,13133,13133,Female,Swedish
13134,1976-06-04,13134,13134,Prefer not to say,Polish
13135,1970-01-14,13135,13135,Non-binary,English
13136,1992-10-24,13136,13136,Non-binary,Korean
13137,1981-03-30,13137,13137,Non-binary,Mandarin
13138,1974-12-14,13138,13138,Male,English
13139,1979-12-02,13139,13139,Prefer not to say,Polish
13140,1997-10-26,13140,13140,Non-binary,Thai
13141,1983-06-23,13141,13141,Female,Polish
13142,1971-09-11,13142,13142,Non-binary,Vietnamese
13143,1994-10-19,13143,13143,Male,Vietnamese
13144,1967-07-18,13144,13144,Female,Vietnamese
13145,1973-02-21,13145,13145,Male,Swedish
13146,1983-09-19,13146,13146,Male,Spanish
13147,1989-02-06,13147,13147,Non-binary,Russian
13148,1984-11-14,13148,13148,Prefer not to say,Mandarin
13149,1995-09-11,13149,13149,Prefer not to say,Greek
13150,1979-05-14,13150,13150,Non-binary,Korean
13151,1980-09-17,13151,13151,Female,Mandarin
13152,1979-08-01,13152,13152,Prefer not to say,Japanese
13153,1979-07-28,13153,13153,Prefer not to say,Romanian
13154,1961-12-09,13154,13154,Non-binary,Dutch
13155,1967-02-03,13155,13155,Non-binary,Arabic
13156,2000-03-16,13156,13156,Prefer not to say,Polish
13157,1993-06-21,13157,13157,Prefer not to say,Korean
13158,1985-06-12,13158,13158,Prefer not to say,Romanian
13159,1972-09-30,13159,13159,Female,Turkish
13160,1993-06-27,13160,13160,Male,Vietnamese
13161,1969-10-19,13161,13161,Male,Romanian
13162,1994-05-31,13162,13162,Female,Spanish
13163,1985-10-29,13163,13163,Prefer not to say,Thai
13164,1997-04-04,13164,13164,Prefer not to say,German
13165,1972-11-18,13165,13165,Male,Arabic
13166,1991-08-11,13166,13166,Prefer not to say,Korean
13167,1988-04-03,13167,13167,Non-binary,English
13168,1985-02-23,13168,13168,Male,Mandarin
13169,1998-03-27,13169,13169,Female,Polish
13170,1986-10-03,13170,13170,Prefer not to say,Portuguese
13171,1965-08-06,13171,13171,Non-binary,Italian
13172,1978-12-17,13172,13172,Prefer not to say,Dutch
13173,1998-01-25,13173,13173,Prefer not to say,Arabic
13174,2000-05-05,13174,13174,Male,Thai
13175,2000-10-16,13175,13175,Prefer not to say,Arabic
13176,1983-04-25,13176,13176,Non-binary,Swedish
13177,1970-01-30,13177,13177,Female,Korean
13178,1965-06-26,13178,13178,Non-binary,Romanian
13179,1979-02-09,13179,13179,Female,Vietnamese
13180,2000-08-17,13180,13180,Female,Polish
13181,2000-02-23,13181,13181,Prefer not to say,Dutch
13182,1984-10-29,13182,13182,Female,Mandarin
13183,1971-10-22,13183,13183,Female,Dutch
13184,1995-02-08,13184,13184,Prefer not to say,Vietnamese
13185,1995-12-02,13185,13185,Female,Japanese
13186,1976-06-29,13186,13186,Non-binary,Hindi
13187,1974-12-30,13187,13187,Female,Hindi
13188,1996-07-09,13188,13188,Non-binary,Swedish
13189,1992-11-25,13189,13189,Male,Arabic
13190,1980-08-22,13190,13190,Male,Spanish
13191,1964-06-20,13191,13191,Female,Korean
13192,1988-09-22,13192,13192,Non-binary,Mandarin
13193,1999-01-04,13193,13193,Prefer not to say,Arabic
13194,1995-05-24,13194,13194,Male,English
13195,1978-07-26,13195,13195,Male,Thai
13196,1976-05-13,13196,13196,Prefer not to say,Portuguese
13197,1971-05-15,13197,13197,Female,Dutch
13198,1995-11-23,13198,13198,Non-binary,Portuguese
13199,1974-09-13,13199,13199,Male,Arabic
13200,1960-06-16,13200,13200,Prefer not to say,French
13201,1977-01-28,13201,13201,Male,Portuguese
13202,1975-01-08,13202,13202,Male,Thai
13203,1964-01-20,13203,13203,Prefer not to say,Greek
13204,1970-12-10,13204,13204,Male,Russian
13205,1999-06-11,13205,13205,Female,Spanish
13206,1999-08-15,13206,13206,Female,Hindi
13207,1970-04-28,13207,13207,Female,Thai
13208,1975-08-27,13208,13208,Male,Russian
13209,1960-03-09,13209,13209,Female,Romanian
13210,1993-08-31,13210,13210,Non-binary,English
13211,1983-07-08,13211,13211,Prefer not to say,Portuguese
13212,1972-06-22,13212,13212,Prefer not to say,Dutch
13213,1987-04-13,13213,13213,Non-binary,English
13214,1968-09-03,13214,13214,Non-binary,Russian
13215,1970-03-22,13215,13215,Non-binary,Greek
13216,1980-09-20,13216,13216,Non-binary,Japanese
13217,1999-10-08,13217,13217,Non-binary,Arabic
13218,1968-05-28,13218,13218,Male,Thai
13219,1991-10-29,13219,13219,Non-binary,Swedish
13220,1986-08-06,13220,13220,Male,Dutch
13221,1997-01-08,13221,13221,Prefer not to say,Thai
13222,1999-03-11,13222,13222,Prefer not to say,Vietnamese
13223,1997-09-20,13223,13223,Non-binary,Vietnamese
13224,1978-04-29,13224,13224,Prefer not to say,Vietnamese
13225,1979-05-29,13225,13225,Non-binary,Japanese
13226,1971-12-15,13226,13226,Female,Mandarin
13227,1968-09-10,13227,13227,Male,Greek
13228,1995-07-06,13228,13228,Non-binary,Thai
13229,1977-07-06,13229,13229,Male,Turkish
13230,1985-06-22,13230,13230,Female,German
13231,1982-12-31,13231,13231,Male,English
13232,1962-12-23,13232,13232,Male,Thai
13233,1989-01-05,13233,13233,Female,Turkish
13234,1983-11-05,13234,13234,Male,Swedish
13235,1984-05-05,13235,13235,Male,Vietnamese
13236,1979-09-18,13236,13236,Male,Turkish
13237,1995-04-07,13237,13237,Prefer not to say,Italian
13238,1963-04-12,13238,13238,Non-binary,Portuguese
13239,1963-09-30,13239,13239,Prefer not to say,Dutch
13240,1993-02-09,13240,13240,Non-binary,Turkish
13241,1980-09-19,13241,13241,Prefer not to say,Vietnamese
13242,1965-12-19,13242,13242,Male,Hindi
13243,1999-09-08,13243,13243,Female,Spanish
13244,1997-03-16,13244,13244,Prefer not to say,Mandarin
13245,1990-12-15,13245,13245,Female,Romanian
13246,1986-09-09,13246,13246,Non-binary,Romanian
13247,1990-05-20,13247,13247,Prefer not to say,English
13248,1991-09-05,13248,13248,Prefer not to say,Greek
13249,1984-05-22,13249,13249,Non-binary,Greek
13250,1989-11-02,13250,13250,Male,Hindi
13251,1973-03-02,13251,13251,Male,Arabic
13252,2000-02-02,13252,13252,Non-binary,Arabic
13253,1994-09-06,13253,13253,Non-binary,Vietnamese
13254,1978-09-28,13254,13254,Male,Turkish
13255,1960-03-21,13255,13255,Non-binary,Hindi
13256,1980-11-03,13256,13256,Female,Italian
13257,1961-04-22,13257,13257,Female,Vietnamese
13258,1982-11-07,13258,13258,Prefer not to say,Italian
13259,1972-01-18,13259,13259,Prefer not to say,Mandarin
13260,1982-01-13,13260,13260,Female,Hindi
13261,1982-07-30,13261,13261,Non-binary,Russian
13262,2000-01-10,13262,13262,Prefer not to say,Greek
13263,1969-05-26,13263,13263,Non-binary,Italian
13264,1983-11-28,13264,13264,Female,Portuguese
13265,1964-04-10,13265,13265,Non-binary,Korean
13266,1971-03-03,13266,13266,Prefer not to say,Mandarin
13267,1981-03-15,13267,13267,Prefer not to say,Spanish
13268,1972-07-21,13268,13268,Non-binary,Italian
13269,1995-04-01,13269,13269,Male,Korean
13270,1984-11-08,13270,13270,Non-binary,French
13271,1960-06-02,13271,13271,Female,English
13272,1984-10-18,13272,13272,Prefer not to say,Hindi
13273,1984-11-29,13273,13273,Prefer not to say,Swedish
13274,1988-10-15,13274,13274,Male,Swedish
13275,1973-10-19,13275,13275,Non-binary,Greek
13276,1963-07-02,13276,13276,Male,Romanian
13277,1973-08-27,13277,13277,Non-binary,German
13278,1962-06-21,13278,13278,Non-binary,Mandarin
13279,1967-05-21,13279,13279,Male,Russian
13280,1962-03-13,13280,13280,Prefer not to say,Spanish
13281,1988-01-06,13281,13281,Non-binary,Hindi
13282,1974-01-23,13282,13282,Female,Spanish
13283,1975-02-18,13283,13283,Prefer not to say,German
13284,1985-10-19,13284,13284,Male,Russian
13285,1988-06-23,13285,13285,Male,Hindi
13286,1965-12-06,13286,13286,Non-binary,French
13287,1960-07-09,13287,13287,Male,Russian
13288,1991-03-24,13288,13288,Female,Russian
13289,1971-02-21,13289,13289,Female,Portuguese
13290,1986-05-17,13290,13290,Female,Spanish
13291,1983-08-16,13291,13291,Male,German
13292,1997-08-10,13292,13292,Female,Dutch
13293,1998-04-12,13293,13293,Male,Mandarin
13294,1975-08-04,13294,13294,Non-binary,Korean
13295,1982-10-04,13295,13295,Non-binary,Romanian
13296,1981-12-15,13296,13296,Non-binary,English
13297,1985-03-18,13297,13297,Female,Dutch
13298,1976-12-08,13298,13298,Female,Turkish
13299,1964-07-27,13299,13299,Non-binary,Thai
13300,1977-08-30,13300,13300,Male,French
13301,1974-02-21,13301,13301,Prefer not to say,Turkish
13302,1972-02-14,13302,13302,Prefer not to say,Russian
13303,1999-03-26,13303,13303,Female,Russian
13304,1987-11-25,13304,13304,Female,Thai
13305,1982-11-30,13305,13305,Male,Arabic
13306,1984-12-30,13306,13306,Non-binary,Korean
13307,1983-04-03,13307,13307,Male,Vietnamese
13308,1988-07-29,13308,13308,Prefer not to say,German
13309,1960-05-01,13309,13309,Female,Mandarin
13310,1986-03-01,13310,13310,Female,Vietnamese
13311,1978-02-17,13311,13311,Non-binary,Portuguese
13312,1974-11-02,13312,13312,Female,Greek
13313,1988-11-23,13313,13313,Female,Romanian
13314,1961-11-14,13314,13314,Female,Turkish
13315,1970-09-28,13315,13315,Male,Turkish
13316,1999-05-22,13316,13316,Female,French
13317,1983-10-23,13317,13317,Prefer not to say,Thai
13318,1983-11-21,13318,13318,Female,Turkish
13319,1976-10-08,13319,13319,Prefer not to say,Dutch
13320,1992-05-26,13320,13320,Prefer not to say,Greek
13321,1980-06-18,13321,13321,Male,Hindi
13322,1994-09-02,13322,13322,Non-binary,Portuguese
13323,1994-02-12,13323,13323,Male,Hindi
13324,1994-10-15,13324,13324,Female,Italian
13325,1997-12-26,13325,13325,Female,Hindi
13326,1990-09-12,13326,13326,Female,Korean
13327,1994-05-10,13327,13327,Female,Hindi
13328,1978-04-17,13328,13328,Male,Hindi
13329,1964-01-02,13329,13329,Prefer not to say,Turkish
13330,1977-12-09,13330,13330,Prefer not to say,English
13331,1988-03-01,13331,13331,Female,Romanian
13332,1963-06-19,13332,13332,Female,Vietnamese
13333,1993-05-22,13333,13333,Male,Spanish
13334,1973-10-08,13334,13334,Non-binary,Mandarin
13335,1975-09-20,13335,13335,Prefer not to say,Thai
13336,1985-12-14,13336,13336,Female,Spanish
13337,1992-03-17,13337,13337,Female,English
13338,1971-06-17,13338,13338,Male,Romanian
13339,1977-10-29,13339,13339,Prefer not to say,Russian
13340,1986-12-13,13340,13340,Non-binary,Dutch
13341,1994-02-18,13341,13341,Male,Dutch
13342,1994-07-31,13342,13342,Female,Arabic
13343,1975-09-09,13343,13343,Prefer not to say,Hindi
13344,1971-10-16,13344,13344,Prefer not to say,Turkish
13345,1994-05-05,13345,13345,Non-binary,Turkish
13346,1985-04-01,13346,13346,Female,French
13347,1991-03-24,13347,13347,Female,Arabic
13348,1968-12-27,13348,13348,Non-binary,Portuguese
13349,1997-11-03,13349,13349,Non-binary,Dutch
13350,1992-06-10,13350,13350,Prefer not to say,Mandarin
13351,1985-09-07,13351,13351,Prefer not to say,French
13352,1972-05-20,13352,13352,Female,Portuguese
13353,1992-02-06,13353,13353,Prefer not to say,French
13354,1968-02-02,13354,13354,Prefer not to say,Dutch
13355,1961-11-27,13355,13355,Prefer not to say,Romanian
13356,1976-01-22,13356,13356,Prefer not to say,Hindi
13357,1997-12-25,13357,13357,Non-binary,Arabic
13358,1987-02-09,13358,13358,Female,Romanian
13359,1994-03-13,13359,13359,Female,Russian
13360,1981-08-15,13360,13360,Male,English
13361,1991-03-02,13361,13361,Male,Mandarin
13362,2000-11-04,13362,13362,Male,Italian
13363,1990-08-02,13363,13363,Prefer not to say,Russian
13364,1968-12-20,13364,13364,Prefer not to say,Greek
13365,1984-05-03,13365,13365,Non-binary,Portuguese
13366,1966-08-05,13366,13366,Prefer not to say,Romanian
13367,1997-05-24,13367,13367,Female,Italian
13368,1980-02-01,13368,13368,Male,Romanian
13369,1984-02-04,13369,13369,Non-binary,Dutch
13370,1997-09-12,13370,13370,Non-binary,Spanish
13371,1965-05-21,13371,13371,Male,Turkish
13372,1986-11-27,13372,13372,Prefer not to say,Greek
13373,1975-08-23,13373,13373,Prefer not to say,Arabic
13374,1973-01-02,13374,13374,Prefer not to say,Russian
13375,1962-04-14,13375,13375,Male,Turkish
13376,1961-04-10,13376,13376,Non-binary,Portuguese
13377,1981-06-02,13377,13377,Female,Portuguese
13378,1992-09-27,13378,13378,Prefer not to say,Russian
13379,1987-12-31,13379,13379,Prefer not to say,Greek
13380,1967-02-17,13380,13380,Female,Spanish
13381,1964-04-27,13381,13381,Non-binary,Spanish
13382,1987-11-16,13382,13382,Prefer not to say,Swedish
13383,1982-10-04,13383,13383,Prefer not to say,Turkish
13384,1972-10-17,13384,13384,Non-binary,German
13385,1983-10-19,13385,13385,Female,Spanish
13386,1993-12-04,13386,13386,Female,Thai
13387,1992-01-22,13387,13387,Male,Hindi
13388,1973-01-23,13388,13388,Non-binary,Dutch
13389,1990-11-30,13389,13389,Non-binary,Spanish
13390,1978-06-25,13390,13390,Non-binary,English
13391,1991-01-02,13391,13391,Non-binary,Dutch
13392,1964-03-14,13392,13392,Non-binary,Spanish
13393,1986-04-27,13393,13393,Male,Greek
13394,2000-03-18,13394,13394,Non-binary,Swedish
13395,1983-06-06,13395,13395,Non-binary,Polish
13396,1984-01-02,13396,13396,Prefer not to say,Greek
13397,1983-02-24,13397,13397,Female,Italian
13398,1965-05-20,13398,13398,Male,Dutch
13399,1965-02-02,13399,13399,Prefer not to say,Arabic
13400,1974-05-05,13400,13400,Prefer not to say,Greek
13401,1992-11-29,13401,13401,Prefer not to say,Polish
13402,1962-02-12,13402,13402,Male,Italian
13403,1991-03-08,13403,13403,Non-binary,Turkish
13404,1980-10-27,13404,13404,Prefer not to say,Russian
13405,1981-05-07,13405,13405,Male,Hindi
13406,1969-10-01,13406,13406,Female,Mandarin
13407,1965-07-04,13407,13407,Prefer not to say,Vietnamese
13408,1975-10-16,13408,13408,Prefer not to say,Hindi
13409,1995-12-20,13409,13409,Non-binary,Japanese
13410,1994-03-25,13410,13410,Female,Dutch
13411,1978-03-02,13411,13411,Non-binary,Polish
13412,1966-12-28,13412,13412,Male,French
13413,1965-08-09,13413,13413,Non-binary,Vietnamese
13414,1971-06-13,13414,13414,Non-binary,Romanian
13415,1994-03-01,13415,13415,Female,Hindi
13416,1988-11-16,13416,13416,Prefer not to say,Vietnamese
13417,1992-04-08,13417,13417,Non-binary,Spanish
13418,1981-04-10,13418,13418,Non-binary,Dutch
13419,1988-12-06,13419,13419,Male,German
13420,1982-01-08,13420,13420,Male,Romanian
13421,1987-07-17,13421,13421,Male,Korean
13422,1994-02-12,13422,13422,Male,French
13423,1987-03-27,13423,13423,Prefer not to say,Hindi
13424,1999-02-26,13424,13424,Non-binary,Russian
13425,1966-06-01,13425,13425,Non-binary,Japanese
13426,1963-02-01,13426,13426,Male,Mandarin
13427,1993-03-27,13427,13427,Male,Italian
13428,1985-02-18,13428,13428,Female,French
13429,1995-11-01,13429,13429,Male,English
13430,1990-09-25,13430,13430,Non-binary,Hindi
13431,1988-05-23,13431,13431,Male,Turkish
13432,1963-09-18,13432,13432,Prefer not to say,Portuguese
13433,1995-05-26,13433,13433,Non-binary,Greek
13434,1983-09-29,13434,13434,Male,Romanian
13435,1969-09-05,13435,13435,Prefer not to say,French
13436,1987-04-11,13436,13436,Female,Turkish
13437,1975-03-10,13437,13437,Male,Japanese
13438,1980-12-07,13438,13438,Female,Romanian
13439,1976-01-28,13439,13439,Female,Romanian
13440,1995-07-01,13440,13440,Non-binary,English
13441,1966-03-26,13441,13441,Prefer not to say,Swedish
13442,1983-02-04,13442,13442,Female,Arabic
13443,1990-06-20,13443,13443,Non-binary,Japanese
13444,1979-03-20,13444,13444,Female,Japanese
13445,1999-08-02,13445,13445,Prefer not to say,Turkish
13446,1973-06-03,13446,13446,Male,Portuguese
13447,1968-08-21,13447,13447,Prefer not to say,Arabic
13448,1979-03-19,13448,13448,Prefer not to say,Thai
13449,1993-11-29,13449,13449,Female,Romanian
13450,1962-12-05,13450,13450,Female,Romanian
13451,1976-02-14,13451,13451,Non-binary,Polish
13452,1961-04-03,13452,13452,Male,Korean
13453,1988-01-05,13453,13453,Female,Swedish
13454,1998-05-17,13454,13454,Prefer not to say,Greek
13455,1985-06-10,13455,13455,Prefer not to say,Romanian
13456,1993-10-04,13456,13456,Non-binary,Vietnamese
13457,1971-07-19,13457,13457,Non-binary,Mandarin
13458,1975-12-02,13458,13458,Female,Mandarin
13459,1991-08-22,13459,13459,Male,Mandarin
13460,1969-03-17,13460,13460,Female,Turkish
13461,1995-04-30,13461,13461,Prefer not to say,Vietnamese
13462,1971-08-13,13462,13462,Prefer not to say,Mandarin
13463,1967-06-26,13463,13463,Prefer not to say,Mandarin
13464,1967-09-20,13464,13464,Non-binary,Russian
13465,1984-04-25,13465,13465,Male,German
13466,1989-01-05,13466,13466,Non-binary,Japanese
13467,1995-11-25,13467,13467,Non-binary,Arabic
13468,1966-03-25,13468,13468,Prefer not to say,Thai
13469,1985-07-14,13469,13469,Female,Spanish
13470,1964-07-05,13470,13470,Prefer not to say,Greek
13471,1987-01-28,13471,13471,Non-binary,Korean
13472,1969-08-08,13472,13472,Prefer not to say,Japanese
13473,1974-09-12,13473,13473,Prefer not to say,Mandarin
13474,1995-04-13,13474,13474,Male,Dutch
13475,1983-12-05,13475,13475,Non-binary,Korean
13476,1964-01-15,13476,13476,Prefer not to say,Turkish
13477,1961-07-04,13477,13477,Prefer not to say,Greek
13478,1962-06-18,13478,13478,Prefer not to say,Korean
13479,1976-09-21,13479,13479,Prefer not to say,Japanese
13480,1968-02-21,13480,13480,Prefer not to say,Mandarin
13481,1987-08-02,13481,13481,Prefer not to say,Hindi
13482,1963-02-04,13482,13482,Non-binary,Polish
13483,1970-02-01,13483,13483,Female,Arabic
13484,1963-09-26,13484,13484,Non-binary,German
13485,1971-02-21,13485,13485,Non-binary,Turkish
13486,1986-02-24,13486,13486,Prefer not to say,Greek
13487,1998-12-12,13487,13487,Male,Japanese
13488,1996-03-26,13488,13488,Female,Turkish
13489,1964-02-07,13489,13489,Prefer not to say,Russian
13490,1976-08-08,13490,13490,Prefer not to say,Russian
13491,1973-10-05,13491,13491,Prefer not to say,Italian
13492,1988-02-26,13492,13492,Non-binary,Vietnamese
13493,1971-08-28,13493,13493,Non-binary,Greek
13494,1994-02-21,13494,13494,Male,Vietnamese
13495,1978-05-15,13495,13495,Male,Turkish
13496,1966-06-26,13496,13496,Non-binary,Thai
13497,1982-07-20,13497,13497,Male,Romanian
13498,1990-01-05,13498,13498,Female,Turkish
13499,1982-04-25,13499,13499,Non-binary,French
13500,1973-11-23,13500,13500,Male,Polish
13501,1980-05-02,13501,13501,Male,Dutch
13502,1973-11-16,13502,13502,Non-binary,Spanish
13503,1968-03-19,13503,13503,Male,Arabic
13504,1988-02-21,13504,13504,Non-binary,Dutch
13505,1985-12-12,13505,13505,Male,Mandarin
13506,1982-08-20,13506,13506,Non-binary,Arabic
13507,1985-05-17,13507,13507,Male,Greek
13508,1972-01-04,13508,13508,Female,Japanese
13509,2000-03-08,13509,13509,Prefer not to say,Hindi
13510,1993-02-16,13510,13510,Male,Portuguese
13511,1994-02-21,13511,13511,Non-binary,Italian
13512,1996-12-14,13512,13512,Prefer not to say,Swedish
13513,1982-01-19,13513,13513,Female,Swedish
13514,1976-04-19,13514,13514,Non-binary,Portuguese
13515,1990-05-28,13515,13515,Male,German
13516,1980-09-16,13516,13516,Female,Greek
13517,1966-08-25,13517,13517,Male,Thai
13518,1988-07-11,13518,13518,Non-binary,Swedish
13519,1976-03-14,13519,13519,Prefer not to say,Italian
13520,1978-01-17,13520,13520,Female,Romanian
13521,1960-04-24,13521,13521,Female,Spanish
13522,1981-09-30,13522,13522,Prefer not to say,Swedish
13523,1997-10-10,13523,13523,Female,Polish
13524,1978-02-23,13524,13524,Prefer not to say,German
13525,1980-04-02,13525,13525,Male,German
13526,1971-10-22,13526,13526,Prefer not to say,Dutch
13527,1995-05-25,13527,13527,Male,Polish
13528,1976-12-28,13528,13528,Male,Portuguese
13529,1966-12-30,13529,13529,Female,English
13530,1985-05-07,13530,13530,Male,Vietnamese
13531,1986-07-11,13531,13531,Female,Romanian
13532,1996-10-12,13532,13532,Prefer not to say,English
13533,1989-04-05,13533,13533,Non-binary,Thai
13534,1982-04-02,13534,13534,Female,Hindi
13535,1966-09-28,13535,13535,Female,Arabic
13536,1977-01-01,13536,13536,Female,Greek
13537,1980-01-14,13537,13537,Female,Mandarin
13538,1993-05-26,13538,13538,Prefer not to say,Thai
13539,1993-07-11,13539,13539,Prefer not to say,Thai
13540,1978-02-28,13540,13540,Prefer not to say,Polish
13541,2000-05-03,13541,13541,Male,Japanese
13542,1994-04-11,13542,13542,Male,Romanian
13543,2000-12-07,13543,13543,Prefer not to say,Turkish
13544,1994-08-16,13544,13544,Male,Hindi
13545,1980-07-26,13545,13545,Non-binary,Mandarin
13546,1978-03-04,13546,13546,Prefer not to say,Arabic
13547,1975-09-09,13547,13547,Prefer not to say,Russian
13548,1985-06-21,13548,13548,Prefer not to say,Arabic
13549,1977-04-30,13549,13549,Non-binary,Mandarin
13550,1996-11-23,13550,13550,Female,Spanish
13551,1981-01-23,13551,13551,Prefer not to say,Romanian
13552,1966-06-17,13552,13552,Non-binary,Polish
13553,1979-08-12,13553,13553,Non-binary,Italian
13554,1974-10-23,13554,13554,Female,Turkish
13555,1988-02-15,13555,13555,Non-binary,Spanish
13556,1992-06-30,13556,13556,Non-binary,French
13557,1979-01-04,13557,13557,Female,Romanian
13558,1985-02-13,13558,13558,Prefer not to say,Portuguese
13559,1969-03-03,13559,13559,Non-binary,French
13560,1982-11-11,13560,13560,Prefer not to say,Greek
13561,1987-12-02,13561,13561,Non-binary,Japanese
13562,1999-12-11,13562,13562,Non-binary,Polish
13563,1965-11-16,13563,13563,Prefer not to say,Polish
13564,1975-11-07,13564,13564,Female,Italian
13565,1973-08-08,13565,13565,Female,Italian
13566,1986-10-04,13566,13566,Non-binary,Dutch
13567,1999-10-11,13567,13567,Female,Korean
13568,1971-07-23,13568,13568,Male,Polish
13569,1987-05-02,13569,13569,Male,French
13570,1961-07-24,13570,13570,Male,Polish
13571,1987-08-24,13571,13571,Female,Swedish
13572,1980-09-24,13572,13572,Non-binary,Vietnamese
13573,1980-09-14,13573,13573,Male,Italian
13574,1988-04-16,13574,13574,Female,Greek
13575,1981-03-23,13575,13575,Non-binary,Greek
13576,1980-03-24,13576,13576,Prefer not to say,Russian
13577,1976-03-22,13577,13577,Non-binary,Greek
13578,1963-10-18,13578,13578,Non-binary,English
13579,1983-02-07,13579,13579,Female,Russian
13580,1977-08-14,13580,13580,Male,Hindi
13581,1977-03-30,13581,13581,Non-binary,Vietnamese
13582,1980-11-28,13582,13582,Male,French
13583,1986-06-08,13583,13583,Prefer not to say,Hindi
13584,1972-04-28,13584,13584,Female,Turkish
13585,1965-09-07,13585,13585,Female,French
13586,1977-12-21,13586,13586,Prefer not to say,Turkish
13587,1967-10-19,13587,13587,Male,Japanese
13588,1977-05-04,13588,13588,Non-binary,Turkish
13589,1999-09-05,13589,13589,Non-binary,Korean
13590,1986-12-09,13590,13590,Female,Russian
13591,1983-07-31,13591,13591,Female,Turkish
13592,1994-08-20,13592,13592,Female,Arabic
13593,1970-12-23,13593,13593,Prefer not to say,Dutch
13594,1975-02-17,13594,13594,Non-binary,Greek
13595,1993-02-27,13595,13595,Prefer not to say,Hindi
13596,1983-03-17,13596,13596,Female,Dutch
13597,1981-10-22,13597,13597,Male,Romanian
13598,1998-06-05,13598,13598,Female,Thai
13599,1980-09-21,13599,13599,Male,Turkish
13600,1961-11-23,13600,13600,Prefer not to say,Japanese
13601,1988-11-02,13601,13601,Non-binary,Spanish
13602,2000-03-04,13602,13602,Prefer not to say,Swedish
13603,1984-04-24,13603,13603,Male,Swedish
13604,1981-10-12,13604,13604,Non-binary,Russian
13605,1983-07-13,13605,13605,Female,Vietnamese
13606,1972-04-23,13606,13606,Female,Dutch
13607,1980-05-20,13607,13607,Female,Arabic
13608,1987-09-21,13608,13608,Non-binary,Thai
13609,1973-04-06,13609,13609,Male,French
13610,1993-10-07,13610,13610,Prefer not to say,Polish
13611,1994-10-28,13611,13611,Prefer not to say,Thai
13612,1979-02-25,13612,13612,Prefer not to say,Portuguese
13613,1984-03-27,13613,13613,Male,Mandarin
13614,1963-11-27,13614,13614,Prefer not to say,English
13615,1968-03-09,13615,13615,Male,Dutch
13616,1975-12-06,13616,13616,Male,Portuguese
13617,1997-08-15,13617,13617,Male,Dutch
13618,1980-08-04,13618,13618,Non-binary,Spanish
13619,1973-01-24,13619,13619,Female,Greek
13620,1988-03-07,13620,13620,Non-binary,Turkish
13621,1973-09-26,13621,13621,Male,Polish
13622,1961-10-09,13622,13622,Female,French
13623,1993-11-25,13623,13623,Prefer not to say,Hindi
13624,1993-12-20,13624,13624,Non-binary,Romanian
13625,1968-04-05,13625,13625,Prefer not to say,Hindi
13626,1990-02-03,13626,13626,Prefer not to say,Japanese
13627,1977-07-18,13627,13627,Female,German
13628,1992-01-06,13628,13628,Prefer not to say,Mandarin
13629,1961-12-14,13629,13629,Female,Korean
13630,1992-08-18,13630,13630,Female,Hindi
13631,1999-08-23,13631,13631,Non-binary,Swedish
13632,1998-02-25,13632,13632,Male,Polish
13633,1979-07-21,13633,13633,Male,Turkish
13634,1990-11-23,13634,13634,Non-binary,Portuguese
13635,1985-07-15,13635,13635,Female,Thai
13636,1999-11-30,13636,13636,Female,Turkish
13637,1990-05-30,13637,13637,Non-binary,Dutch
13638,1990-01-09,13638,13638,Female,Swedish
13639,1977-12-01,13639,13639,Male,Korean
13640,1977-12-13,13640,13640,Prefer not to say,Polish
13641,1993-11-09,13641,13641,Male,Hindi
13642,1991-11-25,13642,13642,Male,Polish
13643,1987-05-14,13643,13643,Prefer not to say,Turkish
13644,1975-01-13,13644,13644,Female,Dutch
13645,1997-02-13,13645,13645,Non-binary,Portuguese
13646,1987-01-24,13646,13646,Male,Swedish
13647,1984-06-29,13647,13647,Non-binary,Dutch
13648,1967-07-15,13648,13648,Prefer not to say,Spanish
13649,1988-03-14,13649,13649,Male,Dutch
13650,1969-04-10,13650,13650,Non-binary,Russian
13651,1967-12-20,13651,13651,Non-binary,Hindi
13652,1970-01-27,13652,13652,Prefer not to say,Swedish
13653,1988-11-28,13653,13653,Prefer not to say,Italian
13654,1988-04-14,13654,13654,Prefer not to say,Russian
13655,1962-01-25,13655,13655,Non-binary,Russian
13656,1973-09-26,13656,13656,Female,Greek
13657,1990-06-28,13657,13657,Male,Turkish
13658,1977-02-15,13658,13658,Non-binary,Mandarin
13659,1986-01-08,13659,13659,Non-binary,Portuguese
13660,1984-04-19,13660,13660,Female,Swedish
13661,1987-03-23,13661,13661,Male,Vietnamese
13662,1978-01-11,13662,13662,Female,Portuguese
13663,1984-04-12,13663,13663,Female,Turkish
13664,1993-05-18,13664,13664,Female,Japanese
13665,1975-09-26,13665,13665,Prefer not to say,Japanese
13666,1982-02-19,13666,13666,Female,Dutch
13667,1989-01-10,13667,13667,Male,Thai
13668,1983-11-25,13668,13668,Non-binary,Swedish
13669,1985-03-13,13669,13669,Female,Thai
13670,1986-07-09,13670,13670,Female,German
13671,1990-05-22,13671,13671,Prefer not to say,Dutch
13672,1974-10-19,13672,13672,Non-binary,Japanese
13673,1999-03-01,13673,13673,Prefer not to say,Dutch
13674,1961-11-23,13674,13674,Non-binary,Greek
13675,1985-10-02,13675,13675,Male,Spanish
13676,1964-02-22,13676,13676,Male,Spanish
13677,1969-04-12,13677,13677,Female,Portuguese
13678,1969-03-30,13678,13678,Female,German
13679,1997-08-15,13679,13679,Male,Arabic
13680,1993-07-12,13680,13680,Female,Vietnamese
13681,1986-12-19,13681,13681,Prefer not to say,Dutch
13682,1997-10-28,13682,13682,Prefer not to say,English
13683,1986-05-09,13683,13683,Male,Thai
13684,1983-09-23,13684,13684,Non-binary,English
13685,1976-09-11,13685,13685,Non-binary,Portuguese
13686,1989-09-15,13686,13686,Non-binary,Portuguese
13687,1995-08-14,13687,13687,Prefer not to say,Portuguese
13688,1999-10-12,13688,13688,Prefer not to say,Vietnamese
13689,1970-09-15,13689,13689,Female,Vietnamese
13690,1997-07-25,13690,13690,Non-binary,Italian
13691,1973-12-19,13691,13691,Non-binary,Dutch
13692,1963-12-07,13692,13692,Female,Italian
13693,1998-02-03,13693,13693,Male,Mandarin
13694,1983-11-28,13694,13694,Prefer not to say,Swedish
13695,1974-09-11,13695,13695,Non-binary,Thai
13696,2000-11-09,13696,13696,Female,Swedish
13697,1967-08-06,13697,13697,Female,Greek
13698,1993-01-22,13698,13698,Female,Vietnamese
13699,1964-03-17,13699,13699,Non-binary,Russian
13700,1996-08-11,13700,13700,Prefer not to say,Korean
13701,1993-08-25,13701,13701,Female,Polish
13702,1965-01-08,13702,13702,Prefer not to say,Korean
13703,1967-02-24,13703,13703,Female,Vietnamese
13704,1982-02-25,13704,13704,Male,Russian
13705,1974-08-19,13705,13705,Non-binary,Korean
13706,1995-04-28,13706,13706,Female,Italian
13707,2000-02-02,13707,13707,Non-binary,German
13708,1974-05-29,13708,13708,Prefer not to say,Hindi
13709,1973-06-22,13709,13709,Non-binary,Hindi
13710,1969-03-05,13710,13710,Prefer not to say,Dutch
13711,1983-07-21,13711,13711,Non-binary,French
13712,1998-10-10,13712,13712,Non-binary,Polish
13713,1981-05-13,13713,13713,Female,Russian
13714,1972-04-26,13714,13714,Male,Japanese
13715,1989-02-16,13715,13715,Female,Romanian
13716,1967-03-07,13716,13716,Non-binary,English
13717,1961-08-30,13717,13717,Non-binary,Spanish
13718,1988-09-05,13718,13718,Prefer not to say,Greek
13719,1977-10-07,13719,13719,Male,Hindi
13720,1971-07-12,13720,13720,Prefer not to say,Polish
13721,1999-02-15,13721,13721,Male,Arabic
13722,1993-02-07,13722,13722,Male,Japanese
13723,1975-08-27,13723,13723,Prefer not to say,Hindi
13724,1968-05-06,13724,13724,Non-binary,Swedish
13725,1966-11-05,13725,13725,Prefer not to say,Korean
13726,1983-12-29,13726,13726,Prefer not to say,Portuguese
13727,1984-06-22,13727,13727,Prefer not to say,Italian
13728,1995-12-09,13728,13728,Female,Dutch
13729,1993-06-07,13729,13729,Male,Greek
13730,1991-06-10,13730,13730,Prefer not to say,Swedish
13731,1995-09-05,13731,13731,Female,French
13732,1980-09-07,13732,13732,Female,Hindi
13733,1961-12-18,13733,13733,Prefer not to say,French
13734,1985-10-24,13734,13734,Non-binary,Spanish
13735,1984-09-04,13735,13735,Female,Italian
13736,1989-05-08,13736,13736,Male,Swedish
13737,1992-03-13,13737,13737,Non-binary,Italian
13738,1989-06-17,13738,13738,Prefer not to say,Greek
13739,1966-06-14,13739,13739,Female,Spanish
13740,2000-03-23,13740,13740,Female,Hindi
13741,1998-12-23,13741,13741,Non-binary,Korean
13742,1977-12-27,13742,13742,Female,Korean
13743,1988-07-19,13743,13743,Female,Hindi
13744,1992-11-09,13744,13744,Non-binary,Korean
13745,1996-08-24,13745,13745,Male,Vietnamese
13746,1968-01-19,13746,13746,Female,Italian
13747,1989-04-14,13747,13747,Non-binary,Japanese
13748,1998-06-11,13748,13748,Prefer not to say,Romanian
13749,1989-03-01,13749,13749,Female,Portuguese
13750,1970-03-27,13750,13750,Non-binary,Swedish
13751,1997-01-18,13751,13751,Prefer not to say,German
13752,1962-05-20,13752,13752,Non-binary,Polish
13753,1978-04-10,13753,13753,Non-binary,Hindi
13754,1964-11-13,13754,13754,Female,Dutch
13755,1975-12-23,13755,13755,Female,Greek
13756,2000-06-16,13756,13756,Prefer not to say,French
13757,1980-08-28,13757,13757,Female,Greek
13758,1970-10-01,13758,13758,Non-binary,Turkish
13759,1968-04-13,13759,13759,Prefer not to say,Arabic
13760,1962-01-05,13760,13760,Non-binary,Dutch
13761,1962-02-04,13761,13761,Male,Italian
13762,1992-10-22,13762,13762,Female,Thai
13763,1983-08-11,13763,13763,Female,Hindi
13764,1962-08-30,13764,13764,Female,Hindi
13765,1963-07-08,13765,13765,Non-binary,Turkish
13766,1998-04-10,13766,13766,Female,Italian
13767,1978-03-07,13767,13767,Female,French
13768,1988-07-16,13768,13768,Female,Korean
13769,1980-01-30,13769,13769,Non-binary,Italian
13770,1988-06-30,13770,13770,Female,French
13771,1989-06-23,13771,13771,Female,Russian
13772,1979-08-28,13772,13772,Non-binary,Spanish
13773,1961-12-08,13773,13773,Non-binary,Portuguese
13774,1979-05-13,13774,13774,Female,Portuguese
13775,1973-01-05,13775,13775,Prefer not to say,Korean
13776,1990-12-19,13776,13776,Prefer not to say,Korean
13777,1971-06-11,13777,13777,Prefer not to say,Korean
13778,1966-12-29,13778,13778,Female,Greek
13779,2000-02-02,13779,13779,Male,Turkish
13780,1987-01-30,13780,13780,Female,German
13781,1962-05-09,13781,13781,Prefer not to say,Japanese
13782,1994-10-30,13782,13782,Non-binary,Romanian
13783,1992-11-15,13783,13783,Female,Japanese
13784,1977-03-01,13784,13784,Male,Spanish
13785,1963-07-08,13785,13785,Non-binary,Polish
13786,1987-08-14,13786,13786,Non-binary,Polish
13787,1991-01-18,13787,13787,Non-binary,Russian
13788,1962-05-15,13788,13788,Male,Russian
13789,1974-04-15,13789,13789,Non-binary,French
13790,1969-05-15,13790,13790,Male,Italian
13791,1974-02-14,13791,13791,Prefer not to say,Thai
13792,1989-10-05,13792,13792,Male,Thai
13793,1997-10-29,13793,13793,Prefer not to say,Japanese
13794,1997-07-14,13794,13794,Non-binary,Hindi
13795,1991-10-08,13795,13795,Prefer not to say,French
13796,1985-04-11,13796,13796,Male,Polish
13797,1969-03-10,13797,13797,Prefer not to say,Vietnamese
13798,1973-03-17,13798,13798,Male,Italian
13799,1990-06-07,13799,13799,Male,Korean
13800,1963-12-10,13800,13800,Female,Spanish
13801,1971-11-13,13801,13801,Female,English
13802,1966-07-23,13802,13802,Non-binary,Japanese
13803,1961-08-26,13803,13803,Male,Swedish
13804,1972-04-30,13804,13804,Male,French
13805,1979-02-28,13805,13805,Prefer not to say,Swedish
13806,1995-06-07,13806,13806,Female,Polish
13807,1983-02-28,13807,13807,Non-binary,Russian
13808,1996-07-16,13808,13808,Prefer not to say,Japanese
13809,1971-08-04,13809,13809,Male,Vietnamese
13810,1967-01-16,13810,13810,Female,Vietnamese
13811,1961-01-14,13811,13811,Female,Romanian
13812,2000-11-18,13812,13812,Female,Thai
13813,1961-03-01,13813,13813,Non-binary,Polish
13814,1969-10-17,13814,13814,Prefer not to say,Turkish
13815,1962-09-21,13815,13815,Non-binary,Italian
13816,1975-12-14,13816,13816,Female,Russian
13817,1992-04-23,13817,13817,Prefer not to say,Turkish
13818,1998-02-17,13818,13818,Non-binary,English
13819,1977-12-21,13819,13819,Female,Turkish
13820,1990-07-15,13820,13820,Male,Thai
13821,1967-06-22,13821,13821,Prefer not to say,Korean
13822,1981-02-13,13822,13822,Prefer not to say,Mandarin
13823,1995-11-01,13823,13823,Non-binary,Russian
13824,1978-02-28,13824,13824,Non-binary,Mandarin
13825,1971-08-14,13825,13825,Non-binary,Dutch
13826,1991-09-18,13826,13826,Male,Thai
13827,1968-05-19,13827,13827,Prefer not to say,Vietnamese
13828,1992-09-15,13828,13828,Non-binary,German
13829,1999-08-13,13829,13829,Female,Vietnamese
13830,1995-09-25,13830,13830,Male,French
13831,1969-11-06,13831,13831,Non-binary,Japanese
13832,1967-02-13,13832,13832,Male,Vietnamese
13833,1966-11-11,13833,13833,Female,Italian
13834,1998-03-20,13834,13834,Male,Romanian
13835,1968-08-30,13835,13835,Prefer not to say,Swedish
13836,1967-11-09,13836,13836,Male,Romanian
13837,1966-10-04,13837,13837,Non-binary,Turkish
13838,1968-03-05,13838,13838,Female,Turkish
13839,1977-03-16,13839,13839,Prefer not to say,Korean
13840,1964-01-18,13840,13840,Prefer not to say,Greek
13841,1989-11-19,13841,13841,Male,Portuguese
13842,1963-03-10,13842,13842,Male,German
13843,1967-11-23,13843,13843,Female,Korean
13844,1962-09-07,13844,13844,Prefer not to say,Portuguese
13845,1980-06-30,13845,13845,Prefer not to say,Japanese
13846,1986-01-19,13846,13846,Prefer not to say,Turkish
13847,1972-02-08,13847,13847,Prefer not to say,Polish
13848,1973-04-16,13848,13848,Female,Polish
13849,1967-12-05,13849,13849,Female,Greek
13850,1982-05-16,13850,13850,Non-binary,Thai
13851,1969-03-01,13851,13851,Female,Arabic
13852,1978-12-25,13852,13852,Female,Thai
13853,1982-12-16,13853,13853,Non-binary,Polish
13854,1991-05-31,13854,13854,Male,Russian
13855,1974-04-29,13855,13855,Female,German
13856,1970-01-13,13856,13856,Male,Polish
13857,1995-04-08,13857,13857,Prefer not to say,Polish
13858,1997-09-23,13858,13858,Female,Romanian
13859,1961-02-20,13859,13859,Female,Greek
13860,1969-12-09,13860,13860,Non-binary,Dutch
13861,1988-10-22,13861,13861,Female,Japanese
13862,1977-12-10,13862,13862,Non-binary,Thai
13863,1982-04-24,13863,13863,Male,Vietnamese
13864,1992-02-06,13864,13864,Prefer not to say,Romanian
13865,1998-06-29,13865,13865,Female,Greek
13866,1968-11-27,13866,13866,Male,Vietnamese
13867,1984-03-15,13867,13867,Prefer not to say,Dutch
13868,1990-04-11,13868,13868,Prefer not to say,English
13869,1990-10-23,13869,13869,Prefer not to say,Japanese
13870,1984-09-18,13870,13870,Prefer not to say,Turkish
13871,1963-07-29,13871,13871,Male,Hindi
13872,1966-02-04,13872,13872,Male,Mandarin
13873,1976-03-04,13873,13873,Prefer not to say,Turkish
13874,1996-02-06,13874,13874,Male,Polish
13875,2000-09-29,13875,13875,Prefer not to say,English
13876,1986-09-09,13876,13876,Male,Swedish
13877,1994-07-03,13877,13877,Male,Greek
13878,1961-04-26,13878,13878,Prefer not to say,Portuguese
13879,2000-01-11,13879,13879,Non-binary,Thai
13880,1984-09-27,13880,13880,Male,Korean
13881,1978-09-08,13881,13881,Female,Swedish
13882,1988-02-26,13882,13882,Male,English
13883,1970-12-02,13883,13883,Prefer not to say,German
13884,1994-05-27,13884,13884,Female,Spanish
13885,1978-09-25,13885,13885,Prefer not to say,Vietnamese
13886,1961-09-22,13886,13886,Male,Dutch
13887,1971-11-15,13887,13887,Male,Arabic
13888,1968-08-31,13888,13888,Non-binary,German
13889,1999-05-06,13889,13889,Female,Hindi
13890,1965-05-03,13890,13890,Male,Japanese
13891,1990-04-29,13891,13891,Male,Thai
13892,1963-12-12,13892,13892,Female,Hindi
13893,1963-07-25,13893,13893,Non-binary,Italian
13894,1961-11-23,13894,13894,Prefer not to say,Hindi
13895,1976-06-30,13895,13895,Male,Vietnamese
13896,1998-04-21,13896,13896,Prefer not to say,Polish
13897,1969-09-19,13897,13897,Male,Portuguese
13898,1987-05-22,13898,13898,Non-binary,Mandarin
13899,1978-06-15,13899,13899,Prefer not to say,Romanian
13900,1975-06-14,13900,13900,Female,Italian
13901,1992-02-19,13901,13901,Female,Mandarin
13902,1984-06-10,13902,13902,Non-binary,Hindi
13903,1999-09-05,13903,13903,Male,English
13904,1995-03-27,13904,13904,Female,Polish
13905,1980-06-02,13905,13905,Male,Romanian
13906,1971-01-30,13906,13906,Female,Polish
13907,1995-12-09,13907,13907,Non-binary,Turkish
13908,1981-12-01,13908,13908,Female,French
13909,1968-05-16,13909,13909,Prefer not to say,German
13910,1973-06-08,13910,13910,Prefer not to say,Thai
13911,1991-09-03,13911,13911,Male,Swedish
13912,1970-01-21,13912,13912,Female,Italian
13913,1986-01-29,13913,13913,Female,Romanian
13914,1986-10-29,13914,13914,Male,Portuguese
13915,1975-05-21,13915,13915,Male,Mandarin
13916,1984-11-02,13916,13916,Male,Italian
13917,1966-09-10,13917,13917,Male,German
13918,1985-09-19,13918,13918,Female,Portuguese
13919,1987-06-11,13919,13919,Male,Russian
13920,1982-03-21,13920,13920,Male,Hindi
13921,2000-03-05,13921,13921,Female,Russian
13922,1992-03-25,13922,13922,Male,Korean
13923,1971-06-06,13923,13923,Non-binary,Vietnamese
13924,1982-02-07,13924,13924,Prefer not to say,Dutch
13925,1979-03-17,13925,13925,Non-binary,Japanese
13926,1986-02-06,13926,13926,Non-binary,Portuguese
13927,1993-01-27,13927,13927,Male,Korean
13928,1965-04-16,13928,13928,Female,Russian
13929,1968-03-22,13929,13929,Non-binary,Swedish
13930,1980-11-18,13930,13930,Female,Japanese
13931,1969-10-25,13931,13931,Female,Spanish
13932,1974-12-23,13932,13932,Prefer not to say,German
13933,1966-05-14,13933,13933,Non-binary,Thai
13934,1961-07-31,13934,13934,Non-binary,Arabic
13935,1975-09-18,13935,13935,Male,German
13936,1963-06-27,13936,13936,Prefer not to say,Polish
13937,1961-01-15,13937,13937,Non-binary,Spanish
13938,1974-04-04,13938,13938,Female,Russian
13939,1969-07-18,13939,13939,Prefer not to say,Korean
13940,1997-09-27,13940,13940,Non-binary,Hindi
13941,1982-08-31,13941,13941,Prefer not to say,French
13942,1962-11-02,13942,13942,Female,Romanian
13943,1976-09-25,13943,13943,Female,Portuguese
13944,1999-07-12,13944,13944,Male,Russian
13945,1975-12-31,13945,13945,Prefer not to say,German
13946,1983-08-25,13946,13946,Female,Dutch
13947,1972-06-18,13947,13947,Prefer not to say,English
13948,1967-08-02,13948,13948,Female,Japanese
13949,1989-02-16,13949,13949,Prefer not to say,Hindi
13950,1995-09-30,13950,13950,Non-binary,Swedish
13951,1971-10-28,13951,13951,Non-binary,Greek
13952,1976-09-04,13952,13952,Female,English
13953,1960-05-05,13953,13953,Non-binary,Italian
13954,2000-03-08,13954,13954,Female,Swedish
13955,1979-10-24,13955,13955,Prefer not to say,Swedish
13956,1968-12-13,13956,13956,Prefer not to say,Russian
13957,1980-06-15,13957,13957,Female,Swedish
13958,1964-06-05,13958,13958,Prefer not to say,Vietnamese
13959,1994-01-19,13959,13959,Prefer not to say,Vietnamese
13960,1975-09-10,13960,13960,Male,English
13961,1973-01-18,13961,13961,Female,Vietnamese
13962,1983-05-08,13962,13962,Male,Hindi
13963,1978-10-26,13963,13963,Male,Greek
13964,1996-02-23,13964,13964,Prefer not to say,Korean
13965,1991-02-16,13965,13965,Male,Turkish
13966,1981-12-11,13966,13966,Non-binary,Turkish
13967,1996-11-22,13967,13967,Prefer not to say,Vietnamese
13968,1978-07-01,13968,13968,Female,Arabic
13969,1991-07-10,13969,13969,Non-binary,Swedish
13970,1993-09-01,13970,13970,Non-binary,Greek
13971,1963-04-19,13971,13971,Non-binary,Italian
13972,1999-04-05,13972,13972,Non-binary,Greek
13973,1972-03-04,13973,13973,Male,Greek
13974,1989-06-02,13974,13974,Non-binary,Polish
13975,1986-09-16,13975,13975,Male,Romanian
13976,1970-12-05,13976,13976,Non-binary,Swedish
13977,1977-05-15,13977,13977,Non-binary,Arabic
13978,1990-11-26,13978,13978,Male,English
13979,1963-11-21,13979,13979,Non-binary,Korean
13980,1981-11-13,13980,13980,Non-binary,Swedish
13981,1973-04-05,13981,13981,Male,Portuguese
13982,1966-03-17,13982,13982,Prefer not to say,Turkish
13983,1995-03-09,13983,13983,Non-binary,Thai
13984,1969-10-25,13984,13984,Non-binary,Portuguese
13985,1978-06-07,13985,13985,Female,Arabic
13986,1980-07-07,13986,13986,Prefer not to say,German
13987,1964-03-02,13987,13987,Prefer not to say,Russian
13988,1986-01-11,13988,13988,Prefer not to say,German
13989,1977-04-29,13989,13989,Female,Hindi
13990,1966-02-22,13990,13990,Male,Polish
13991,1991-01-27,13991,13991,Male,Polish
13992,1992-05-02,13992,13992,Male,Portuguese
13993,1967-11-27,13993,13993,Female,Thai
13994,1962-03-23,13994,13994,Prefer not to say,Hindi
13995,1965-12-13,13995,13995,Non-binary,English
13996,1969-11-10,13996,13996,Male,Turkish
13997,1976-11-12,13997,13997,Male,Greek
13998,1976-09-11,13998,13998,Prefer not to say,Greek
13999,1986-05-01,13999,13999,Female,Romanian
14000,1988-11-30,14000,14000,Non-binary,Swedish
14001,1981-04-28,14001,14001,Non-binary,Arabic
14002,1964-08-27,14002,14002,Prefer not to say,Italian
14003,1964-10-24,14003,14003,Non-binary,Vietnamese
14004,1965-01-10,14004,14004,Non-binary,Arabic
14005,1991-01-04,14005,14005,Male,Dutch
14006,1994-07-03,14006,14006,Non-binary,Vietnamese
14007,1967-12-19,14007,14007,Prefer not to say,Thai
14008,1964-10-23,14008,14008,Male,English
14009,1996-04-01,14009,14009,Non-binary,French
14010,1983-07-24,14010,14010,Non-binary,Vietnamese
14011,1970-06-25,14011,14011,Non-binary,Romanian
14012,1971-09-11,14012,14012,Female,Japanese
14013,1975-10-13,14013,14013,Non-binary,Korean
14014,1974-11-10,14014,14014,Non-binary,German
14015,1978-08-07,14015,14015,Male,Greek
14016,1989-03-01,14016,14016,Male,Korean
14017,1977-06-09,14017,14017,Non-binary,Mandarin
14018,1971-09-24,14018,14018,Non-binary,Greek
14019,1999-05-21,14019,14019,Male,Greek
14020,1997-01-07,14020,14020,Female,German
14021,1996-11-07,14021,14021,Male,Spanish
14022,1975-08-26,14022,14022,Prefer not to say,Dutch
14023,1984-11-21,14023,14023,Prefer not to say,Dutch
14024,1968-01-30,14024,14024,Female,Italian
14025,1985-01-07,14025,14025,Female,Romanian
14026,1985-08-20,14026,14026,Prefer not to say,Hindi
14027,1983-12-23,14027,14027,Non-binary,Dutch
14028,1993-12-04,14028,14028,Non-binary,Japanese
14029,1985-04-19,14029,14029,Non-binary,Portuguese
14030,1995-05-16,14030,14030,Prefer not to say,Vietnamese
14031,1967-10-21,14031,14031,Non-binary,Thai
14032,1998-12-14,14032,14032,Non-binary,Portuguese
14033,1986-05-08,14033,14033,Female,Italian
14034,1967-04-20,14034,14034,Male,Mandarin
14035,1999-04-29,14035,14035,Prefer not to say,Arabic
14036,1973-12-17,14036,14036,Prefer not to say,Spanish
14037,1982-07-25,14037,14037,Prefer not to say,Dutch
14038,1962-04-02,14038,14038,Prefer not to say,Hindi
14039,1975-08-14,14039,14039,Male,Spanish
14040,1979-11-03,14040,14040,Non-binary,Mandarin
14041,1982-01-28,14041,14041,Male,Vietnamese
14042,1960-01-08,14042,14042,Male,Portuguese
14043,1987-09-15,14043,14043,Female,Romanian
14044,1996-10-08,14044,14044,Female,Romanian
14045,1988-04-18,14045,14045,Non-binary,Dutch
14046,1968-03-10,14046,14046,Non-binary,Swedish
14047,1996-07-09,14047,14047,Male,Italian
14048,1971-08-26,14048,14048,Male,Spanish
14049,2000-05-18,14049,14049,Prefer not to say,Dutch
14050,1964-04-08,14050,14050,Male,English
14051,1983-03-16,14051,14051,Female,English
14052,1972-12-30,14052,14052,Non-binary,English
14053,1976-07-31,14053,14053,Non-binary,Mandarin
14054,1989-10-17,14054,14054,Prefer not to say,Mandarin
14055,1982-06-01,14055,14055,Prefer not to say,Russian
14056,1968-04-26,14056,14056,Prefer not to say,Dutch
14057,1960-04-30,14057,14057,Female,Romanian
14058,1996-03-11,14058,14058,Prefer not to say,English
14059,1996-11-29,14059,14059,Male,French
14060,1999-08-17,14060,14060,Male,Japanese
14061,1985-12-25,14061,14061,Prefer not to say,Japanese
14062,1964-01-08,14062,14062,Prefer not to say,French
14063,1979-02-21,14063,14063,Prefer not to say,English
14064,1979-01-01,14064,14064,Non-binary,German
14065,1999-02-01,14065,14065,Prefer not to say,Russian
14066,1966-06-20,14066,14066,Non-binary,Thai
14067,1979-12-15,14067,14067,Prefer not to say,Russian
14068,1977-05-11,14068,14068,Female,Swedish
14069,1984-07-27,14069,14069,Non-binary,Dutch
14070,1974-07-24,14070,14070,Male,Dutch
14071,1991-05-04,14071,14071,Prefer not to say,French
14072,1996-01-31,14072,14072,Non-binary,Arabic
14073,1980-08-15,14073,14073,Prefer not to say,Vietnamese
14074,1962-09-16,14074,14074,Male,Mandarin
14075,1968-04-29,14075,14075,Female,Mandarin
14076,1989-04-19,14076,14076,Non-binary,Swedish
14077,1964-03-17,14077,14077,Prefer not to say,Portuguese
14078,1965-03-19,14078,14078,Male,Polish
14079,1974-06-08,14079,14079,Male,French
14080,1970-02-07,14080,14080,Female,Japanese
14081,1998-06-12,14081,14081,Female,Romanian
14082,1975-03-04,14082,14082,Female,Turkish
14083,1997-01-17,14083,14083,Male,French
14084,1966-07-03,14084,14084,Prefer not to say,Thai
14085,1962-07-25,14085,14085,Non-binary,Greek
14086,1980-06-25,14086,14086,Non-binary,Greek
14087,1983-03-10,14087,14087,Non-binary,Turkish
14088,1996-05-19,14088,14088,Female,Spanish
14089,1994-10-14,14089,14089,Male,Russian
14090,1998-04-14,14090,14090,Non-binary,English
14091,1962-09-05,14091,14091,Non-binary,Romanian
14092,1975-09-16,14092,14092,Male,Vietnamese
14093,1966-10-23,14093,14093,Female,Vietnamese
14094,1967-12-13,14094,14094,Non-binary,Swedish
14095,1972-04-02,14095,14095,Non-binary,English
14096,1960-01-30,14096,14096,Prefer not to say,Spanish
14097,1996-04-02,14097,14097,Prefer not to say,Dutch
14098,1983-04-14,14098,14098,Prefer not to say,Hindi
14099,1979-07-22,14099,14099,Female,French
14100,1965-10-01,14100,14100,Prefer not to say,Japanese
14101,1971-08-29,14101,14101,Non-binary,Portuguese
14102,1980-06-14,14102,14102,Male,Korean
14103,1992-06-12,14103,14103,Female,Swedish
14104,1975-11-23,14104,14104,Non-binary,Japanese
14105,1978-08-01,14105,14105,Female,Romanian
14106,1978-12-16,14106,14106,Prefer not to say,French
14107,1988-09-10,14107,14107,Non-binary,Arabic
14108,1974-08-30,14108,14108,Non-binary,Russian
14109,1985-06-09,14109,14109,Prefer not to say,German
14110,2000-01-29,14110,14110,Male,Russian
14111,1980-02-05,14111,14111,Non-binary,German
14112,1982-11-24,14112,14112,Male,Romanian
14113,1963-09-04,14113,14113,Female,Korean
14114,1966-09-05,14114,14114,Prefer not to say,Thai
14115,1995-04-05,14115,14115,Prefer not to say,Swedish
14116,1998-06-07,14116,14116,Female,Greek
14117,1967-08-18,14117,14117,Prefer not to say,Turkish
14118,1990-02-01,14118,14118,Prefer not to say,Spanish
14119,1973-10-16,14119,14119,Female,Turkish
14120,1994-05-28,14120,14120,Female,Spanish
14121,1983-03-28,14121,14121,Male,Italian
14122,1979-05-27,14122,14122,Female,Spanish
14123,1977-11-16,14123,14123,Male,Turkish
14124,1991-08-26,14124,14124,Prefer not to say,Japanese
14125,1982-02-23,14125,14125,Male,Hindi
14126,1978-06-29,14126,14126,Prefer not to say,Swedish
14127,1996-12-10,14127,14127,Female,English
14128,1970-04-02,14128,14128,Female,Polish
14129,1990-04-11,14129,14129,Male,German
14130,1980-03-22,14130,14130,Female,Italian
14131,1975-05-04,14131,14131,Male,Portuguese
14132,1995-03-18,14132,14132,Female,Japanese
14133,1982-12-26,14133,14133,Prefer not to say,Vietnamese
14134,1998-01-13,14134,14134,Non-binary,Hindi
14135,1978-06-11,14135,14135,Prefer not to say,Korean
14136,1969-10-05,14136,14136,Prefer not to say,Greek
14137,1989-12-13,14137,14137,Non-binary,Romanian
14138,1967-02-10,14138,14138,Non-binary,German
14139,1981-06-07,14139,14139,Female,Turkish
14140,1989-04-14,14140,14140,Female,Hindi
14141,1966-08-31,14141,14141,Female,Mandarin
14142,1984-11-03,14142,14142,Prefer not to say,Polish
14143,2000-11-15,14143,14143,Female,Romanian
14144,1999-12-09,14144,14144,Prefer not to say,Russian
14145,1978-08-08,14145,14145,Male,Vietnamese
14146,1969-05-30,14146,14146,Male,Japanese
14147,1993-12-24,14147,14147,Male,Vietnamese
14148,1990-07-20,14148,14148,Prefer not to say,Greek
14149,1971-07-07,14149,14149,Female,Spanish
14150,1965-11-07,14150,14150,Prefer not to say,Korean
14151,1998-04-12,14151,14151,Non-binary,Hindi
14152,1969-03-06,14152,14152,Non-binary,Italian
14153,1973-01-07,14153,14153,Non-binary,Polish
14154,1995-05-29,14154,14154,Prefer not to say,Arabic
14155,1984-05-19,14155,14155,Female,Dutch
14156,1964-08-07,14156,14156,Non-binary,Turkish
14157,1970-06-23,14157,14157,Non-binary,Swedish
14158,1994-03-03,14158,14158,Prefer not to say,Mandarin
14159,1985-03-23,14159,14159,Female,Korean
14160,1965-11-02,14160,14160,Non-binary,Portuguese
14161,1975-03-14,14161,14161,Non-binary,Mandarin
14162,1977-03-10,14162,14162,Female,Hindi
14163,1968-12-25,14163,14163,Female,Hindi
14164,1985-01-13,14164,14164,Male,Japanese
14165,1995-07-03,14165,14165,Non-binary,French
14166,1975-12-26,14166,14166,Male,Polish
14167,1988-02-09,14167,14167,Prefer not to say,Mandarin
14168,1980-06-13,14168,14168,Prefer not to say,French
14169,1963-07-23,14169,14169,Prefer not to say,Korean
14170,1967-07-29,14170,14170,Female,Arabic
14171,1966-05-29,14171,14171,Prefer not to say,Polish
14172,1981-11-29,14172,14172,Female,Swedish
14173,1987-01-15,14173,14173,Male,Spanish
14174,1987-02-07,14174,14174,Non-binary,Mandarin
14175,1982-07-18,14175,14175,Prefer not to say,Dutch
14176,1970-01-10,14176,14176,Male,Korean
14177,1979-08-22,14177,14177,Male,Korean
14178,1997-02-08,14178,14178,Male,Dutch
14179,1971-03-18,14179,14179,Male,Portuguese
14180,1980-07-30,14180,14180,Male,Portuguese
14181,1976-05-18,14181,14181,Female,Swedish
14182,1963-11-13,14182,14182,Male,Dutch
14183,1965-06-22,14183,14183,Prefer not to say,Spanish
14184,1966-01-31,14184,14184,Non-binary,Polish
14185,1971-07-28,14185,14185,Prefer not to say,Russian
14186,1980-04-27,14186,14186,Female,Greek
14187,1976-03-16,14187,14187,Non-binary,Romanian
14188,1986-01-28,14188,14188,Non-binary,Portuguese
14189,1968-12-19,14189,14189,Female,Portuguese
14190,1987-09-19,14190,14190,Prefer not to say,Russian
14191,1984-02-19,14191,14191,Male,Vietnamese
14192,1978-11-13,14192,14192,Male,Romanian
14193,1961-07-03,14193,14193,Male,Greek
14194,1980-12-21,14194,14194,Non-binary,Korean
14195,1998-03-24,14195,14195,Female,French
14196,1960-11-10,14196,14196,Non-binary,Polish
14197,1998-01-12,14197,14197,Prefer not to say,French
14198,1993-06-24,14198,14198,Prefer not to say,Swedish
14199,1982-11-11,14199,14199,Male,Arabic
14200,1983-12-16,14200,14200,Prefer not to say,Korean
14201,1973-11-05,14201,14201,Prefer not to say,Turkish
14202,1967-03-20,14202,14202,Non-binary,Romanian
14203,1975-07-27,14203,14203,Female,Hindi
14204,1964-12-29,14204,14204,Non-binary,Hindi
14205,1980-06-16,14205,14205,Male,Spanish
14206,1969-06-17,14206,14206,Male,Russian
14207,1971-05-19,14207,14207,Non-binary,Russian
14208,1965-06-15,14208,14208,Male,Thai
14209,1973-06-13,14209,14209,Female,Portuguese
14210,1969-07-25,14210,14210,Non-binary,Portuguese
14211,1975-09-17,14211,14211,Male,Vietnamese
14212,1990-07-13,14212,14212,Prefer not to say,Polish
14213,1979-01-04,14213,14213,Prefer not to say,Thai
14214,2000-06-16,14214,14214,Female,German
14215,1969-10-29,14215,14215,Female,Portuguese
14216,1975-12-15,14216,14216,Female,Turkish
14217,1991-10-17,14217,14217,Male,Turkish
14218,1975-12-21,14218,14218,Female,French
14219,1974-05-23,14219,14219,Prefer not to say,Portuguese
14220,1975-06-01,14220,14220,Prefer not to say,Polish
14221,1984-05-20,14221,14221,Male,Japanese
14222,1968-03-24,14222,14222,Male,Greek
14223,1964-07-02,14223,14223,Non-binary,Korean
14224,2000-07-22,14224,14224,Prefer not to say,Dutch
14225,1989-12-06,14225,14225,Male,Greek
14226,1978-10-16,14226,14226,Female,Vietnamese
14227,1970-10-06,14227,14227,Male,Polish
14228,1960-08-31,14228,14228,Female,Korean
14229,1967-01-13,14229,14229,Prefer not to say,Vietnamese
14230,1996-01-19,14230,14230,Male,French
14231,1976-02-25,14231,14231,Prefer not to say,Romanian
14232,1995-03-13,14232,14232,Non-binary,Vietnamese
14233,1964-03-09,14233,14233,Prefer not to say,Japanese
14234,1991-09-25,14234,14234,Non-binary,Korean
14235,1968-02-13,14235,14235,Non-binary,Vietnamese
14236,1982-02-15,14236,14236,Prefer not to say,Vietnamese
14237,1967-12-22,14237,14237,Non-binary,Greek
14238,1981-08-27,14238,14238,Prefer not to say,Portuguese
14239,1991-06-08,14239,14239,Non-binary,Hindi
14240,1989-08-05,14240,14240,Female,Dutch
14241,1977-09-27,14241,14241,Prefer not to say,Korean
14242,1983-01-04,14242,14242,Prefer not to say,Swedish
14243,1974-07-05,14243,14243,Female,Korean
14244,1964-02-18,14244,14244,Non-binary,Mandarin
14245,1975-05-16,14245,14245,Prefer not to say,Korean
14246,1969-03-23,14246,14246,Female,Turkish
14247,1999-09-10,14247,14247,Female,Spanish
14248,1991-05-11,14248,14248,Female,Thai
14249,1966-05-22,14249,14249,Male,Korean
14250,1995-02-10,14250,14250,Prefer not to say,Arabic
14251,1981-11-23,14251,14251,Non-binary,Romanian
14252,1988-01-29,14252,14252,Male,Italian
14253,1995-05-13,14253,14253,Prefer not to say,Vietnamese
14254,1997-05-08,14254,14254,Non-binary,Arabic
14255,1963-06-19,14255,14255,Prefer not to say,German
14256,1981-01-21,14256,14256,Male,Spanish
14257,1976-08-09,14257,14257,Female,Arabic
14258,1983-05-26,14258,14258,Female,Arabic
14259,1998-08-19,14259,14259,Prefer not to say,Hindi
14260,1967-11-08,14260,14260,Male,Portuguese
14261,1965-04-18,14261,14261,Male,Italian
14262,1978-10-04,14262,14262,Male,Vietnamese
14263,1980-08-31,14263,14263,Female,Japanese
14264,1963-06-17,14264,14264,Prefer not to say,English
14265,1985-12-14,14265,14265,Male,Korean
14266,2000-01-13,14266,14266,Non-binary,Polish
14267,1976-03-23,14267,14267,Non-binary,Portuguese
14268,1960-08-06,14268,14268,Male,Russian
14269,1970-02-19,14269,14269,Non-binary,Arabic
14270,1996-05-05,14270,14270,Male,Korean
14271,1961-12-08,14271,14271,Prefer not to say,Hindi
14272,1985-12-18,14272,14272,Female,Spanish
14273,1987-04-27,14273,14273,Female,Dutch
14274,1984-08-08,14274,14274,Male,Romanian
14275,1965-09-03,14275,14275,Male,Romanian
14276,2000-12-22,14276,14276,Non-binary,Hindi
14277,1973-05-03,14277,14277,Non-binary,Swedish
14278,1977-01-18,14278,14278,Male,Korean
14279,1995-04-25,14279,14279,Non-binary,Italian
14280,1982-10-24,14280,14280,Male,Thai
14281,1985-04-07,14281,14281,Female,Italian
14282,1983-12-04,14282,14282,Prefer not to say,Dutch
14283,1988-10-27,14283,14283,Non-binary,French
14284,1992-10-21,14284,14284,Male,Greek
14285,1989-04-12,14285,14285,Prefer not to say,Mandarin
14286,1994-02-24,14286,14286,Female,Japanese
14287,1989-04-11,14287,14287,Female,German
14288,1960-02-25,14288,14288,Non-binary,Russian
14289,1970-11-12,14289,14289,Prefer not to say,Korean
14290,1962-04-20,14290,14290,Male,Spanish
14291,1979-05-28,14291,14291,Prefer not to say,English
14292,1977-06-25,14292,14292,Non-binary,Russian
14293,1968-08-30,14293,14293,Female,Swedish
14294,1986-04-26,14294,14294,Male,Korean
14295,1972-04-09,14295,14295,Non-binary,Mandarin
14296,1999-11-02,14296,14296,Female,Turkish
14297,1992-01-15,14297,14297,Non-binary,Thai
14298,1970-09-14,14298,14298,Male,Romanian
14299,1980-09-24,14299,14299,Prefer not to say,Turkish
14300,1989-11-18,14300,14300,Female,Dutch
14301,1969-04-30,14301,14301,Non-binary,Arabic
14302,1970-09-20,14302,14302,Non-binary,Vietnamese
14303,1962-06-21,14303,14303,Male,Turkish
14304,1971-10-02,14304,14304,Non-binary,Romanian
14305,1977-11-02,14305,14305,Non-binary,English
14306,1978-05-25,14306,14306,Male,Thai
14307,1981-10-22,14307,14307,Prefer not to say,Korean
14308,1994-01-13,14308,14308,Female,Italian
14309,1966-05-24,14309,14309,Non-binary,German
14310,1971-12-07,14310,14310,Prefer not to say,Japanese
14311,1984-02-22,14311,14311,Prefer not to say,Italian
14312,1973-06-24,14312,14312,Male,Romanian
14313,1989-07-20,14313,14313,Non-binary,Dutch
14314,1999-11-17,14314,14314,Prefer not to say,Vietnamese
14315,1983-04-22,14315,14315,Male,Russian
14316,1987-12-17,14316,14316,Non-binary,Italian
14317,1987-09-03,14317,14317,Female,Italian
14318,1977-02-08,14318,14318,Male,French
14319,1980-12-08,14319,14319,Prefer not to say,Swedish
14320,1985-06-25,14320,14320,Prefer not to say,Spanish
14321,1969-10-03,14321,14321,Female,Vietnamese
14322,1997-03-30,14322,14322,Female,Dutch
14323,1969-08-10,14323,14323,Prefer not to say,Vietnamese
14324,1969-12-12,14324,14324,Male,Thai
14325,2000-08-31,14325,14325,Female,Russian
14326,1976-05-05,14326,14326,Prefer not to say,Mandarin
14327,1995-11-12,14327,14327,Prefer not to say,Korean
14328,1964-01-12,14328,14328,Prefer not to say,Arabic
14329,1993-05-23,14329,14329,Prefer not to say,Romanian
14330,1969-08-07,14330,14330,Non-binary,Vietnamese
14331,1969-09-27,14331,14331,Non-binary,Hindi
14332,1968-04-22,14332,14332,Male,Hindi
14333,1969-05-31,14333,14333,Male,Dutch
14334,1994-10-12,14334,14334,Male,Spanish
14335,1961-02-04,14335,14335,Male,Russian
14336,1987-12-28,14336,14336,Non-binary,Portuguese
14337,1971-01-29,14337,14337,Male,Thai
14338,1987-03-07,14338,14338,Male,French
14339,1992-01-27,14339,14339,Male,Dutch
14340,1974-11-08,14340,14340,Female,Swedish
14341,1991-05-12,14341,14341,Female,Dutch
14342,1961-11-12,14342,14342,Prefer not to say,Arabic
14343,1983-08-02,14343,14343,Male,Dutch
14344,1982-11-20,14344,14344,Prefer not to say,Swedish
14345,1975-02-17,14345,14345,Prefer not to say,French
14346,1975-09-22,14346,14346,Non-binary,Korean
14347,1965-04-12,14347,14347,Non-binary,Russian
14348,1970-11-12,14348,14348,Prefer not to say,Swedish
14349,1981-07-05,14349,14349,Male,Mandarin
14350,1992-05-08,14350,14350,Male,Dutch
14351,1982-04-30,14351,14351,Prefer not to say,Greek
14352,1963-11-02,14352,14352,Female,Spanish
14353,1985-04-12,14353,14353,Non-binary,Mandarin
14354,1991-09-25,14354,14354,Prefer not to say,Italian
14355,1991-04-13,14355,14355,Male,Polish
14356,1996-11-25,14356,14356,Male,Hindi
14357,1968-01-30,14357,14357,Prefer not to say,Russian
14358,1969-04-20,14358,14358,Female,Spanish
14359,1997-09-25,14359,14359,Prefer not to say,Korean
14360,1990-11-25,14360,14360,Female,Romanian
14361,1998-01-27,14361,14361,Non-binary,French
14362,1977-09-27,14362,14362,Male,Arabic
14363,1963-10-22,14363,14363,Non-binary,German
14364,1968-09-05,14364,14364,Female,Hindi
14365,1961-02-09,14365,14365,Non-binary,Korean
14366,1967-06-14,14366,14366,Male,Vietnamese
14367,1990-10-06,14367,14367,Female,German
14368,1976-06-19,14368,14368,Prefer not to say,Dutch
14369,1996-05-24,14369,14369,Prefer not to say,Korean
14370,1980-02-03,14370,14370,Non-binary,French
14371,1988-06-23,14371,14371,Prefer not to say,Japanese
14372,1974-12-15,14372,14372,Non-binary,German
14373,1986-08-03,14373,14373,Non-binary,Greek
14374,1972-07-12,14374,14374,Male,French
14375,1982-06-10,14375,14375,Male,Thai
14376,2000-03-13,14376,14376,Male,Spanish
14377,1970-06-18,14377,14377,Non-binary,Turkish
14378,1968-10-26,14378,14378,Female,German
14379,1978-12-02,14379,14379,Male,Greek
14380,1988-09-11,14380,14380,Female,Vietnamese
14381,1971-07-20,14381,14381,Male,Thai
14382,1961-06-28,14382,14382,Non-binary,English
14383,1998-02-08,14383,14383,Non-binary,Russian
14384,1966-02-22,14384,14384,Non-binary,Swedish
14385,1960-08-21,14385,14385,Non-binary,French
14386,1964-08-08,14386,14386,Prefer not to say,Vietnamese
14387,1977-07-03,14387,14387,Female,Greek
14388,1994-02-18,14388,14388,Female,Italian
14389,1989-11-09,14389,14389,Prefer not to say,Korean
14390,1986-12-02,14390,14390,Female,Mandarin
14391,1976-10-25,14391,14391,Prefer not to say,Russian
14392,1961-08-26,14392,14392,Prefer not to say,Russian
14393,1984-07-04,14393,14393,Male,Mandarin
14394,1960-05-13,14394,14394,Non-binary,Thai
14395,1963-03-10,14395,14395,Prefer not to say,Spanish
14396,1985-10-15,14396,14396,Prefer not to say,Dutch
14397,1961-11-28,14397,14397,Prefer not to say,Greek
14398,1969-11-19,14398,14398,Female,Dutch
14399,1979-10-26,14399,14399,Prefer not to say,Portuguese
14400,1986-09-05,14400,14400,Prefer not to say,Arabic
14401,1961-04-22,14401,14401,Non-binary,Mandarin
14402,1965-04-07,14402,14402,Non-binary,Vietnamese
14403,1985-03-01,14403,14403,Male,Swedish
14404,1989-05-02,14404,14404,Male,French
14405,1961-06-25,14405,14405,Non-binary,Dutch
14406,1974-01-08,14406,14406,Female,Japanese
14407,1991-02-17,14407,14407,Non-binary,Russian
14408,1960-03-16,14408,14408,Prefer not to say,Swedish
14409,1965-02-06,14409,14409,Prefer not to say,French
14410,1996-07-13,14410,14410,Prefer not to say,Vietnamese
14411,1990-02-17,14411,14411,Female,Russian
14412,1964-02-20,14412,14412,Male,Portuguese
14413,1971-06-01,14413,14413,Prefer not to say,Romanian
14414,1970-01-20,14414,14414,Prefer not to say,Greek
14415,1976-11-13,14415,14415,Male,Portuguese
14416,1995-01-25,14416,14416,Male,Italian
14417,1986-06-06,14417,14417,Male,Thai
14418,1967-09-05,14418,14418,Male,Korean
14419,1988-05-27,14419,14419,Male,Vietnamese
14420,1992-03-06,14420,14420,Prefer not to say,Romanian
14421,1979-08-29,14421,14421,Non-binary,German
14422,1987-01-23,14422,14422,Prefer not to say,Romanian
14423,1995-07-23,14423,14423,Prefer not to say,Italian
14424,1986-10-14,14424,14424,Male,Polish
14425,1995-02-10,14425,14425,Non-binary,Korean
14426,1988-03-30,14426,14426,Non-binary,Portuguese
14427,1973-07-30,14427,14427,Female,Dutch
14428,1963-01-07,14428,14428,Female,Polish
14429,1989-01-25,14429,14429,Male,Swedish
14430,1966-10-19,14430,14430,Non-binary,Japanese
14431,1972-07-02,14431,14431,Female,Romanian
14432,1992-07-07,14432,14432,Prefer not to say,Japanese
14433,1968-03-23,14433,14433,Female,English
14434,1981-10-18,14434,14434,Female,English
14435,1974-08-22,14435,14435,Female,Swedish
14436,1970-12-04,14436,14436,Prefer not to say,Greek
14437,1971-06-29,14437,14437,Non-binary,German
14438,1981-01-25,14438,14438,Female,Vietnamese
14439,1982-03-10,14439,14439,Female,Thai
14440,1980-02-08,14440,14440,Prefer not to say,Portuguese
14441,1994-11-24,14441,14441,Male,Swedish
14442,1974-09-28,14442,14442,Prefer not to say,Turkish
14443,1961-02-21,14443,14443,Male,Greek
14444,1960-09-21,14444,14444,Male,Japanese
14445,1985-10-31,14445,14445,Non-binary,Korean
14446,1967-05-06,14446,14446,Non-binary,Korean
14447,1996-02-06,14447,14447,Male,Hindi
14448,1980-10-15,14448,14448,Female,Korean
14449,1992-05-28,14449,14449,Prefer not to say,Portuguese
14450,1983-09-16,14450,14450,Non-binary,Japanese
14451,1989-08-15,14451,14451,Non-binary,Greek
14452,1975-12-15,14452,14452,Female,Spanish
14453,1993-03-06,14453,14453,Female,Turkish
14454,1997-07-08,14454,14454,Prefer not to say,Japanese
14455,1963-02-04,14455,14455,Male,Portuguese
14456,1975-09-03,14456,14456,Female,Dutch
14457,2000-02-11,14457,14457,Prefer not to say,Hindi
14458,1987-09-02,14458,14458,Male,Turkish
14459,1978-04-07,14459,14459,Non-binary,French
14460,1994-07-25,14460,14460,Prefer not to say,Polish
14461,1969-05-15,14461,14461,Prefer not to say,English
14462,1975-10-01,14462,14462,Male,Spanish
14463,1970-07-24,14463,14463,Non-binary,Turkish
14464,1972-10-21,14464,14464,Prefer not to say,Romanian
14465,1982-09-05,14465,14465,Prefer not to say,Turkish
14466,1963-06-28,14466,14466,Non-binary,French
14467,1987-06-20,14467,14467,Female,Polish
14468,1982-06-02,14468,14468,Prefer not to say,Greek
14469,1983-12-12,14469,14469,Male,Portuguese
14470,1962-01-06,14470,14470,Non-binary,English
14471,1968-04-13,14471,14471,Prefer not to say,English
14472,1977-06-06,14472,14472,Male,Japanese
14473,1989-09-02,14473,14473,Male,German
14474,1975-12-09,14474,14474,Prefer not to say,Hindi
14475,1973-03-31,14475,14475,Prefer not to say,Russian
14476,1990-10-07,14476,14476,Non-binary,Mandarin
14477,1998-07-28,14477,14477,Prefer not to say,Polish
14478,1968-05-03,14478,14478,Non-binary,Greek
14479,1969-12-11,14479,14479,Prefer not to say,Swedish
14480,1991-11-05,14480,14480,Prefer not to say,Swedish
14481,1974-02-09,14481,14481,Female,Polish
14482,1965-04-08,14482,14482,Male,Japanese
14483,1993-07-21,14483,14483,Non-binary,Swedish
14484,1962-11-15,14484,14484,Male,Mandarin
14485,1965-03-05,14485,14485,Non-binary,Arabic
14486,1998-10-11,14486,14486,Non-binary,Swedish
14487,1983-11-22,14487,14487,Prefer not to say,French
14488,1987-08-27,14488,14488,Non-binary,Korean
14489,1970-10-27,14489,14489,Non-binary,German
14490,1975-12-06,14490,14490,Non-binary,Greek
14491,1994-09-29,14491,14491,Non-binary,Arabic
14492,1965-07-24,14492,14492,Prefer not to say,Japanese
14493,1966-12-18,14493,14493,Non-binary,Vietnamese
14494,1981-09-17,14494,14494,Prefer not to say,Arabic
14495,1976-04-13,14495,14495,Female,Japanese
14496,1983-02-10,14496,14496,Female,English
14497,1983-03-24,14497,14497,Prefer not to say,English
14498,1982-10-05,14498,14498,Prefer not to say,Arabic
14499,1969-11-04,14499,14499,Prefer not to say,Polish
14500,1971-11-24,14500,14500,Prefer not to say,Vietnamese
14501,1969-10-25,14501,14501,Prefer not to say,Spanish
14502,1997-06-02,14502,14502,Female,English
14503,1963-06-26,14503,14503,Prefer not to say,Greek
14504,1969-03-02,14504,14504,Female,Hindi
14505,1963-12-15,14505,14505,Non-binary,Dutch
14506,1985-07-28,14506,14506,Male,Hindi
14507,1978-07-25,14507,14507,Male,French
14508,1988-10-11,14508,14508,Non-binary,Thai
14509,1998-10-01,14509,14509,Non-binary,Romanian
14510,1980-02-16,14510,14510,Non-binary,Thai
14511,1988-03-19,14511,14511,Prefer not to say,Hindi
14512,1969-04-24,14512,14512,Female,Dutch
14513,1976-03-03,14513,14513,Prefer not to say,Vietnamese
14514,2000-12-23,14514,14514,Female,Swedish
14515,1996-06-26,14515,14515,Non-binary,Arabic
14516,1995-12-27,14516,14516,Female,Arabic
14517,1962-11-23,14517,14517,Non-binary,Russian
14518,1977-12-31,14518,14518,Non-binary,Dutch
14519,1992-11-09,14519,14519,Non-binary,Russian
14520,1975-03-03,14520,14520,Prefer not to say,Italian
14521,1964-12-29,14521,14521,Male,Portuguese
14522,1972-11-21,14522,14522,Male,English
14523,1979-11-18,14523,14523,Male,Spanish
14524,1986-04-29,14524,14524,Prefer not to say,Turkish
14525,1973-04-13,14525,14525,Male,Thai
14526,1979-09-29,14526,14526,Non-binary,Dutch
14527,1997-06-27,14527,14527,Non-binary,Korean
14528,1979-11-10,14528,14528,Non-binary,Russian
14529,1997-05-09,14529,14529,Non-binary,Hindi
14530,1998-10-13,14530,14530,Male,Vietnamese
14531,1978-06-30,14531,14531,Prefer not to say,German
14532,1975-09-11,14532,14532,Prefer not to say,Polish
14533,1981-10-06,14533,14533,Prefer not to say,Italian
14534,1990-05-02,14534,14534,Prefer not to say,German
14535,1991-07-15,14535,14535,Male,Portuguese
14536,1990-01-27,14536,14536,Female,Vietnamese
14537,1999-06-22,14537,14537,Male,Mandarin
14538,2000-05-24,14538,14538,Prefer not to say,Turkish
14539,1987-05-15,14539,14539,Female,Thai
14540,2000-10-30,14540,14540,Female,Vietnamese
14541,1961-12-17,14541,14541,Prefer not to say,Polish
14542,1969-04-15,14542,14542,Male,Arabic
14543,1971-10-25,14543,14543,Female,Thai
14544,1970-07-10,14544,14544,Female,Swedish
14545,1984-06-11,14545,14545,Male,English
14546,1999-04-16,14546,14546,Non-binary,German
14547,1988-03-23,14547,14547,Female,Italian
14548,1993-06-07,14548,14548,Female,German
14549,1964-11-08,14549,14549,Female,Thai
14550,1963-11-27,14550,14550,Female,French
14551,1982-12-24,14551,14551,Non-binary,Italian
14552,1968-10-22,14552,14552,Female,Arabic
14553,1976-11-28,14553,14553,Female,Swedish
14554,1987-08-06,14554,14554,Non-binary,Russian
14555,1998-06-22,14555,14555,Non-binary,Greek
14556,1965-05-09,14556,14556,Male,Portuguese
14557,1986-05-22,14557,14557,Non-binary,French
14558,1982-04-25,14558,14558,Non-binary,English
14559,1995-02-19,14559,14559,Prefer not to say,French
14560,1971-07-15,14560,14560,Male,Swedish
14561,1998-04-18,14561,14561,Male,Dutch
14562,1995-09-15,14562,14562,Non-binary,Arabic
14563,1986-12-25,14563,14563,Non-binary,English
14564,1975-10-15,14564,14564,Non-binary,Japanese
14565,1988-05-09,14565,14565,Prefer not to say,Mandarin
14566,1972-03-25,14566,14566,Female,Italian
14567,1985-11-11,14567,14567,Non-binary,Arabic
14568,1987-10-23,14568,14568,Non-binary,Turkish
14569,1988-08-24,14569,14569,Non-binary,English
14570,1990-01-19,14570,14570,Prefer not to say,Turkish
14571,1995-12-11,14571,14571,Non-binary,Russian
14572,1962-07-13,14572,14572,Male,Dutch
14573,1970-01-11,14573,14573,Female,Italian
14574,1979-02-20,14574,14574,Male,Spanish
14575,1976-09-03,14575,14575,Male,Korean
14576,1975-08-01,14576,14576,Prefer not to say,Dutch
14577,1961-02-28,14577,14577,Female,Vietnamese
14578,1976-03-10,14578,14578,Prefer not to say,Russian
14579,1977-01-21,14579,14579,Prefer not to say,Mandarin
14580,1983-12-01,14580,14580,Non-binary,Greek
14581,1998-02-16,14581,14581,Female,Portuguese
14582,1997-11-26,14582,14582,Male,Russian
14583,1998-01-16,14583,14583,Female,Japanese
14584,1975-03-21,14584,14584,Female,Thai
14585,1966-07-01,14585,14585,Male,German
14586,1983-09-07,14586,14586,Male,Russian
14587,1978-01-08,14587,14587,Male,Portuguese
14588,1965-06-21,14588,14588,Male,Swedish
14589,1980-09-19,14589,14589,Female,Swedish
14590,1996-03-22,14590,14590,Prefer not to say,Polish
14591,1969-03-16,14591,14591,Male,Spanish
14592,1996-05-23,14592,14592,Female,Greek
14593,1973-03-10,14593,14593,Female,Thai
14594,1988-10-02,14594,14594,Non-binary,French
14595,1968-11-27,14595,14595,Male,Romanian
14596,1975-06-25,14596,14596,Male,Italian
14597,1967-04-08,14597,14597,Female,Mandarin
14598,1988-01-25,14598,14598,Non-binary,Arabic
14599,1981-06-06,14599,14599,Female,Thai
14600,1976-11-23,14600,14600,Prefer not to say,German
14601,1992-01-23,14601,14601,Female,Hindi
14602,1992-07-20,14602,14602,Male,Vietnamese
14603,1981-03-21,14603,14603,Female,Romanian
14604,1987-06-20,14604,14604,Male,Russian
14605,1991-04-23,14605,14605,Female,Romanian
14606,1966-12-22,14606,14606,Non-binary,Greek
14607,1964-12-29,14607,14607,Male,Thai
14608,1989-04-20,14608,14608,Prefer not to say,Russian
14609,1986-03-28,14609,14609,Female,Vietnamese
14610,1987-07-16,14610,14610,Prefer not to say,Portuguese
14611,1988-11-21,14611,14611,Prefer not to say,Vietnamese
14612,1969-10-01,14612,14612,Non-binary,Dutch
14613,1990-12-30,14613,14613,Non-binary,German
14614,1971-02-20,14614,14614,Prefer not to say,Vietnamese
14615,1965-09-11,14615,14615,Non-binary,Dutch
14616,1999-08-15,14616,14616,Prefer not to say,Spanish
14617,1990-02-21,14617,14617,Non-binary,Vietnamese
14618,1966-01-21,14618,14618,Female,Polish
14619,1983-12-01,14619,14619,Female,Turkish
14620,1969-10-24,14620,14620,Non-binary,Dutch
14621,2000-10-13,14621,14621,Prefer not to say,Mandarin
14622,1962-02-01,14622,14622,Male,Hindi
14623,2000-07-14,14623,14623,Female,Portuguese
14624,1983-03-17,14624,14624,Female,German
14625,1991-11-22,14625,14625,Prefer not to say,English
14626,1969-10-27,14626,14626,Female,Swedish
14627,1981-12-04,14627,14627,Female,Portuguese
14628,1970-06-21,14628,14628,Male,Vietnamese
14629,1966-04-28,14629,14629,Female,Greek
14630,1997-03-18,14630,14630,Male,Japanese
14631,1981-10-27,14631,14631,Prefer not to say,Hindi
14632,1993-11-24,14632,14632,Female,Turkish
14633,1967-09-25,14633,14633,Male,Portuguese
14634,1981-03-08,14634,14634,Female,Italian
14635,1982-05-26,14635,14635,Prefer not to say,Hindi
14636,1999-02-16,14636,14636,Male,Thai
14637,1974-01-31,14637,14637,Male,Russian
14638,1975-08-17,14638,14638,Prefer not to say,French
14639,1973-05-14,14639,14639,Female,Portuguese
14640,1975-08-10,14640,14640,Non-binary,Greek
14641,1970-01-04,14641,14641,Non-binary,Romanian
14642,1988-12-12,14642,14642,Female,Arabic
14643,1996-05-25,14643,14643,Male,Russian
14644,1983-02-28,14644,14644,Non-binary,Russian
14645,1968-07-30,14645,14645,Prefer not to say,Turkish
14646,1979-04-11,14646,14646,Non-binary,German
14647,1965-07-10,14647,14647,Prefer not to say,Vietnamese
14648,1967-01-27,14648,14648,Female,Mandarin
14649,1992-12-10,14649,14649,Female,Vietnamese
14650,1985-03-17,14650,14650,Prefer not to say,English
14651,1974-11-15,14651,14651,Prefer not to say,Dutch
14652,1982-04-28,14652,14652,Prefer not to say,Spanish
14653,1979-06-12,14653,14653,Non-binary,Polish
14654,1990-11-08,14654,14654,Prefer not to say,Romanian
14655,1978-01-21,14655,14655,Non-binary,Turkish
14656,1988-12-16,14656,14656,Male,Dutch
14657,1970-01-04,14657,14657,Female,Swedish
14658,1988-08-11,14658,14658,Non-binary,Dutch
14659,1985-07-18,14659,14659,Prefer not to say,German
14660,2000-01-11,14660,14660,Prefer not to say,Dutch
14661,1974-10-24,14661,14661,Female,Thai
14662,1997-05-28,14662,14662,Male,Swedish
14663,1968-02-24,14663,14663,Non-binary,Spanish
14664,1988-05-18,14664,14664,Prefer not to say,Spanish
14665,1965-05-23,14665,14665,Male,Thai
14666,1997-02-28,14666,14666,Non-binary,Portuguese
14667,1979-08-31,14667,14667,Female,English
14668,1967-10-29,14668,14668,Non-binary,Thai
14669,1975-05-24,14669,14669,Prefer not to say,Japanese
14670,1987-04-13,14670,14670,Non-binary,Portuguese
14671,1980-08-08,14671,14671,Non-binary,Romanian
14672,1960-02-01,14672,14672,Non-binary,Mandarin
14673,1963-02-25,14673,14673,Non-binary,German
14674,1987-05-05,14674,14674,Prefer not to say,Romanian
14675,1965-11-16,14675,14675,Female,Mandarin
14676,1967-03-09,14676,14676,Female,English
14677,1998-01-02,14677,14677,Female,Dutch
14678,1972-07-07,14678,14678,Prefer not to say,Arabic
14679,1990-07-28,14679,14679,Prefer not to say,Spanish
14680,1967-12-02,14680,14680,Non-binary,Turkish
14681,1984-01-30,14681,14681,Non-binary,Swedish
14682,1990-02-19,14682,14682,Female,Polish
14683,1973-03-26,14683,14683,Female,Hindi
14684,1977-11-05,14684,14684,Male,Mandarin
14685,1998-12-30,14685,14685,Female,Mandarin
14686,1968-05-05,14686,14686,Non-binary,Vietnamese
14687,1980-04-23,14687,14687,Prefer not to say,Korean
14688,1983-11-02,14688,14688,Prefer not to say,Hindi
14689,1983-03-28,14689,14689,Prefer not to say,Turkish
14690,2000-08-05,14690,14690,Female,Swedish
14691,1971-05-13,14691,14691,Non-binary,Romanian
14692,1980-11-27,14692,14692,Prefer not to say,Polish
14693,2000-02-17,14693,14693,Female,Swedish
14694,1978-12-21,14694,14694,Non-binary,Portuguese
14695,1991-01-10,14695,14695,Female,Polish
14696,1979-08-26,14696,14696,Female,Arabic
14697,1965-09-30,14697,14697,Female,Spanish
14698,1984-05-20,14698,14698,Female,Greek
14699,1988-09-28,14699,14699,Male,Portuguese
14700,1985-11-24,14700,14700,Female,Russian
14701,1977-11-16,14701,14701,Prefer not to say,Portuguese
14702,1969-08-25,14702,14702,Female,French
14703,1988-01-01,14703,14703,Prefer not to say,Romanian
14704,2000-06-06,14704,14704,Female,French
14705,1991-11-06,14705,14705,Male,Thai
14706,1986-11-22,14706,14706,Male,Dutch
14707,1995-10-26,14707,14707,Non-binary,Dutch
14708,1971-08-22,14708,14708,Non-binary,Turkish
14709,1971-10-03,14709,14709,Male,Russian
14710,1980-02-23,14710,14710,Non-binary,Thai
14711,1998-07-27,14711,14711,Prefer not to say,Greek
14712,1996-10-11,14712,14712,Prefer not to say,Spanish
14713,1961-04-14,14713,14713,Male,Hindi
14714,1988-08-20,14714,14714,Female,English
14715,1979-12-31,14715,14715,Non-binary,Italian
14716,1987-02-07,14716,14716,Non-binary,English
14717,1968-01-31,14717,14717,Male,Polish
14718,1963-05-17,14718,14718,Prefer not to say,Japanese
14719,1994-03-23,14719,14719,Non-binary,French
14720,1960-05-20,14720,14720,Non-binary,Romanian
14721,1982-12-27,14721,14721,Prefer not to say,Arabic
14722,1967-06-01,14722,14722,Male,Greek
14723,1968-11-03,14723,14723,Non-binary,Japanese
14724,1990-02-24,14724,14724,Female,Portuguese
14725,1974-10-09,14725,14725,Non-binary,Portuguese
14726,1960-09-24,14726,14726,Female,Turkish
14727,1991-04-18,14727,14727,Non-binary,Thai
14728,1981-11-06,14728,14728,Prefer not to say,Spanish
14729,1976-03-27,14729,14729,Female,Korean
14730,1972-01-17,14730,14730,Female,Greek
14731,1977-06-09,14731,14731,Non-binary,French
14732,1965-08-13,14732,14732,Male,Spanish
14733,1976-09-13,14733,14733,Female,French
14734,1968-06-12,14734,14734,Male,Turkish
14735,1989-06-08,14735,14735,Male,Thai
14736,1988-03-16,14736,14736,Male,Spanish
14737,1960-05-26,14737,14737,Prefer not to say,Italian
14738,1964-11-22,14738,14738,Prefer not to say,Japanese
14739,1963-05-02,14739,14739,Female,Italian
14740,1999-10-31,14740,14740,Male,Hindi
14741,1963-07-12,14741,14741,Prefer not to say,Hindi
14742,1977-01-08,14742,14742,Male,Vietnamese
14743,1972-09-30,14743,14743,Female,Turkish
14744,1960-01-30,14744,14744,Male,Italian
14745,1961-07-18,14745,14745,Prefer not to say,Polish
14746,1983-08-23,14746,14746,Male,German
14747,1970-08-27,14747,14747,Prefer not to say,Japanese
14748,1987-01-27,14748,14748,Prefer not to say,Greek
14749,1994-09-29,14749,14749,Female,Turkish
14750,1971-11-25,14750,14750,Non-binary,Thai
14751,1966-11-08,14751,14751,Prefer not to say,Italian
14752,1976-08-09,14752,14752,Prefer not to say,Polish
14753,1969-05-07,14753,14753,Prefer not to say,Spanish
14754,1994-02-09,14754,14754,Prefer not to say,Spanish
14755,1969-12-31,14755,14755,Male,Turkish
14756,1971-07-19,14756,14756,Non-binary,Dutch
14757,1978-08-31,14757,14757,Male,German
14758,1978-07-02,14758,14758,Male,Hindi
14759,1969-08-03,14759,14759,Non-binary,Thai
14760,1985-06-08,14760,14760,Male,Italian
14761,2000-08-04,14761,14761,Male,Korean
14762,1988-06-04,14762,14762,Prefer not to say,Korean
14763,1968-02-17,14763,14763,Prefer not to say,Arabic
14764,1987-08-28,14764,14764,Male,Portuguese
14765,1994-02-24,14765,14765,Non-binary,Russian
14766,2000-08-04,14766,14766,Prefer not to say,Portuguese
14767,1997-09-23,14767,14767,Prefer not to say,German
14768,1964-05-23,14768,14768,Female,Polish
14769,1984-09-21,14769,14769,Prefer not to say,Arabic
14770,1966-09-07,14770,14770,Non-binary,Thai
14771,1980-10-01,14771,14771,Female,Arabic
14772,1970-12-14,14772,14772,Male,Greek
14773,1970-01-29,14773,14773,Female,German
14774,1981-04-04,14774,14774,Prefer not to say,Vietnamese
14775,1995-11-30,14775,14775,Male,Mandarin
14776,1963-02-07,14776,14776,Female,Turkish
14777,1971-06-08,14777,14777,Female,Hindi
14778,1988-10-30,14778,14778,Prefer not to say,Japanese
14779,1965-08-15,14779,14779,Male,Japanese
14780,1987-07-25,14780,14780,Male,Japanese
14781,1999-02-14,14781,14781,Non-binary,Mandarin
14782,1986-12-14,14782,14782,Prefer not to say,French
14783,2000-07-22,14783,14783,Non-binary,Japanese
14784,1985-12-28,14784,14784,Male,Turkish
14785,1990-12-17,14785,14785,Non-binary,Spanish
14786,1964-07-01,14786,14786,Female,Japanese
14787,1972-07-14,14787,14787,Prefer not to say,Dutch
14788,1991-08-27,14788,14788,Female,Mandarin
14789,1960-12-20,14789,14789,Male,Turkish
14790,1965-09-15,14790,14790,Female,Japanese
14791,1992-12-13,14791,14791,Male,Italian
14792,1972-08-07,14792,14792,Male,Italian
14793,1961-05-12,14793,14793,Male,Turkish
14794,1974-07-05,14794,14794,Prefer not to say,Vietnamese
14795,1978-12-01,14795,14795,Non-binary,Vietnamese
14796,1988-03-01,14796,14796,Male,Spanish
14797,1976-03-13,14797,14797,Non-binary,Hindi
14798,1980-12-07,14798,14798,Male,Japanese
14799,2000-02-23,14799,14799,Male,German
14800,1991-08-11,14800,14800,Female,Swedish
14801,1966-07-20,14801,14801,Non-binary,German
14802,1996-09-13,14802,14802,Male,Russian
14803,1992-07-24,14803,14803,Non-binary,Romanian
14804,1998-11-30,14804,14804,Non-binary,Swedish
14805,1987-08-18,14805,14805,Male,Russian
14806,1984-08-25,14806,14806,Non-binary,Korean
14807,1961-10-19,14807,14807,Prefer not to say,Mandarin
14808,1991-03-03,14808,14808,Female,Vietnamese
14809,1981-07-18,14809,14809,Male,Russian
14810,1972-12-13,14810,14810,Prefer not to say,Japanese
14811,1969-04-07,14811,14811,Non-binary,Turkish
14812,1976-08-26,14812,14812,Non-binary,Greek
14813,1999-01-16,14813,14813,Prefer not to say,Arabic
14814,1980-08-31,14814,14814,Male,Italian
14815,1975-12-22,14815,14815,Non-binary,Vietnamese
14816,1979-09-29,14816,14816,Non-binary,Romanian
14817,1964-06-17,14817,14817,Prefer not to say,German
14818,1970-01-18,14818,14818,Male,Turkish
14819,1990-07-22,14819,14819,Female,Greek
14820,1995-03-17,14820,14820,Prefer not to say,Swedish
14821,1961-06-24,14821,14821,Prefer not to say,Italian
14822,1983-11-26,14822,14822,Male,Japanese
14823,1966-11-08,14823,14823,Prefer not to say,Polish
14824,1979-03-09,14824,14824,Non-binary,Russian
14825,1998-12-06,14825,14825,Prefer not to say,Mandarin
14826,1989-06-01,14826,14826,Prefer not to say,Spanish
14827,1997-06-08,14827,14827,Male,Mandarin
14828,1998-11-11,14828,14828,Non-binary,Swedish
14829,1975-03-12,14829,14829,Non-binary,French
14830,1985-12-21,14830,14830,Prefer not to say,Thai
14831,1994-12-14,14831,14831,Female,Korean
14832,1977-11-28,14832,14832,Prefer not to say,Russian
14833,1964-10-11,14833,14833,Prefer not to say,Hindi
14834,1970-10-31,14834,14834,Non-binary,Mandarin
14835,1979-09-24,14835,14835,Male,French
14836,1973-09-29,14836,14836,Female,Vietnamese
14837,1969-06-23,14837,14837,Prefer not to say,German
14838,1992-08-08,14838,14838,Male,Arabic
14839,1979-02-13,14839,14839,Prefer not to say,English
14840,1992-01-02,14840,14840,Non-binary,Romanian
14841,1999-07-14,14841,14841,Prefer not to say,Dutch
14842,1961-10-26,14842,14842,Male,Arabic
14843,1964-11-26,14843,14843,Prefer not to say,Japanese
14844,1973-02-25,14844,14844,Non-binary,Romanian
14845,1999-03-16,14845,14845,Non-binary,Italian
14846,1988-03-24,14846,14846,Non-binary,Japanese
14847,1964-02-12,14847,14847,Non-binary,French
14848,1985-11-12,14848,14848,Prefer not to say,Swedish
14849,1986-03-09,14849,14849,Prefer not to say,Arabic
14850,1983-10-11,14850,14850,Male,Swedish
14851,2000-09-25,14851,14851,Male,Portuguese
14852,1974-12-16,14852,14852,Male,Thai
14853,1991-09-13,14853,14853,Female,Mandarin
14854,1961-12-29,14854,14854,Non-binary,Arabic
14855,1996-11-05,14855,14855,Male,Russian
14856,1984-12-09,14856,14856,Prefer not to say,Hindi
14857,1993-01-02,14857,14857,Prefer not to say,Russian
14858,1966-06-28,14858,14858,Male,Japanese
14859,1967-12-16,14859,14859,Female,German
14860,1991-07-26,14860,14860,Male,German
14861,1993-05-09,14861,14861,Female,Thai
14862,1984-08-25,14862,14862,Male,Dutch
14863,1973-02-03,14863,14863,Male,Dutch
14864,1984-06-08,14864,14864,Female,Dutch
14865,1977-03-11,14865,14865,Male,Thai
14866,1964-07-13,14866,14866,Male,Portuguese
14867,1982-08-26,14867,14867,Male,Thai
14868,1996-07-20,14868,14868,Female,Thai
14869,1974-12-09,14869,14869,Male,French
14870,1975-01-29,14870,14870,Non-binary,Swedish
14871,1968-07-30,14871,14871,Male,Polish
14872,1988-05-21,14872,14872,Female,Polish
14873,1963-07-13,14873,14873,Prefer not to say,Turkish
14874,1998-07-03,14874,14874,Female,Japanese
14875,1970-05-18,14875,14875,Female,Hindi
14876,1977-12-11,14876,14876,Male,Russian
14877,1997-08-20,14877,14877,Prefer not to say,Turkish
14878,1988-07-23,14878,14878,Male,Turkish
14879,1960-03-18,14879,14879,Non-binary,Turkish
14880,1971-08-23,14880,14880,Prefer not to say,English
14881,1970-05-01,14881,14881,Female,Japanese
14882,1966-09-30,14882,14882,Male,Korean
14883,1979-07-17,14883,14883,Non-binary,Vietnamese
14884,1999-06-11,14884,14884,Non-binary,Polish
14885,1969-04-03,14885,14885,Male,Mandarin
14886,1994-10-08,14886,14886,Male,Japanese
14887,1995-04-01,14887,14887,Prefer not to say,Italian
14888,1996-12-28,14888,14888,Female,Dutch
14889,1979-11-18,14889,14889,Non-binary,Portuguese
14890,1972-09-10,14890,14890,Male,Korean
14891,1982-07-20,14891,14891,Male,Arabic
14892,1975-11-26,14892,14892,Prefer not to say,Mandarin
14893,1994-09-11,14893,14893,Female,Spanish
14894,1999-11-21,14894,14894,Prefer not to say,English
14895,1965-11-28,14895,14895,Prefer not to say,English
14896,1966-03-17,14896,14896,Non-binary,Japanese
14897,1982-07-23,14897,14897,Male,Thai
14898,1963-03-30,14898,14898,Prefer not to say,German
14899,1962-02-18,14899,14899,Female,Russian
14900,1964-07-01,14900,14900,Non-binary,German
14901,1960-11-27,14901,14901,Prefer not to say,Italian
14902,1978-03-25,14902,14902,Non-binary,Hindi
14903,1996-02-29,14903,14903,Male,German
14904,1983-11-29,14904,14904,Prefer not to say,Thai
14905,1987-11-15,14905,14905,Prefer not to say,Polish
14906,1999-10-13,14906,14906,Male,Hindi
14907,1965-04-25,14907,14907,Male,Thai
14908,1989-03-20,14908,14908,Prefer not to say,English
14909,1990-04-28,14909,14909,Male,Thai
14910,1991-06-02,14910,14910,Prefer not to say,Portuguese
14911,1991-08-09,14911,14911,Non-binary,Thai
14912,1978-04-14,14912,14912,Male,Mandarin
14913,1990-06-02,14913,14913,Non-binary,Russian
14914,1968-01-22,14914,14914,Non-binary,Japanese
14915,1991-09-30,14915,14915,Female,Hindi
14916,1979-07-30,14916,14916,Female,Swedish
14917,1984-08-30,14917,14917,Prefer not to say,Vietnamese
14918,1993-10-11,14918,14918,Female,Japanese
14919,1983-12-14,14919,14919,Prefer not to say,German
14920,1998-03-09,14920,14920,Male,English
14921,1988-03-26,14921,14921,Prefer not to say,Portuguese
14922,1979-10-08,14922,14922,Female,German
14923,1987-01-06,14923,14923,Non-binary,Arabic
14924,1999-04-30,14924,14924,Prefer not to say,Dutch
14925,1994-10-23,14925,14925,Male,Hindi
14926,1965-05-24,14926,14926,Prefer not to say,Arabic
14927,1972-08-23,14927,14927,Female,Spanish
14928,1994-06-02,14928,14928,Prefer not to say,Arabic
14929,1963-09-02,14929,14929,Female,Vietnamese
14930,1983-03-14,14930,14930,Non-binary,French
14931,1984-08-13,14931,14931,Prefer not to say,Arabic
14932,1983-09-17,14932,14932,Non-binary,Swedish
14933,1973-09-02,14933,14933,Female,Italian
14934,1997-11-28,14934,14934,Female,Mandarin
14935,2000-12-25,14935,14935,Male,Vietnamese
14936,1990-01-17,14936,14936,Non-binary,Russian
14937,1967-07-16,14937,14937,Female,Spanish
14938,1988-06-20,14938,14938,Male,Dutch
14939,1966-02-06,14939,14939,Non-binary,Portuguese
14940,1985-02-08,14940,14940,Male,English
14941,1984-02-01,14941,14941,Non-binary,German
14942,1974-04-21,14942,14942,Non-binary,Dutch
14943,1989-11-25,14943,14943,Non-binary,Russian
14944,1967-02-19,14944,14944,Non-binary,Polish
14945,1963-05-23,14945,14945,Non-binary,Vietnamese
14946,1994-10-03,14946,14946,Non-binary,Mandarin
14947,1960-12-13,14947,14947,Male,Thai
14948,1992-05-24,14948,14948,Female,Japanese
14949,1989-11-30,14949,14949,Non-binary,Japanese
14950,1997-04-26,14950,14950,Male,Arabic
14951,1977-12-30,14951,14951,Non-binary,Arabic
14952,1996-04-20,14952,14952,Female,Polish
14953,1967-09-01,14953,14953,Non-binary,Spanish
14954,1995-04-11,14954,14954,Non-binary,Russian
14955,1983-09-28,14955,14955,Prefer not to say,Russian
14956,1985-07-09,14956,14956,Non-binary,Italian
14957,1965-02-19,14957,14957,Female,Polish
14958,1999-04-17,14958,14958,Prefer not to say,Polish
14959,1966-05-25,14959,14959,Prefer not to say,Hindi
14960,1979-04-27,14960,14960,Prefer not to say,Greek
14961,1996-03-27,14961,14961,Male,Arabic
14962,1990-09-29,14962,14962,Prefer not to say,Italian
14963,1964-08-09,14963,14963,Prefer not to say,Hindi
14964,1962-05-25,14964,14964,Prefer not to say,Portuguese
14965,1996-07-28,14965,14965,Non-binary,Greek
14966,1962-04-03,14966,14966,Male,French
14967,1996-01-27,14967,14967,Male,Mandarin
14968,2000-10-16,14968,14968,Prefer not to say,Swedish
14969,1991-06-25,14969,14969,Female,Mandarin
14970,2000-10-08,14970,14970,Female,Turkish
14971,1989-03-04,14971,14971,Prefer not to say,Dutch
14972,1973-11-03,14972,14972,Prefer not to say,Italian
14973,1982-09-20,14973,14973,Male,Dutch
14974,1986-12-13,14974,14974,Non-binary,Dutch
14975,1962-05-01,14975,14975,Prefer not to say,Mandarin
14976,1968-10-15,14976,14976,Prefer not to say,English
14977,1968-12-20,14977,14977,Female,Spanish
14978,1985-02-28,14978,14978,Male,Spanish
14979,1971-05-17,14979,14979,Prefer not to say,Greek
14980,1973-05-23,14980,14980,Female,Swedish
14981,1971-04-05,14981,14981,Male,Japanese
14982,1968-11-02,14982,14982,Female,Arabic
14983,1977-05-24,14983,14983,Female,Italian
14984,1991-08-11,14984,14984,Male,Swedish
14985,1983-08-18,14985,14985,Prefer not to say,Arabic
14986,1972-07-15,14986,14986,Prefer not to say,Japanese
14987,1972-02-19,14987,14987,Female,Italian
14988,1976-04-12,14988,14988,Prefer not to say,Thai
14989,1966-06-05,14989,14989,Prefer not to say,English
14990,1961-06-09,14990,14990,Non-binary,Portuguese
14991,1973-10-14,14991,14991,Prefer not to say,Portuguese
14992,1999-05-27,14992,14992,Female,Greek
14993,1973-07-25,14993,14993,Male,Swedish
14994,1975-07-27,14994,14994,Non-binary,Hindi
14995,1960-11-30,14995,14995,Prefer not to say,Korean
14996,1983-12-11,14996,14996,Non-binary,Japanese
14997,1987-08-02,14997,14997,Male,French
14998,1961-08-26,14998,14998,Non-binary,Mandarin
14999,1963-01-20,14999,14999,Female,Korean
15000,1975-08-22,15000,15000,Non-binary,Hindi
15001,1999-02-20,15001,15001,Non-binary,French
15002,1991-06-23,15002,15002,Male,Polish
15003,1995-10-23,15003,15003,Male,Russian
15004,1989-05-13,15004,15004,Prefer not to say,Polish
15005,1973-01-03,15005,15005,Non-binary,Mandarin
15006,1994-11-04,15006,15006,Male,Polish
15007,1981-01-18,15007,15007,Male,Romanian
15008,1971-10-08,15008,15008,Female,Portuguese
15009,1993-08-25,15009,15009,Female,Italian
15010,1983-10-21,15010,15010,Prefer not to say,Greek
15011,1974-09-16,15011,15011,Female,Mandarin
15012,1982-07-03,15012,15012,Non-binary,Japanese
15013,1988-11-29,15013,15013,Prefer not to say,German
15014,1965-01-11,15014,15014,Non-binary,Spanish
15015,1992-02-01,15015,15015,Female,Thai
15016,1969-01-22,15016,15016,Male,Portuguese
15017,1970-10-12,15017,15017,Non-binary,Korean
15018,1967-04-26,15018,15018,Non-binary,German
15019,1989-11-20,15019,15019,Female,Vietnamese
15020,1973-12-12,15020,15020,Prefer not to say,Turkish
15021,1974-02-14,15021,15021,Non-binary,Japanese
15022,1990-09-02,15022,15022,Male,Portuguese
15023,1996-03-07,15023,15023,Male,French
15024,1972-02-18,15024,15024,Female,Turkish
15025,1976-10-07,15025,15025,Male,Dutch
15026,1960-05-26,15026,15026,Female,Arabic
15027,1989-12-10,15027,15027,Prefer not to say,Swedish
15028,1970-10-01,15028,15028,Non-binary,Korean
15029,1970-02-02,15029,15029,Male,Dutch
15030,1970-07-05,15030,15030,Female,Korean
15031,1983-06-10,15031,15031,Prefer not to say,Romanian
15032,1994-12-25,15032,15032,Male,Japanese
15033,1969-10-27,15033,15033,Female,Romanian
15034,1983-06-20,15034,15034,Prefer not to say,Portuguese
15035,1990-05-25,15035,15035,Male,Korean
15036,1963-01-15,15036,15036,Non-binary,German
15037,1966-03-26,15037,15037,Male,Vietnamese
15038,1960-11-19,15038,15038,Prefer not to say,Russian
15039,1993-05-03,15039,15039,Female,Turkish
15040,1982-11-21,15040,15040,Non-binary,Spanish
15041,1962-11-21,15041,15041,Non-binary,Thai
15042,1991-06-23,15042,15042,Female,Thai
15043,1990-06-04,15043,15043,Non-binary,English
15044,1967-12-05,15044,15044,Female,Korean
15045,1980-03-02,15045,15045,Male,Turkish
15046,1987-01-23,15046,15046,Female,Arabic
15047,1982-08-08,15047,15047,Male,French
15048,1979-08-01,15048,15048,Male,Turkish
15049,1962-12-09,15049,15049,Non-binary,Japanese
15050,1962-08-08,15050,15050,Prefer not to say,Russian
15051,1971-03-26,15051,15051,Female,Japanese
15052,1963-02-14,15052,15052,Prefer not to say,English
15053,1978-04-10,15053,15053,Male,Arabic
15054,1964-12-11,15054,15054,Male,Italian
15055,1973-07-18,15055,15055,Male,Spanish
15056,1972-04-19,15056,15056,Male,German
15057,1965-07-28,15057,15057,Non-binary,Greek
15058,1971-08-16,15058,15058,Female,Polish
15059,1961-08-05,15059,15059,Female,Vietnamese
15060,1966-10-03,15060,15060,Prefer not to say,Portuguese
15061,1979-10-07,15061,15061,Female,Dutch
15062,1976-02-10,15062,15062,Female,Russian
15063,1960-08-06,15063,15063,Non-binary,Korean
15064,1989-07-11,15064,15064,Non-binary,Thai
15065,1960-12-07,15065,15065,Male,German
15066,1995-11-08,15066,15066,Non-binary,English
15067,1988-12-10,15067,15067,Female,Romanian
15068,1975-10-27,15068,15068,Prefer not to say,Mandarin
15069,1993-04-15,15069,15069,Male,Hindi
15070,1988-03-10,15070,15070,Male,English
15071,1968-01-30,15071,15071,Non-binary,Japanese
15072,1983-09-10,15072,15072,Female,Thai
15073,1991-09-04,15073,15073,Non-binary,Russian
15074,1967-04-21,15074,15074,Non-binary,Mandarin
15075,1995-09-25,15075,15075,Prefer not to say,Arabic
15076,1967-12-22,15076,15076,Female,Hindi
15077,1964-06-07,15077,15077,Male,Russian
15078,1970-11-16,15078,15078,Non-binary,Japanese
15079,1974-06-07,15079,15079,Male,Hindi
15080,1993-12-02,15080,15080,Non-binary,Vietnamese
15081,1987-03-21,15081,15081,Male,Korean
15082,1960-02-07,15082,15082,Non-binary,Greek
15083,1965-04-03,15083,15083,Female,Russian
15084,1970-09-07,15084,15084,Non-binary,Spanish
15085,1998-07-20,15085,15085,Prefer not to say,English
15086,1976-09-30,15086,15086,Prefer not to say,English
15087,1973-09-06,15087,15087,Female,Vietnamese
15088,1981-11-24,15088,15088,Non-binary,Swedish
15089,1998-09-01,15089,15089,Prefer not to say,Vietnamese
15090,1987-11-14,15090,15090,Non-binary,Romanian
15091,1990-05-03,15091,15091,Male,English
15092,1990-12-09,15092,15092,Non-binary,French
15093,1999-07-20,15093,15093,Female,Portuguese
15094,1993-05-14,15094,15094,Non-binary,Mandarin
15095,1991-06-02,15095,15095,Non-binary,Hindi
15096,1996-08-31,15096,15096,Prefer not to say,Spanish
15097,1996-06-06,15097,15097,Female,Vietnamese
15098,1980-02-16,15098,15098,Prefer not to say,Portuguese
15099,1967-12-03,15099,15099,Prefer not to say,Greek
15100,1999-07-16,15100,15100,Female,Polish
15101,1979-08-30,15101,15101,Prefer not to say,Polish
15102,1978-05-15,15102,15102,Prefer not to say,English
15103,1994-06-16,15103,15103,Prefer not to say,Hindi
15104,1988-01-26,15104,15104,Male,Russian
15105,1981-05-17,15105,15105,Female,French
15106,1977-06-20,15106,15106,Prefer not to say,Greek
15107,1976-01-04,15107,15107,Non-binary,Dutch
15108,1964-11-15,15108,15108,Non-binary,Swedish
15109,1987-02-17,15109,15109,Non-binary,Italian
15110,1971-11-27,15110,15110,Non-binary,Korean
15111,1999-05-05,15111,15111,Male,Dutch
15112,1983-06-06,15112,15112,Non-binary,Russian
15113,1977-08-02,15113,15113,Male,Turkish
15114,1980-03-30,15114,15114,Non-binary,Dutch
15115,1985-02-12,15115,15115,Female,Polish
15116,1969-07-14,15116,15116,Male,Swedish
15117,1969-05-15,15117,15117,Male,Dutch
15118,1970-01-12,15118,15118,Female,Hindi
15119,1975-02-06,15119,15119,Male,Mandarin
15120,1997-06-13,15120,15120,Non-binary,Greek
15121,1994-01-04,15121,15121,Prefer not to say,English
15122,1983-09-19,15122,15122,Non-binary,Portuguese
15123,1990-04-13,15123,15123,Female,Spanish
15124,1995-04-12,15124,15124,Male,German
15125,1973-11-07,15125,15125,Non-binary,Polish
15126,1977-08-13,15126,15126,Prefer not to say,Romanian
15127,1971-05-31,15127,15127,Prefer not to say,Arabic
15128,1979-09-23,15128,15128,Prefer not to say,Dutch
15129,1998-10-13,15129,15129,Male,Korean
15130,1982-12-18,15130,15130,Non-binary,Hindi
15131,1983-08-09,15131,15131,Female,Polish
15132,1987-03-14,15132,15132,Female,Portuguese
15133,1998-12-02,15133,15133,Prefer not to say,Spanish
15134,1996-10-31,15134,15134,Male,Portuguese
15135,1971-10-19,15135,15135,Non-binary,Greek
15136,1995-04-21,15136,15136,Prefer not to say,Japanese
15137,1960-04-01,15137,15137,Male,Arabic
15138,1975-02-04,15138,15138,Male,Arabic
15139,1964-10-18,15139,15139,Non-binary,Dutch
15140,1983-06-19,15140,15140,Non-binary,Swedish
15141,1997-11-09,15141,15141,Prefer not to say,Portuguese
15142,1970-11-16,15142,15142,Female,Arabic
15143,1982-01-16,15143,15143,Non-binary,Romanian
15144,1980-11-17,15144,15144,Male,French
15145,1969-08-09,15145,15145,Male,Hindi
15146,1994-04-02,15146,15146,Prefer not to say,Polish
15147,1982-05-10,15147,15147,Male,Turkish
15148,1968-10-20,15148,15148,Prefer not to say,Portuguese
15149,2000-11-22,15149,15149,Prefer not to say,Korean
15150,1967-11-22,15150,15150,Non-binary,Dutch
15151,1993-12-14,15151,15151,Male,Portuguese
15152,1992-04-22,15152,15152,Female,Polish
15153,1980-06-25,15153,15153,Male,Turkish
15154,1960-12-07,15154,15154,Female,English
15155,1977-08-31,15155,15155,Non-binary,English
15156,1991-12-25,15156,15156,Prefer not to say,Greek
15157,1971-04-18,15157,15157,Male,Thai
15158,1964-06-17,15158,15158,Female,German
15159,2000-01-27,15159,15159,Female,Polish
15160,1968-11-12,15160,15160,Non-binary,Thai
15161,1967-08-09,15161,15161,Male,Russian
15162,1999-11-17,15162,15162,Prefer not to say,Korean
15163,1998-04-03,15163,15163,Prefer not to say,Portuguese
15164,1989-08-25,15164,15164,Non-binary,Hindi
15165,1993-10-17,15165,15165,Female,Polish
15166,1994-06-10,15166,15166,Female,Swedish
15167,2000-01-09,15167,15167,Non-binary,Thai
15168,1993-07-27,15168,15168,Female,Romanian
15169,1981-10-19,15169,15169,Male,Turkish
15170,1992-04-17,15170,15170,Male,English
15171,1970-02-15,15171,15171,Male,Mandarin
15172,1999-05-16,15172,15172,Prefer not to say,Romanian
15173,1990-07-11,15173,15173,Non-binary,French
15174,1971-10-23,15174,15174,Prefer not to say,Greek
15175,1975-08-10,15175,15175,Female,Japanese
15176,1970-03-20,15176,15176,Prefer not to say,Vietnamese
15177,1995-03-02,15177,15177,Prefer not to say,Mandarin
15178,1980-11-10,15178,15178,Prefer not to say,Korean
15179,1976-06-17,15179,15179,Non-binary,Russian
15180,1961-09-16,15180,15180,Non-binary,Turkish
15181,1968-03-17,15181,15181,Prefer not to say,Mandarin
15182,1964-11-02,15182,15182,Female,Japanese
15183,1969-05-24,15183,15183,Female,Thai
15184,1991-02-17,15184,15184,Female,Italian
15185,1998-08-09,15185,15185,Female,Japanese
15186,1977-03-30,15186,15186,Non-binary,Greek
15187,1961-12-27,15187,15187,Female,Romanian
15188,1996-02-18,15188,15188,Prefer not to say,Swedish
15189,1981-09-06,15189,15189,Prefer not to say,Thai
15190,1992-07-20,15190,15190,Female,Russian
15191,1989-10-18,15191,15191,Male,Italian
15192,1999-10-01,15192,15192,Female,Swedish
15193,1978-12-23,15193,15193,Female,Spanish
15194,1964-06-16,15194,15194,Male,Dutch
15195,1966-01-10,15195,15195,Male,Portuguese
15196,1983-01-20,15196,15196,Non-binary,Arabic
15197,1999-03-20,15197,15197,Non-binary,Korean
15198,1963-08-07,15198,15198,Prefer not to say,German
15199,1979-04-21,15199,15199,Female,Spanish
15200,1987-10-19,15200,15200,Female,English
15201,1965-07-04,15201,15201,Female,Dutch
15202,1962-03-14,15202,15202,Male,Portuguese
15203,1988-06-12,15203,15203,Male,Polish
15204,1967-01-05,15204,15204,Female,Vietnamese
15205,1996-02-21,15205,15205,Female,Mandarin
15206,1971-04-16,15206,15206,Prefer not to say,Turkish
15207,1968-02-15,15207,15207,Female,Russian
15208,1960-04-02,15208,15208,Female,Swedish
15209,1980-05-17,15209,15209,Prefer not to say,Greek
15210,1989-07-21,15210,15210,Non-binary,Japanese
15211,1966-01-10,15211,15211,Female,Greek
15212,1961-10-26,15212,15212,Female,Swedish
15213,1962-01-18,15213,15213,Female,Portuguese
15214,1994-11-03,15214,15214,Prefer not to say,French
15215,1968-06-02,15215,15215,Female,Vietnamese
15216,1971-03-22,15216,15216,Female,Vietnamese
15217,1991-12-07,15217,15217,Male,Swedish
15218,1962-08-10,15218,15218,Non-binary,Arabic
15219,1961-03-22,15219,15219,Female,Spanish
15220,1981-10-03,15220,15220,Non-binary,English
15221,1962-07-30,15221,15221,Prefer not to say,Polish
15222,1990-06-27,15222,15222,Non-binary,Hindi
15223,1994-02-05,15223,15223,Male,Hindi
15224,1961-05-20,15224,15224,Female,Thai
15225,1985-11-06,15225,15225,Male,Turkish
15226,1982-02-21,15226,15226,Male,Swedish
15227,1977-12-17,15227,15227,Female,Russian
15228,1972-06-01,15228,15228,Female,Arabic
15229,1987-04-21,15229,15229,Female,Vietnamese
15230,1990-10-21,15230,15230,Male,English
15231,1975-07-02,15231,15231,Prefer not to say,French
15232,1961-12-15,15232,15232,Female,English
15233,1961-07-04,15233,15233,Non-binary,Romanian
15234,1979-11-10,15234,15234,Female,Greek
15235,1984-06-18,15235,15235,Non-binary,Russian
15236,1996-09-16,15236,15236,Female,German
15237,1996-06-01,15237,15237,Female,Dutch
15238,1961-05-10,15238,15238,Male,Greek
15239,1999-12-16,15239,15239,Prefer not to say,French
15240,1978-09-12,15240,15240,Male,Italian
15241,1982-05-24,15241,15241,Non-binary,Swedish
15242,1975-12-04,15242,15242,Prefer not to say,Polish
15243,1975-08-01,15243,15243,Prefer not to say,Polish
15244,2000-03-04,15244,15244,Prefer not to say,Romanian
15245,1994-09-17,15245,15245,Non-binary,Italian
15246,1976-05-17,15246,15246,Female,Romanian
15247,1984-02-02,15247,15247,Female,Greek
15248,1999-11-02,15248,15248,Prefer not to say,Vietnamese
15249,1961-03-26,15249,15249,Female,German
15250,1990-06-06,15250,15250,Non-binary,Mandarin
15251,1980-01-19,15251,15251,Female,Greek
15252,1976-05-31,15252,15252,Male,Spanish
15253,1968-10-27,15253,15253,Prefer not to say,Portuguese
15254,1980-02-24,15254,15254,Female,Arabic
15255,1991-03-24,15255,15255,Female,Arabic
15256,1992-06-03,15256,15256,Male,Greek
15257,1973-04-15,15257,15257,Prefer not to say,Swedish
15258,1998-08-24,15258,15258,Prefer not to say,Russian
15259,1996-06-21,15259,15259,Prefer not to say,Dutch
15260,1996-12-20,15260,15260,Male,Polish
15261,1960-07-21,15261,15261,Female,Vietnamese
15262,1987-10-12,15262,15262,Prefer not to say,Vietnamese
15263,1979-03-29,15263,15263,Prefer not to say,Arabic
15264,1988-10-21,15264,15264,Female,Thai
15265,1978-08-05,15265,15265,Non-binary,Arabic
15266,1986-10-01,15266,15266,Male,Spanish
15267,1982-05-15,15267,15267,Male,Spanish
15268,1990-09-19,15268,15268,Prefer not to say,Turkish
15269,1973-03-02,15269,15269,Non-binary,Mandarin
15270,1990-08-19,15270,15270,Female,Polish
15271,1974-09-25,15271,15271,Prefer not to say,Arabic
15272,1984-05-05,15272,15272,Non-binary,Greek
15273,1988-12-17,15273,15273,Female,Vietnamese
15274,1965-05-14,15274,15274,Prefer not to say,French
15275,1993-03-12,15275,15275,Female,Swedish
15276,1998-06-18,15276,15276,Prefer not to say,Korean
15277,1962-05-14,15277,15277,Male,Swedish
15278,1988-02-26,15278,15278,Prefer not to say,Romanian
15279,1988-08-30,15279,15279,Non-binary,Thai
15280,1988-09-20,15280,15280,Non-binary,Korean
15281,1977-12-20,15281,15281,Male,Mandarin
15282,1990-04-16,15282,15282,Male,Thai
15283,1999-08-13,15283,15283,Non-binary,Vietnamese
15284,1994-10-10,15284,15284,Non-binary,German
15285,1991-04-22,15285,15285,Non-binary,Thai
15286,1987-06-08,15286,15286,Non-binary,Thai
15287,1985-01-27,15287,15287,Male,Korean
15288,1968-05-18,15288,15288,Female,Vietnamese
15289,1961-07-25,15289,15289,Male,Vietnamese
15290,1982-10-03,15290,15290,Female,Vietnamese
15291,1986-07-01,15291,15291,Male,Korean
15292,1984-06-19,15292,15292,Female,Spanish
15293,1963-11-25,15293,15293,Female,Italian
15294,1974-09-01,15294,15294,Male,Arabic
15295,1986-11-09,15295,15295,Prefer not to say,Thai
15296,1988-12-30,15296,15296,Male,Italian
15297,1997-09-16,15297,15297,Female,Vietnamese
15298,1998-08-20,15298,15298,Prefer not to say,Japanese
15299,1986-01-20,15299,15299,Female,Italian
15300,1995-07-19,15300,15300,Female,Korean
15301,1990-01-26,15301,15301,Male,Korean
15302,1998-12-12,15302,15302,Female,Arabic
15303,1964-02-05,15303,15303,Female,Romanian
15304,1962-04-22,15304,15304,Male,Japanese
15305,1987-09-15,15305,15305,Non-binary,Russian
15306,1990-03-22,15306,15306,Male,Turkish
15307,1974-10-02,15307,15307,Non-binary,Spanish
15308,1983-12-27,15308,15308,Non-binary,Turkish
15309,1965-01-23,15309,15309,Male,Greek
15310,1986-04-19,15310,15310,Female,Italian
15311,1974-09-07,15311,15311,Prefer not to say,Russian
15312,1977-05-03,15312,15312,Non-binary,Turkish
15313,1991-10-01,15313,15313,Female,German
15314,1996-03-29,15314,15314,Female,Portuguese
15315,1988-03-05,15315,15315,Prefer not to say,English
15316,1999-05-12,15316,15316,Female,Thai
15317,1976-10-27,15317,15317,Non-binary,French
15318,1989-01-21,15318,15318,Female,Polish
15319,1974-11-30,15319,15319,Non-binary,Greek
15320,1985-10-25,15320,15320,Female,Japanese
15321,1986-03-16,15321,15321,Non-binary,Mandarin
15322,1970-03-01,15322,15322,Male,Hindi
15323,1962-12-13,15323,15323,Non-binary,Spanish
15324,1982-02-28,15324,15324,Prefer not to say,Hindi
15325,1982-04-18,15325,15325,Female,Arabic
15326,1966-11-23,15326,15326,Female,French
15327,1975-09-27,15327,15327,Female,Swedish
15328,1968-03-15,15328,15328,Male,Russian
15329,1988-08-20,15329,15329,Prefer not to say,Russian
15330,1988-02-10,15330,15330,Non-binary,Dutch
15331,1995-03-16,15331,15331,Prefer not to say,French
15332,1990-03-31,15332,15332,Female,Japanese
15333,1981-06-07,15333,15333,Female,Dutch
15334,1971-09-01,15334,15334,Male,French
15335,1973-04-24,15335,15335,Prefer not to say,Japanese
15336,1991-11-04,15336,15336,Prefer not to say,Russian
15337,1965-03-08,15337,15337,Non-binary,Mandarin
15338,1975-07-27,15338,15338,Non-binary,Russian
15339,1987-11-10,15339,15339,Non-binary,Thai
15340,1980-02-21,15340,15340,Male,Turkish
15341,1980-05-27,15341,15341,Female,Thai
15342,1973-06-18,15342,15342,Non-binary,Portuguese
15343,1985-08-22,15343,15343,Prefer not to say,Thai
15344,1962-09-15,15344,15344,Non-binary,Turkish
15345,1998-05-06,15345,15345,Non-binary,German
15346,1972-07-20,15346,15346,Non-binary,Hindi
15347,1996-11-13,15347,15347,Female,Arabic
15348,1989-12-13,15348,15348,Male,Dutch
15349,1976-03-08,15349,15349,Female,Turkish
15350,1977-08-10,15350,15350,Prefer not to say,English
15351,1993-05-27,15351,15351,Male,Swedish
15352,1979-11-23,15352,15352,Female,German
15353,1967-01-05,15353,15353,Female,Hindi
15354,1996-03-29,15354,15354,Prefer not to say,Arabic
15355,1973-08-17,15355,15355,Female,Italian
15356,1996-05-28,15356,15356,Male,French
15357,1999-09-01,15357,15357,Female,Dutch
15358,1974-12-27,15358,15358,Male,Swedish
15359,1964-11-17,15359,15359,Non-binary,Romanian
15360,1981-05-31,15360,15360,Non-binary,Korean
15361,1965-05-14,15361,15361,Non-binary,Korean
15362,1992-03-22,15362,15362,Non-binary,Dutch
15363,1981-06-14,15363,15363,Non-binary,Swedish
15364,1994-04-04,15364,15364,Female,English
15365,1993-06-23,15365,15365,Male,Polish
15366,1985-08-30,15366,15366,Male,Japanese
15367,1961-07-07,15367,15367,Non-binary,Hindi
15368,1960-03-08,15368,15368,Non-binary,Portuguese
15369,1983-01-10,15369,15369,Non-binary,Greek
15370,1970-08-27,15370,15370,Prefer not to say,Hindi
15371,1975-02-10,15371,15371,Non-binary,Polish
15372,1961-07-19,15372,15372,Prefer not to say,Japanese
15373,1971-02-15,15373,15373,Prefer not to say,Greek
15374,1965-11-04,15374,15374,Female,Turkish
15375,1999-12-23,15375,15375,Non-binary,Thai
15376,1997-08-25,15376,15376,Male,Japanese
15377,1974-10-29,15377,15377,Male,Romanian
15378,1961-04-30,15378,15378,Male,Polish
15379,1985-03-21,15379,15379,Female,English
15380,1983-05-28,15380,15380,Male,Mandarin
15381,1970-09-11,15381,15381,Prefer not to say,Russian
15382,1993-08-02,15382,15382,Prefer not to say,Spanish
15383,1978-01-06,15383,15383,Female,Polish
15384,1986-06-25,15384,15384,Non-binary,Italian
15385,1990-12-10,15385,15385,Prefer not to say,Mandarin
15386,1973-05-05,15386,15386,Non-binary,English
15387,1973-11-02,15387,15387,Female,Arabic
15388,1983-10-10,15388,15388,Non-binary,Polish
15389,1998-12-01,15389,15389,Female,Japanese
15390,1989-02-13,15390,15390,Female,Turkish
15391,1988-11-04,15391,15391,Non-binary,Hindi
15392,1962-08-27,15392,15392,Male,Arabic
15393,1995-01-10,15393,15393,Male,Mandarin
15394,1965-01-27,15394,15394,Non-binary,Dutch
15395,1980-03-26,15395,15395,Non-binary,Dutch
15396,1995-03-20,15396,15396,Male,Hindi
15397,1984-07-13,15397,15397,Prefer not to say,Arabic
15398,1971-01-05,15398,15398,Non-binary,Greek
15399,1966-05-13,15399,15399,Prefer not to say,Japanese
15400,1998-03-16,15400,15400,Male,Swedish
15401,1998-12-29,15401,15401,Female,Mandarin
15402,1971-08-28,15402,15402,Non-binary,Hindi
15403,1993-01-08,15403,15403,Female,Arabic
15404,1967-05-01,15404,15404,Male,Turkish
15405,1986-11-02,15405,15405,Male,Polish
15406,1983-03-02,15406,15406,Prefer not to say,Portuguese
15407,1983-05-01,15407,15407,Non-binary,Mandarin
15408,1962-11-29,15408,15408,Male,Portuguese
15409,1985-02-19,15409,15409,Non-binary,French
15410,1989-06-21,15410,15410,Prefer not to say,Vietnamese
15411,1990-04-01,15411,15411,Female,Portuguese
15412,1988-04-10,15412,15412,Female,Thai
15413,1989-01-06,15413,15413,Male,Turkish
15414,1960-05-28,15414,15414,Female,Dutch
15415,1979-08-09,15415,15415,Male,Portuguese
15416,1972-08-21,15416,15416,Prefer not to say,Turkish
15417,1977-05-29,15417,15417,Prefer not to say,Polish
15418,1997-04-09,15418,15418,Prefer not to say,Portuguese
15419,1966-09-17,15419,15419,Non-binary,German
15420,1971-04-01,15420,15420,Prefer not to say,Japanese
15421,1974-03-31,15421,15421,Prefer not to say,Vietnamese
15422,2000-12-15,15422,15422,Prefer not to say,Arabic
15423,1987-11-07,15423,15423,Female,Polish
15424,1975-01-31,15424,15424,Male,Korean
15425,1971-07-25,15425,15425,Male,German
15426,1971-10-10,15426,15426,Female,Spanish
15427,1984-02-10,15427,15427,Prefer not to say,French
15428,1963-07-23,15428,15428,Male,Turkish
15429,1996-05-14,15429,15429,Non-binary,Portuguese
15430,1988-09-08,15430,15430,Prefer not to say,Polish
15431,1985-08-21,15431,15431,Male,Italian
15432,1992-12-07,15432,15432,Prefer not to say,Polish
15433,1981-12-10,15433,15433,Non-binary,German
15434,1962-08-01,15434,15434,Female,Japanese
15435,1960-04-09,15435,15435,Non-binary,Portuguese
15436,1974-07-26,15436,15436,Non-binary,Portuguese
15437,1964-07-19,15437,15437,Non-binary,German
15438,1986-11-17,15438,15438,Prefer not to say,English
15439,1990-10-12,15439,15439,Non-binary,Greek
15440,1972-05-14,15440,15440,Female,Greek
15441,1965-11-17,15441,15441,Prefer not to say,Arabic
15442,1971-12-22,15442,15442,Female,Hindi
15443,1968-06-21,15443,15443,Non-binary,Russian
15444,1993-09-24,15444,15444,Female,Greek
15445,1990-01-19,15445,15445,Prefer not to say,Spanish
15446,1984-10-16,15446,15446,Prefer not to say,Romanian
15447,1989-12-15,15447,15447,Female,Thai
15448,1966-08-03,15448,15448,Male,Polish
15449,1981-06-19,15449,15449,Female,Arabic
15450,1969-04-02,15450,15450,Female,English
15451,1992-02-16,15451,15451,Prefer not to say,French
15452,1992-03-01,15452,15452,Prefer not to say,German
15453,1970-05-15,15453,15453,Non-binary,Russian
15454,2000-03-05,15454,15454,Male,Turkish
15455,1982-07-20,15455,15455,Prefer not to say,Arabic
15456,1982-10-30,15456,15456,Non-binary,German
15457,1964-04-22,15457,15457,Prefer not to say,Korean
15458,1992-07-04,15458,15458,Prefer not to say,English
15459,1995-08-21,15459,15459,Female,Romanian
15460,1976-04-01,15460,15460,Female,Greek
15461,1973-03-27,15461,15461,Male,Portuguese
15462,1962-09-24,15462,15462,Prefer not to say,Hindi
15463,1972-01-06,15463,15463,Male,Hindi
15464,1976-09-12,15464,15464,Prefer not to say,Swedish
15465,1966-05-23,15465,15465,Prefer not to say,Korean
15466,1996-09-19,15466,15466,Female,Turkish
15467,1970-05-02,15467,15467,Male,Portuguese
15468,1962-01-08,15468,15468,Male,Arabic
15469,1986-07-18,15469,15469,Male,Arabic
15470,1982-08-19,15470,15470,Female,German
15471,1974-09-15,15471,15471,Non-binary,Russian
15472,1984-02-20,15472,15472,Non-binary,French
15473,1962-06-22,15473,15473,Non-binary,Romanian
15474,1985-09-25,15474,15474,Male,English
15475,1975-04-20,15475,15475,Prefer not to say,Russian
15476,1976-02-29,15476,15476,Male,Polish
15477,1973-03-14,15477,15477,Male,German
15478,1971-04-15,15478,15478,Prefer not to say,Dutch
15479,1996-08-18,15479,15479,Female,Dutch
15480,1994-12-10,15480,15480,Female,Turkish
15481,1979-11-22,15481,15481,Female,Portuguese
15482,1968-08-13,15482,15482,Female,Vietnamese
15483,1985-04-13,15483,15483,Male,Polish
15484,1997-06-27,15484,15484,Male,Spanish
15485,1999-05-24,15485,15485,Non-binary,Vietnamese
15486,1970-06-13,15486,15486,Male,German
15487,1974-04-26,15487,15487,Non-binary,Portuguese
15488,1973-07-25,15488,15488,Male,Vietnamese
15489,1990-07-03,15489,15489,Female,Arabic
15490,1995-01-10,15490,15490,Male,Turkish
15491,1988-05-08,15491,15491,Female,French
15492,1960-02-12,15492,15492,Female,Spanish
15493,1975-05-25,15493,15493,Male,Hindi
15494,1967-07-24,15494,15494,Non-binary,Italian
15495,1964-12-16,15495,15495,Prefer not to say,Spanish
15496,1972-05-04,15496,15496,Prefer not to say,Thai
15497,1966-12-30,15497,15497,Non-binary,Swedish
15498,1996-07-24,15498,15498,Non-binary,Spanish
15499,1968-07-16,15499,15499,Prefer not to say,Greek
15500,1960-02-11,15500,15500,Female,English
15501,1984-05-24,15501,15501,Prefer not to say,Thai
15502,1967-02-08,15502,15502,Male,Greek
15503,1964-09-04,15503,15503,Female,Portuguese
15504,1988-05-13,15504,15504,Male,Vietnamese
15505,1960-12-12,15505,15505,Non-binary,Vietnamese
15506,1983-08-07,15506,15506,Female,Arabic
15507,1960-09-21,15507,15507,Female,English
15508,1979-06-08,15508,15508,Male,Vietnamese
15509,1983-02-04,15509,15509,Non-binary,Mandarin
15510,1985-02-02,15510,15510,Prefer not to say,Portuguese
15511,1976-07-17,15511,15511,Male,French
15512,1985-12-10,15512,15512,Prefer not to say,Polish
15513,1967-08-23,15513,15513,Non-binary,Swedish
15514,1999-02-01,15514,15514,Female,Russian
15515,1997-04-16,15515,15515,Male,French
15516,1965-02-10,15516,15516,Female,Arabic
15517,1975-07-06,15517,15517,Prefer not to say,Thai
15518,1966-04-11,15518,15518,Non-binary,French
15519,1990-02-07,15519,15519,Non-binary,Russian
15520,1977-04-13,15520,15520,Female,Turkish
15521,1977-10-03,15521,15521,Prefer not to say,Vietnamese
15522,2000-10-25,15522,15522,Female,Vietnamese
15523,1964-01-30,15523,15523,Prefer not to say,Portuguese
15524,1977-12-17,15524,15524,Non-binary,Swedish
15525,1997-08-26,15525,15525,Non-binary,Spanish
15526,1966-10-03,15526,15526,Male,Vietnamese
15527,1975-05-29,15527,15527,Female,Thai
15528,1980-05-27,15528,15528,Female,French
15529,1965-07-01,15529,15529,Male,Turkish
15530,1995-10-28,15530,15530,Male,Korean
15531,1974-09-18,15531,15531,Male,Hindi
15532,1993-10-28,15532,15532,Prefer not to say,Korean
15533,1973-11-15,15533,15533,Non-binary,Greek
15534,1980-01-22,15534,15534,Non-binary,Japanese
15535,1982-03-16,15535,15535,Female,Korean
15536,1978-11-05,15536,15536,Male,Turkish
15537,1973-05-24,15537,15537,Male,Vietnamese
15538,1963-12-03,15538,15538,Male,Polish
15539,1999-11-03,15539,15539,Female,Korean
15540,1966-01-13,15540,15540,Female,Swedish
15541,1976-08-17,15541,15541,Prefer not to say,Portuguese
15542,1996-07-09,15542,15542,Non-binary,Turkish
15543,1963-08-16,15543,15543,Prefer not to say,Japanese
15544,1968-01-17,15544,15544,Non-binary,Thai
15545,1992-03-29,15545,15545,Male,Hindi
15546,1981-11-18,15546,15546,Female,Italian
15547,1985-12-19,15547,15547,Prefer not to say,Portuguese
15548,1991-02-12,15548,15548,Male,Italian
15549,1986-05-12,15549,15549,Male,Russian
15550,1999-11-28,15550,15550,Male,Romanian
15551,1989-05-20,15551,15551,Prefer not to say,French
15552,1983-10-24,15552,15552,Prefer not to say,Swedish
15553,1988-08-13,15553,15553,Prefer not to say,Romanian
15554,1975-06-26,15554,15554,Prefer not to say,Mandarin
15555,1964-01-19,15555,15555,Female,Hindi
15556,1997-05-11,15556,15556,Non-binary,Italian
15557,1968-03-08,15557,15557,Non-binary,Spanish
15558,1996-10-04,15558,15558,Non-binary,Polish
15559,1971-11-29,15559,15559,Female,German
15560,1968-10-13,15560,15560,Female,English
15561,1993-12-26,15561,15561,Female,Swedish
15562,2000-03-17,15562,15562,Female,English
15563,1987-12-15,15563,15563,Male,Thai
15564,1962-03-08,15564,15564,Non-binary,Italian
15565,1996-09-24,15565,15565,Male,Polish
15566,1994-05-02,15566,15566,Female,Spanish
15567,1990-03-13,15567,15567,Female,Greek
15568,1990-10-21,15568,15568,Male,Vietnamese
15569,1964-06-23,15569,15569,Male,Spanish
15570,1995-07-14,15570,15570,Female,Japanese
15571,1994-07-14,15571,15571,Female,Spanish
15572,1970-04-10,15572,15572,Non-binary,Swedish
15573,1966-09-03,15573,15573,Non-binary,Spanish
15574,1983-04-07,15574,15574,Male,Romanian
15575,1980-10-11,15575,15575,Non-binary,Spanish
15576,1984-02-01,15576,15576,Non-binary,Japanese
15577,1964-10-16,15577,15577,Prefer not to say,Turkish
15578,1961-12-14,15578,15578,Non-binary,Romanian
15579,1997-04-10,15579,15579,Prefer not to say,Hindi
15580,1982-03-10,15580,15580,Non-binary,Japanese
15581,1975-02-01,15581,15581,Prefer not to say,Dutch
15582,1970-08-28,15582,15582,Male,Swedish
15583,1992-02-18,15583,15583,Prefer not to say,Spanish
15584,1967-02-17,15584,15584,Prefer not to say,Turkish
15585,1966-04-26,15585,15585,Prefer not to say,Polish
15586,1973-09-29,15586,15586,Prefer not to say,Turkish
15587,1968-08-16,15587,15587,Female,Dutch
15588,1994-05-01,15588,15588,Female,Italian
15589,1995-07-20,15589,15589,Male,Japanese
15590,1961-06-04,15590,15590,Non-binary,Hindi
15591,1982-07-12,15591,15591,Non-binary,Polish
15592,1987-01-21,15592,15592,Male,Arabic
15593,1970-05-18,15593,15593,Female,Japanese
15594,2000-06-14,15594,15594,Prefer not to say,Vietnamese
15595,1983-11-15,15595,15595,Female,Romanian
15596,1999-06-03,15596,15596,Non-binary,Greek
15597,1972-03-06,15597,15597,Prefer not to say,French
15598,1986-11-24,15598,15598,Prefer not to say,Mandarin
15599,1968-06-03,15599,15599,Male,Polish
15600,1976-10-26,15600,15600,Prefer not to say,French
15601,1981-05-13,15601,15601,Male,Spanish
15602,1986-03-03,15602,15602,Female,Polish
15603,1966-07-07,15603,15603,Non-binary,Hindi
15604,1991-01-19,15604,15604,Prefer not to say,Italian
15605,1976-11-07,15605,15605,Non-binary,Korean
15606,1992-12-14,15606,15606,Non-binary,Greek
15607,1981-07-17,15607,15607,Female,Arabic
15608,1970-07-29,15608,15608,Female,Dutch
15609,1991-07-09,15609,15609,Prefer not to say,Turkish
15610,1972-08-05,15610,15610,Prefer not to say,Italian
15611,1967-05-28,15611,15611,Prefer not to say,Korean
15612,1991-02-11,15612,15612,Non-binary,Dutch
15613,1978-12-22,15613,15613,Prefer not to say,Russian
15614,1995-03-22,15614,15614,Non-binary,Thai
15615,1995-05-30,15615,15615,Male,Spanish
15616,1985-08-02,15616,15616,Female,Italian
15617,1982-04-05,15617,15617,Prefer not to say,Swedish
15618,1961-06-05,15618,15618,Male,Mandarin
15619,1974-08-24,15619,15619,Male,Arabic
15620,1969-10-27,15620,15620,Prefer not to say,Romanian
15621,1980-04-23,15621,15621,Non-binary,Greek
15622,1960-07-31,15622,15622,Prefer not to say,Hindi
15623,1989-03-02,15623,15623,Female,Korean
15624,1981-11-12,15624,15624,Non-binary,English
15625,1965-02-16,15625,15625,Male,Greek
15626,1969-03-30,15626,15626,Prefer not to say,Japanese
15627,1987-07-08,15627,15627,Female,Korean
15628,1974-04-21,15628,15628,Male,Italian
15629,1992-12-20,15629,15629,Female,Vietnamese
15630,2000-11-09,15630,15630,Female,Russian
15631,1963-09-30,15631,15631,Female,Spanish
15632,1987-02-02,15632,15632,Non-binary,Korean
15633,1970-03-06,15633,15633,Non-binary,Turkish
15634,1977-07-02,15634,15634,Prefer not to say,Greek
15635,1963-03-17,15635,15635,Female,Spanish
15636,1970-10-19,15636,15636,Male,Spanish
15637,1963-02-12,15637,15637,Non-binary,Dutch
15638,1986-04-15,15638,15638,Male,Spanish
15639,1980-02-06,15639,15639,Non-binary,Romanian
15640,1968-03-31,15640,15640,Female,Italian
15641,1976-01-20,15641,15641,Prefer not to say,Korean
15642,1960-08-03,15642,15642,Prefer not to say,Arabic
15643,1967-05-23,15643,15643,Non-binary,English
15644,1985-11-09,15644,15644,Non-binary,Vietnamese
15645,1986-06-22,15645,15645,Female,French
15646,1963-12-15,15646,15646,Prefer not to say,Spanish
15647,1990-02-23,15647,15647,Non-binary,Korean
15648,1992-03-24,15648,15648,Non-binary,French
15649,1964-10-04,15649,15649,Non-binary,Spanish
15650,1970-03-18,15650,15650,Male,Spanish
15651,1988-04-08,15651,15651,Male,English
15652,1994-06-24,15652,15652,Male,Spanish
15653,1965-01-12,15653,15653,Male,Vietnamese
15654,1991-05-24,15654,15654,Prefer not to say,Polish
15655,1993-06-17,15655,15655,Prefer not to say,Russian
15656,1970-10-01,15656,15656,Non-binary,German
15657,1969-06-14,15657,15657,Non-binary,Vietnamese
15658,1979-12-11,15658,15658,Male,Romanian
15659,1961-10-06,15659,15659,Male,Portuguese
15660,1993-09-05,15660,15660,Male,Hindi
15661,1976-10-18,15661,15661,Male,English
15662,1975-06-20,15662,15662,Non-binary,Russian
15663,1968-11-05,15663,15663,Male,French
15664,1998-11-08,15664,15664,Female,Hindi
15665,1992-10-11,15665,15665,Male,Swedish
15666,1970-07-23,15666,15666,Prefer not to say,Mandarin
15667,1963-06-07,15667,15667,Non-binary,Spanish
15668,1991-08-18,15668,15668,Male,English
15669,1990-08-22,15669,15669,Prefer not to say,English
15670,1982-03-04,15670,15670,Non-binary,Turkish
15671,1965-12-11,15671,15671,Non-binary,Thai
15672,1981-06-07,15672,15672,Non-binary,German
15673,1980-09-01,15673,15673,Female,Polish
15674,1979-09-08,15674,15674,Male,Korean
15675,1990-01-14,15675,15675,Female,Arabic
15676,1980-01-12,15676,15676,Female,Thai
15677,1984-11-10,15677,15677,Non-binary,Italian
15678,1988-04-07,15678,15678,Prefer not to say,Swedish
15679,1981-04-10,15679,15679,Prefer not to say,Hindi
15680,1990-07-19,15680,15680,Prefer not to say,Korean
15681,1973-10-13,15681,15681,Non-binary,Romanian
15682,1979-12-11,15682,15682,Prefer not to say,Romanian
15683,1972-02-27,15683,15683,Non-binary,German
15684,1982-04-29,15684,15684,Non-binary,Dutch
15685,1985-07-21,15685,15685,Prefer not to say,Italian
15686,1976-11-19,15686,15686,Non-binary,Turkish
15687,1996-04-06,15687,15687,Prefer not to say,Vietnamese
15688,1963-08-10,15688,15688,Female,German
15689,1981-06-25,15689,15689,Male,Thai
15690,1992-12-14,15690,15690,Female,German
15691,1987-09-11,15691,15691,Non-binary,Dutch
15692,1982-07-22,15692,15692,Male,Spanish
15693,1979-11-12,15693,15693,Prefer not to say,Romanian
15694,1993-10-21,15694,15694,Prefer not to say,Swedish
15695,2000-11-26,15695,15695,Prefer not to say,Swedish
15696,1968-02-19,15696,15696,Female,Japanese
15697,1998-06-23,15697,15697,Male,Portuguese
15698,1977-08-04,15698,15698,Female,Vietnamese
15699,1963-11-29,15699,15699,Male,Vietnamese
15700,1996-09-13,15700,15700,Female,Hindi
15701,1964-05-15,15701,15701,Female,Romanian
15702,1965-03-14,15702,15702,Female,Russian
15703,1990-08-08,15703,15703,Prefer not to say,Romanian
15704,1961-12-25,15704,15704,Male,Turkish
15705,1991-03-10,15705,15705,Female,Arabic
15706,1992-11-26,15706,15706,Non-binary,Japanese
15707,1978-04-23,15707,15707,Non-binary,Japanese
15708,2000-10-09,15708,15708,Prefer not to say,Swedish
15709,1996-08-12,15709,15709,Prefer not to say,Greek
15710,1985-07-19,15710,15710,Male,Turkish
15711,1984-08-27,15711,15711,Male,Portuguese
15712,1969-04-26,15712,15712,Non-binary,German
15713,1987-08-31,15713,15713,Female,French
15714,1993-11-19,15714,15714,Non-binary,Japanese
15715,1964-12-23,15715,15715,Male,Italian
15716,1973-11-24,15716,15716,Male,Thai
15717,1997-09-20,15717,15717,Non-binary,German
15718,1995-04-04,15718,15718,Non-binary,Dutch
15719,1971-10-04,15719,15719,Male,Spanish
15720,1968-09-25,15720,15720,Non-binary,Japanese
15721,1988-01-06,15721,15721,Prefer not to say,German
15722,1980-06-07,15722,15722,Female,Korean
15723,1997-03-01,15723,15723,Non-binary,Spanish
15724,1964-05-11,15724,15724,Prefer not to say,Japanese
15725,1999-12-14,15725,15725,Prefer not to say,Romanian
15726,1989-10-16,15726,15726,Female,Russian
15727,1990-09-17,15727,15727,Prefer not to say,Vietnamese
15728,1993-09-23,15728,15728,Prefer not to say,Romanian
15729,1983-05-21,15729,15729,Female,Dutch
15730,1966-12-05,15730,15730,Non-binary,Hindi
15731,1973-02-08,15731,15731,Non-binary,Romanian
15732,1963-05-13,15732,15732,Non-binary,Swedish
15733,1976-03-10,15733,15733,Male,Arabic
15734,1968-03-17,15734,15734,Male,Romanian
15735,1990-01-22,15735,15735,Female,German
15736,1964-09-27,15736,15736,Male,Swedish
15737,1980-03-02,15737,15737,Non-binary,Swedish
15738,1984-06-03,15738,15738,Non-binary,Korean
15739,1994-09-29,15739,15739,Non-binary,Arabic
15740,1968-04-11,15740,15740,Non-binary,Vietnamese
15741,1962-07-16,15741,15741,Non-binary,Korean
15742,1999-12-03,15742,15742,Male,Arabic
15743,1979-07-19,15743,15743,Prefer not to say,Polish
15744,1981-02-13,15744,15744,Prefer not to say,Italian
15745,1976-01-25,15745,15745,Female,Portuguese
15746,1992-08-18,15746,15746,Non-binary,Thai
15747,1972-06-20,15747,15747,Non-binary,Vietnamese
15748,1962-06-08,15748,15748,Non-binary,Spanish
15749,1963-05-23,15749,15749,Male,Romanian
15750,1998-11-04,15750,15750,Male,Mandarin
15751,1965-01-25,15751,15751,Male,German
15752,1973-06-11,15752,15752,Female,English
15753,1999-11-21,15753,15753,Female,Turkish
15754,1965-02-25,15754,15754,Female,Greek
15755,1973-06-16,15755,15755,Female,Dutch
15756,1983-09-08,15756,15756,Prefer not to say,Dutch
15757,1986-02-10,15757,15757,Female,Mandarin
15758,1975-03-22,15758,15758,Non-binary,Italian
15759,1964-12-03,15759,15759,Non-binary,Mandarin
15760,1991-08-05,15760,15760,Male,English
15761,1962-05-04,15761,15761,Prefer not to say,Vietnamese
15762,1989-07-01,15762,15762,Female,Turkish
15763,1981-09-05,15763,15763,Female,Mandarin
15764,2000-06-17,15764,15764,Female,Italian
15765,1975-06-08,15765,15765,Non-binary,Hindi
15766,1982-02-21,15766,15766,Female,Italian
15767,1986-12-05,15767,15767,Non-binary,Hindi
15768,1984-10-02,15768,15768,Non-binary,French
15769,1966-06-23,15769,15769,Non-binary,Romanian
15770,1992-08-15,15770,15770,Female,Spanish
15771,1979-03-31,15771,15771,Female,French
15772,1978-02-01,15772,15772,Female,Greek
15773,1984-09-21,15773,15773,Male,Italian
15774,1996-03-28,15774,15774,Male,Romanian
15775,1988-09-19,15775,15775,Male,German
15776,1983-02-18,15776,15776,Prefer not to say,French
15777,1994-12-10,15777,15777,Male,French
15778,1965-01-25,15778,15778,Male,Spanish
15779,1977-05-12,15779,15779,Female,German
15780,1989-06-01,15780,15780,Prefer not to say,French
15781,1960-03-18,15781,15781,Female,English
15782,1987-03-07,15782,15782,Prefer not to say,Arabic
15783,1983-10-09,15783,15783,Male,Greek
15784,1992-07-27,15784,15784,Non-binary,Thai
15785,2000-01-21,15785,15785,Male,Dutch
15786,1966-08-31,15786,15786,Male,Thai
15787,1981-12-31,15787,15787,Male,German
15788,1993-08-05,15788,15788,Female,Vietnamese
15789,1968-02-21,15789,15789,Prefer not to say,Spanish
15790,1965-07-15,15790,15790,Female,Swedish
15791,1990-01-07,15791,15791,Prefer not to say,Portuguese
15792,1968-10-10,15792,15792,Prefer not to say,Dutch
15793,1982-02-14,15793,15793,Non-binary,Spanish
15794,1972-03-04,15794,15794,Non-binary,Polish
15795,1973-06-22,15795,15795,Non-binary,German
15796,1985-01-13,15796,15796,Prefer not to say,Turkish
15797,1979-04-12,15797,15797,Prefer not to say,French
15798,1994-11-06,15798,15798,Male,Italian
15799,1993-07-28,15799,15799,Female,Greek
15800,1961-05-01,15800,15800,Male,Vietnamese
15801,1972-06-12,15801,15801,Female,Vietnamese
15802,1965-12-16,15802,15802,Female,Thai
15803,1991-08-14,15803,15803,Non-binary,German
15804,1960-11-01,15804,15804,Prefer not to say,Korean
15805,1982-01-09,15805,15805,Female,German
15806,1993-01-16,15806,15806,Non-binary,Portuguese
15807,1999-02-25,15807,15807,Prefer not to say,Japanese
15808,1981-02-07,15808,15808,Male,Hindi
15809,1998-05-06,15809,15809,Female,German
15810,1963-11-22,15810,15810,Female,Hindi
15811,1985-10-01,15811,15811,Male,Thai
15812,1983-11-26,15812,15812,Non-binary,Japanese
15813,1997-05-17,15813,15813,Female,Hindi
15814,1997-03-01,15814,15814,Female,Arabic
15815,1983-01-08,15815,15815,Male,English
15816,1990-10-12,15816,15816,Male,Greek
15817,1979-07-23,15817,15817,Male,Romanian
15818,1975-08-14,15818,15818,Prefer not to say,Japanese
15819,1989-11-30,15819,15819,Non-binary,Vietnamese
15820,1976-01-01,15820,15820,Non-binary,Greek
15821,1974-07-28,15821,15821,Non-binary,Italian
15822,1987-02-04,15822,15822,Male,Greek
15823,1978-02-12,15823,15823,Prefer not to say,German
15824,1965-04-22,15824,15824,Non-binary,Romanian
15825,1960-05-20,15825,15825,Female,Spanish
15826,1971-03-15,15826,15826,Prefer not to say,Turkish
15827,1999-08-14,15827,15827,Female,Polish
15828,1987-07-01,15828,15828,Prefer not to say,Polish
15829,1988-12-08,15829,15829,Non-binary,Korean
15830,1987-12-10,15830,15830,Prefer not to say,Dutch
15831,1970-07-17,15831,15831,Male,French
15832,1980-01-11,15832,15832,Male,Italian
15833,1973-09-22,15833,15833,Female,Korean
15834,1999-01-12,15834,15834,Female,Romanian
15835,1993-02-23,15835,15835,Non-binary,Hindi
15836,1978-01-02,15836,15836,Prefer not to say,German
15837,1990-08-20,15837,15837,Non-binary,Hindi
15838,1987-06-26,15838,15838,Female,Turkish
15839,1995-07-29,15839,15839,Male,Spanish
15840,1968-04-01,15840,15840,Non-binary,Portuguese
15841,1962-02-06,15841,15841,Prefer not to say,Polish
15842,1972-08-23,15842,15842,Female,Greek
15843,1970-02-10,15843,15843,Prefer not to say,Arabic
15844,1963-10-27,15844,15844,Male,Russian
15845,1970-01-16,15845,15845,Non-binary,Romanian
15846,1991-09-28,15846,15846,Female,Romanian
15847,1973-06-02,15847,15847,Female,Swedish
15848,1975-05-21,15848,15848,Male,Japanese
15849,1997-01-24,15849,15849,Non-binary,Greek
15850,1967-11-28,15850,15850,Male,Turkish
15851,1992-12-14,15851,15851,Female,Swedish
15852,1989-07-18,15852,15852,Prefer not to say,Arabic
15853,1998-02-09,15853,15853,Male,Thai
15854,1989-10-01,15854,15854,Prefer not to say,Polish
15855,1979-01-05,15855,15855,Male,German
15856,1973-01-27,15856,15856,Non-binary,Romanian
15857,2000-03-21,15857,15857,Non-binary,Italian
15858,1965-07-25,15858,15858,Non-binary,Korean
15859,1961-02-14,15859,15859,Male,Swedish
15860,2000-08-01,15860,15860,Male,Hindi
15861,1961-06-21,15861,15861,Non-binary,Swedish
15862,1997-05-29,15862,15862,Non-binary,Swedish
15863,1972-09-15,15863,15863,Non-binary,Dutch
15864,1964-01-21,15864,15864,Male,Russian
15865,1962-02-23,15865,15865,Male,Arabic
15866,1961-12-12,15866,15866,Female,Swedish
15867,1971-09-15,15867,15867,Female,Greek
15868,1973-11-14,15868,15868,Prefer not to say,Japanese
15869,1995-01-31,15869,15869,Prefer not to say,Japanese
15870,1989-11-16,15870,15870,Prefer not to say,Thai
15871,1983-09-06,15871,15871,Prefer not to say,Swedish
15872,1983-03-01,15872,15872,Prefer not to say,Italian
15873,1975-05-15,15873,15873,Male,Mandarin
15874,1991-05-14,15874,15874,Female,Japanese
15875,1984-11-17,15875,15875,Prefer not to say,Romanian
15876,1985-05-04,15876,15876,Male,Vietnamese
15877,1967-04-05,15877,15877,Male,Japanese
15878,1991-07-21,15878,15878,Female,Turkish
15879,2000-05-17,15879,15879,Prefer not to say,Polish
15880,1979-06-06,15880,15880,Prefer not to say,English
15881,1967-12-06,15881,15881,Female,Arabic
15882,1994-04-03,15882,15882,Male,Dutch
15883,1984-03-16,15883,15883,Female,Korean
15884,1985-04-17,15884,15884,Male,Russian
15885,1964-09-14,15885,15885,Male,Greek
15886,1975-01-29,15886,15886,Female,Hindi
15887,1994-08-20,15887,15887,Prefer not to say,Japanese
15888,1994-05-17,15888,15888,Female,Korean
15889,1986-12-04,15889,15889,Non-binary,Hindi
15890,1980-12-02,15890,15890,Male,English
15891,1968-01-12,15891,15891,Non-binary,German
15892,1984-11-03,15892,15892,Female,Polish
15893,1978-09-29,15893,15893,Male,Hindi
15894,1990-02-11,15894,15894,Male,Romanian
15895,2000-02-28,15895,15895,Male,Japanese
15896,1981-09-09,15896,15896,Non-binary,Arabic
15897,1997-05-19,15897,15897,Non-binary,Italian
15898,1983-07-29,15898,15898,Non-binary,Russian
15899,1973-12-16,15899,15899,Prefer not to say,Portuguese
15900,2000-09-21,15900,15900,Male,Greek
15901,1966-03-03,15901,15901,Male,Thai
15902,1964-11-25,15902,15902,Male,Hindi
15903,1962-04-05,15903,15903,Male,Greek
15904,1990-02-23,15904,15904,Non-binary,Greek
15905,1990-12-11,15905,15905,Female,Greek
15906,1974-01-06,15906,15906,Female,Vietnamese
15907,1976-06-28,15907,15907,Female,French
15908,1964-09-28,15908,15908,Male,Mandarin
15909,1974-06-01,15909,15909,Prefer not to say,Japanese
15910,1974-07-22,15910,15910,Prefer not to say,Arabic
15911,1989-04-14,15911,15911,Non-binary,French
15912,1965-07-12,15912,15912,Male,French
15913,1963-11-30,15913,15913,Female,Italian
15914,1987-07-31,15914,15914,Male,Greek
15915,1973-12-16,15915,15915,Non-binary,Mandarin
15916,1970-06-30,15916,15916,Non-binary,Korean
15917,1993-09-05,15917,15917,Non-binary,Arabic
15918,1981-01-17,15918,15918,Male,Portuguese
15919,1970-03-11,15919,15919,Female,Vietnamese
15920,1972-05-06,15920,15920,Female,Mandarin
15921,1997-05-16,15921,15921,Non-binary,Japanese
15922,1999-09-24,15922,15922,Prefer not to say,Vietnamese
15923,1988-06-15,15923,15923,Male,Swedish
15924,1996-12-31,15924,15924,Male,Korean
15925,1977-04-13,15925,15925,Female,Romanian
15926,1971-07-10,15926,15926,Female,French
15927,1983-04-22,15927,15927,Female,German
15928,1960-07-14,15928,15928,Male,Turkish
15929,1962-05-12,15929,15929,Male,Thai
15930,1976-06-15,15930,15930,Prefer not to say,English
15931,1983-10-09,15931,15931,Female,Russian
15932,1994-09-30,15932,15932,Female,Swedish
15933,1990-12-13,15933,15933,Non-binary,Dutch
15934,1975-06-22,15934,15934,Female,German
15935,1974-02-14,15935,15935,Prefer not to say,Romanian
15936,1982-10-19,15936,15936,Prefer not to say,Swedish
15937,1974-12-12,15937,15937,Male,Vietnamese
15938,1981-01-06,15938,15938,Prefer not to say,Polish
15939,1983-04-01,15939,15939,Prefer not to say,Hindi
15940,1992-11-27,15940,15940,Non-binary,English
15941,2000-05-19,15941,15941,Non-binary,Spanish
15942,1999-12-01,15942,15942,Prefer not to say,Thai
15943,1995-11-03,15943,15943,Non-binary,German
15944,1995-07-29,15944,15944,Female,English
15945,1978-10-02,15945,15945,Prefer not to say,Swedish
15946,1978-07-17,15946,15946,Prefer not to say,Hindi
15947,1998-10-20,15947,15947,Prefer not to say,Greek
15948,1997-02-28,15948,15948,Non-binary,Romanian
15949,1965-01-12,15949,15949,Female,Dutch
15950,1967-07-08,15950,15950,Male,Spanish
15951,1983-11-26,15951,15951,Female,Portuguese
15952,1983-01-12,15952,15952,Female,Turkish
15953,1998-02-24,15953,15953,Male,Portuguese
15954,1971-08-27,15954,15954,Prefer not to say,Thai
15955,1981-05-23,15955,15955,Non-binary,Polish
15956,1999-03-12,15956,15956,Female,Korean
15957,1990-07-18,15957,15957,Non-binary,Turkish
15958,1977-10-22,15958,15958,Female,Polish
15959,1979-06-26,15959,15959,Male,Mandarin
15960,1971-01-28,15960,15960,Male,Greek
15961,1962-10-22,15961,15961,Female,Turkish
15962,1983-08-26,15962,15962,Male,Korean
15963,1992-11-14,15963,15963,Non-binary,Spanish
15964,1987-05-31,15964,15964,Male,Russian
15965,1978-12-16,15965,15965,Prefer not to say,Thai
15966,1985-06-06,15966,15966,Male,Hindi
15967,1987-08-03,15967,15967,Female,Spanish
15968,1989-10-13,15968,15968,Male,German
15969,1971-11-30,15969,15969,Female,English
15970,1992-01-28,15970,15970,Prefer not to say,Thai
15971,1979-01-04,15971,15971,Non-binary,Romanian
15972,1974-09-08,15972,15972,Prefer not to say,Korean
15973,1989-05-09,15973,15973,Non-binary,German
15974,1991-12-21,15974,15974,Prefer not to say,Russian
15975,1990-04-18,15975,15975,Prefer not to say,Italian
15976,1960-05-22,15976,15976,Male,Japanese
15977,1983-08-26,15977,15977,Non-binary,Romanian
15978,1967-03-16,15978,15978,Prefer not to say,Greek
15979,1986-07-31,15979,15979,Male,Polish
15980,1978-12-19,15980,15980,Female,Korean
15981,1976-07-26,15981,15981,Female,Turkish
15982,1972-06-23,15982,15982,Male,Polish
15983,1971-08-03,15983,15983,Male,Thai
15984,1978-02-07,15984,15984,Female,Polish
15985,1980-08-22,15985,15985,Prefer not to say,Hindi
15986,1971-08-15,15986,15986,Female,Hindi
15987,1985-09-18,15987,15987,Non-binary,English
15988,1997-02-21,15988,15988,Male,Spanish
15989,1974-02-17,15989,15989,Non-binary,Vietnamese
15990,1970-01-20,15990,15990,Female,Arabic
15991,1971-05-03,15991,15991,Female,Hindi
15992,1961-04-01,15992,15992,Female,Vietnamese
15993,1986-06-25,15993,15993,Non-binary,Spanish
15994,1984-07-25,15994,15994,Male,French
15995,1991-07-21,15995,15995,Male,French
15996,1962-05-22,15996,15996,Non-binary,Mandarin
15997,1970-01-25,15997,15997,Male,Mandarin
15998,1967-11-10,15998,15998,Male,Hindi
15999,1969-12-09,15999,15999,Male,Thai
16000,2000-05-19,16000,16000,Female,Russian
16001,1963-10-22,16001,16001,Female,German
16002,1991-08-22,16002,16002,Non-binary,Arabic
16003,1967-11-02,16003,16003,Prefer not to say,Mandarin
16004,1973-04-29,16004,16004,Male,English
16005,1979-04-18,16005,16005,Male,Polish
16006,1978-09-07,16006,16006,Prefer not to say,Italian
16007,1969-03-29,16007,16007,Male,Mandarin
16008,1973-01-06,16008,16008,Non-binary,Spanish
16009,1973-04-28,16009,16009,Female,German
16010,1987-12-22,16010,16010,Prefer not to say,Italian
16011,1986-10-05,16011,16011,Prefer not to say,Romanian
16012,1972-12-29,16012,16012,Prefer not to say,French
16013,1988-11-28,16013,16013,Female,Japanese
16014,1971-12-03,16014,16014,Prefer not to say,English
16015,1972-10-21,16015,16015,Non-binary,Korean
16016,1977-04-28,16016,16016,Male,Russian
16017,1977-05-06,16017,16017,Non-binary,Dutch
16018,1985-10-01,16018,16018,Female,Polish
16019,1961-12-17,16019,16019,Female,Greek
16020,1968-07-01,16020,16020,Prefer not to say,German
16021,1977-03-27,16021,16021,Male,Arabic
16022,1970-12-26,16022,16022,Non-binary,Spanish
16023,1961-05-16,16023,16023,Male,Spanish
16024,1984-11-11,16024,16024,Prefer not to say,Japanese
16025,1994-01-29,16025,16025,Female,Greek
16026,1966-03-13,16026,16026,Prefer not to say,Hindi
16027,2000-05-16,16027,16027,Male,Spanish
16028,1966-06-05,16028,16028,Male,Japanese
16029,1999-09-30,16029,16029,Male,Italian
16030,1996-09-30,16030,16030,Female,Mandarin
16031,1988-07-26,16031,16031,Male,Swedish
16032,1974-01-01,16032,16032,Female,German
16033,1989-04-30,16033,16033,Male,Thai
16034,1970-11-09,16034,16034,Female,Romanian
16035,1965-11-30,16035,16035,Prefer not to say,Mandarin
16036,1976-12-19,16036,16036,Female,Vietnamese
16037,2000-10-24,16037,16037,Prefer not to say,Polish
16038,1983-06-05,16038,16038,Non-binary,Dutch
16039,1990-09-05,16039,16039,Prefer not to say,Thai
16040,1981-09-22,16040,16040,Non-binary,German
16041,1968-06-21,16041,16041,Male,Thai
16042,1987-06-06,16042,16042,Non-binary,Italian
16043,1997-07-09,16043,16043,Non-binary,Portuguese
16044,1967-05-10,16044,16044,Non-binary,Japanese
16045,1999-03-14,16045,16045,Non-binary,Mandarin
16046,1963-08-19,16046,16046,Non-binary,Swedish
16047,1979-03-16,16047,16047,Male,Italian
16048,1970-07-03,16048,16048,Female,Mandarin
16049,1998-04-15,16049,16049,Female,Spanish
16050,1981-06-20,16050,16050,Non-binary,German
16051,1983-03-01,16051,16051,Female,German
16052,1967-08-17,16052,16052,Non-binary,Polish
16053,1982-06-30,16053,16053,Prefer not to say,Hindi
16054,1987-05-25,16054,16054,Non-binary,Spanish
16055,1974-10-21,16055,16055,Female,Korean
16056,1989-01-18,16056,16056,Non-binary,Vietnamese
16057,1994-04-05,16057,16057,Non-binary,Dutch
16058,1987-03-27,16058,16058,Non-binary,Swedish
16059,1990-10-14,16059,16059,Prefer not to say,French
16060,1979-04-05,16060,16060,Prefer not to say,Korean
16061,1985-11-09,16061,16061,Non-binary,Thai
16062,1980-04-10,16062,16062,Male,Korean
16063,1983-01-21,16063,16063,Prefer not to say,Russian
16064,1996-07-24,16064,16064,Female,Romanian
16065,1997-07-06,16065,16065,Non-binary,French
16066,1966-02-06,16066,16066,Prefer not to say,Thai
16067,1973-08-29,16067,16067,Non-binary,Polish
16068,1996-06-23,16068,16068,Prefer not to say,Spanish
16069,2000-02-22,16069,16069,Prefer not to say,Hindi
16070,1969-01-16,16070,16070,Prefer not to say,Portuguese
16071,1988-05-23,16071,16071,Prefer not to say,Hindi
16072,1964-03-14,16072,16072,Non-binary,Arabic
16073,1977-06-16,16073,16073,Female,Japanese
16074,1996-02-24,16074,16074,Non-binary,French
16075,1960-10-08,16075,16075,Non-binary,Greek
16076,1968-08-19,16076,16076,Male,Japanese
16077,1981-01-30,16077,16077,Non-binary,Romanian
16078,1976-04-30,16078,16078,Non-binary,Korean
16079,1989-02-21,16079,16079,Prefer not to say,Thai
16080,1994-12-23,16080,16080,Prefer not to say,Hindi
16081,1964-04-10,16081,16081,Non-binary,Japanese
16082,1968-04-18,16082,16082,Female,Italian
16083,1990-12-22,16083,16083,Female,Vietnamese
16084,1975-08-09,16084,16084,Prefer not to say,Spanish
16085,1997-08-25,16085,16085,Female,Greek
16086,1985-07-21,16086,16086,Male,Japanese
16087,1977-01-01,16087,16087,Male,Russian
16088,1983-11-11,16088,16088,Male,Japanese
16089,1962-06-18,16089,16089,Non-binary,Portuguese
16090,1980-01-09,16090,16090,Female,Portuguese
16091,1981-04-20,16091,16091,Female,Hindi
16092,2000-12-01,16092,16092,Female,Italian
16093,1972-10-23,16093,16093,Non-binary,Korean
16094,1976-11-26,16094,16094,Female,Russian
16095,1972-06-11,16095,16095,Non-binary,Hindi
16096,1975-12-13,16096,16096,Male,Mandarin
16097,1995-12-03,16097,16097,Prefer not to say,Russian
16098,1995-06-22,16098,16098,Non-binary,Vietnamese
16099,1997-08-28,16099,16099,Non-binary,Arabic
16100,1967-05-17,16100,16100,Non-binary,French
16101,1993-06-12,16101,16101,Prefer not to say,Dutch
16102,1962-11-12,16102,16102,Male,Thai
16103,1968-09-25,16103,16103,Non-binary,Mandarin
16104,1972-05-21,16104,16104,Male,Swedish
16105,1976-07-31,16105,16105,Female,Polish
16106,1994-08-05,16106,16106,Female,Vietnamese
16107,1969-12-03,16107,16107,Female,Swedish
16108,1994-08-28,16108,16108,Prefer not to say,French
16109,1968-12-21,16109,16109,Non-binary,Romanian
16110,1975-12-27,16110,16110,Male,Thai
16111,1996-04-06,16111,16111,Non-binary,Arabic
16112,1976-05-25,16112,16112,Female,Turkish
16113,1997-11-11,16113,16113,Non-binary,Japanese
16114,1970-06-02,16114,16114,Male,Swedish
16115,1980-07-12,16115,16115,Female,Italian
16116,1984-02-18,16116,16116,Non-binary,Dutch
16117,1969-12-13,16117,16117,Non-binary,Arabic
16118,1984-03-20,16118,16118,Prefer not to say,Italian
16119,1963-09-15,16119,16119,Male,Turkish
16120,1984-05-24,16120,16120,Female,Spanish
16121,1972-02-27,16121,16121,Male,Turkish
16122,1966-10-01,16122,16122,Non-binary,Mandarin
16123,1998-12-24,16123,16123,Male,Portuguese
16124,1998-09-24,16124,16124,Non-binary,English
16125,1991-06-25,16125,16125,Female,Dutch
16126,1976-05-16,16126,16126,Male,Polish
16127,1965-12-28,16127,16127,Male,Korean
16128,1982-09-01,16128,16128,Non-binary,French
16129,1970-02-28,16129,16129,Prefer not to say,Hindi
16130,1994-07-17,16130,16130,Prefer not to say,Romanian
16131,1971-10-01,16131,16131,Prefer not to say,Portuguese
16132,1990-10-28,16132,16132,Non-binary,Japanese
16133,1963-12-30,16133,16133,Prefer not to say,Portuguese
16134,1984-08-23,16134,16134,Male,Greek
16135,1962-01-15,16135,16135,Prefer not to say,Korean
16136,1985-08-06,16136,16136,Male,Greek
16137,1962-02-05,16137,16137,Male,Hindi
16138,1994-08-13,16138,16138,Male,English
16139,1975-04-13,16139,16139,Non-binary,Arabic
16140,1986-05-27,16140,16140,Female,Italian
16141,1994-05-18,16141,16141,Male,Spanish
16142,1998-05-08,16142,16142,Female,German
16143,1987-03-22,16143,16143,Non-binary,Arabic
16144,1988-03-22,16144,16144,Prefer not to say,Portuguese
16145,1979-11-25,16145,16145,Prefer not to say,Thai
16146,1979-08-22,16146,16146,Non-binary,Swedish
16147,1980-05-20,16147,16147,Prefer not to say,Italian
16148,1986-09-28,16148,16148,Prefer not to say,Thai
16149,1975-02-19,16149,16149,Female,Turkish
16150,1981-05-03,16150,16150,Prefer not to say,Vietnamese
16151,1989-09-14,16151,16151,Male,Dutch
16152,1961-12-30,16152,16152,Non-binary,Portuguese
16153,1970-09-20,16153,16153,Female,Italian
16154,1973-11-12,16154,16154,Prefer not to say,Romanian
16155,1982-10-01,16155,16155,Female,Greek
16156,1978-01-10,16156,16156,Prefer not to say,Hindi
16157,1965-05-13,16157,16157,Female,Portuguese
16158,1986-07-12,16158,16158,Female,Italian
16159,1969-10-16,16159,16159,Non-binary,Portuguese
16160,1994-03-24,16160,16160,Female,French
16161,1996-07-24,16161,16161,Prefer not to say,Thai
16162,1987-04-10,16162,16162,Male,Spanish
16163,1973-05-23,16163,16163,Male,Japanese
16164,1974-07-04,16164,16164,Prefer not to say,Swedish
16165,1967-05-14,16165,16165,Female,Arabic
16166,1996-12-09,16166,16166,Female,Romanian
16167,2000-10-29,16167,16167,Female,Swedish
16168,1974-04-09,16168,16168,Non-binary,Hindi
16169,1984-10-10,16169,16169,Prefer not to say,Japanese
16170,1961-05-07,16170,16170,Female,Greek
16171,1996-10-08,16171,16171,Non-binary,Thai
16172,1987-12-16,16172,16172,Female,Thai
16173,1979-09-12,16173,16173,Male,Greek
16174,1982-07-08,16174,16174,Female,Turkish
16175,1977-08-04,16175,16175,Male,Portuguese
16176,1979-03-27,16176,16176,Male,Spanish
16177,1991-04-12,16177,16177,Female,Hindi
16178,1981-01-22,16178,16178,Male,Russian
16179,1990-04-17,16179,16179,Prefer not to say,Turkish
16180,1998-09-04,16180,16180,Non-binary,Swedish
16181,1992-09-26,16181,16181,Non-binary,Swedish
16182,1980-06-18,16182,16182,Prefer not to say,Dutch
16183,1960-11-23,16183,16183,Female,French
16184,1964-01-11,16184,16184,Prefer not to say,Polish
16185,1991-04-15,16185,16185,Female,Italian
16186,1984-04-02,16186,16186,Male,Russian
16187,1991-10-23,16187,16187,Prefer not to say,Dutch
16188,1984-08-05,16188,16188,Female,Greek
16189,1988-11-23,16189,16189,Prefer not to say,French
16190,1994-11-05,16190,16190,Female,Romanian
16191,1988-10-28,16191,16191,Female,Spanish
16192,1972-06-19,16192,16192,Prefer not to say,Arabic
16193,1984-01-02,16193,16193,Prefer not to say,Turkish
16194,1988-03-16,16194,16194,Male,German
16195,1969-07-13,16195,16195,Non-binary,Portuguese
16196,1994-07-31,16196,16196,Non-binary,Korean
16197,1995-06-08,16197,16197,Female,Mandarin
16198,1988-12-25,16198,16198,Male,Spanish
16199,1965-05-06,16199,16199,Male,Hindi
16200,1964-10-22,16200,16200,Female,Romanian
16201,1966-10-13,16201,16201,Non-binary,Greek
16202,1992-05-20,16202,16202,Male,Spanish
16203,1975-02-22,16203,16203,Prefer not to say,Vietnamese
16204,1991-03-24,16204,16204,Female,Japanese
16205,1985-09-07,16205,16205,Male,Romanian
16206,1999-11-18,16206,16206,Non-binary,Romanian
16207,1981-11-12,16207,16207,Prefer not to say,Russian
16208,1985-10-29,16208,16208,Non-binary,Arabic
16209,1979-12-30,16209,16209,Non-binary,Thai
16210,1978-03-13,16210,16210,Female,French
16211,1993-01-20,16211,16211,Male,Japanese
16212,1988-01-31,16212,16212,Female,German
16213,1981-11-19,16213,16213,Non-binary,German
16214,1976-10-09,16214,16214,Non-binary,Polish
16215,1990-05-06,16215,16215,Non-binary,Portuguese
16216,1989-07-12,16216,16216,Male,French
16217,1992-10-12,16217,16217,Female,Spanish
16218,1963-01-03,16218,16218,Male,Vietnamese
16219,1971-03-02,16219,16219,Male,Japanese
16220,1975-03-04,16220,16220,Prefer not to say,Thai
16221,1993-02-28,16221,16221,Male,Japanese
16222,1986-11-16,16222,16222,Female,Italian
16223,1998-08-24,16223,16223,Female,German
16224,1988-02-28,16224,16224,Male,French
16225,1971-10-11,16225,16225,Female,Polish
16226,1996-05-08,16226,16226,Male,Portuguese
16227,1967-11-01,16227,16227,Non-binary,Vietnamese
16228,1961-12-13,16228,16228,Female,Dutch
16229,1991-04-02,16229,16229,Female,Korean
16230,1965-10-20,16230,16230,Female,Korean
16231,1974-01-02,16231,16231,Female,Vietnamese
16232,1998-04-06,16232,16232,Prefer not to say,Swedish
16233,1979-11-14,16233,16233,Non-binary,Spanish
16234,1973-10-13,16234,16234,Prefer not to say,Arabic
16235,1995-11-01,16235,16235,Non-binary,Spanish
16236,1984-09-25,16236,16236,Male,Polish
16237,1962-03-10,16237,16237,Prefer not to say,Dutch
16238,1989-04-11,16238,16238,Male,Korean
16239,1989-11-17,16239,16239,Male,Japanese
16240,1968-01-28,16240,16240,Non-binary,Thai
16241,1965-10-03,16241,16241,Male,Thai
16242,1995-12-25,16242,16242,Female,Vietnamese
16243,1963-03-13,16243,16243,Non-binary,Italian
16244,1971-10-09,16244,16244,Male,Thai
16245,1997-03-27,16245,16245,Female,German
16246,1969-12-09,16246,16246,Prefer not to say,Italian
16247,1960-03-12,16247,16247,Non-binary,Romanian
16248,1961-05-24,16248,16248,Prefer not to say,Japanese
16249,1970-05-10,16249,16249,Non-binary,Arabic
16250,1968-05-01,16250,16250,Prefer not to say,Romanian
16251,1983-05-10,16251,16251,Prefer not to say,French
16252,1971-10-19,16252,16252,Female,Italian
16253,1999-02-26,16253,16253,Male,Italian
16254,1999-11-01,16254,16254,Prefer not to say,Spanish
16255,1978-12-22,16255,16255,Male,French
16256,1973-04-19,16256,16256,Female,Arabic
16257,1966-02-26,16257,16257,Prefer not to say,Russian
16258,1995-07-13,16258,16258,Prefer not to say,Russian
16259,1970-05-03,16259,16259,Non-binary,French
16260,1981-04-08,16260,16260,Prefer not to say,Hindi
16261,1984-08-22,16261,16261,Non-binary,Mandarin
16262,1962-03-11,16262,16262,Male,Mandarin
16263,1998-04-16,16263,16263,Male,Vietnamese
16264,1992-05-14,16264,16264,Female,Hindi
16265,1963-10-21,16265,16265,Prefer not to say,Dutch
16266,1995-09-07,16266,16266,Female,Arabic
16267,1965-05-27,16267,16267,Male,German
16268,1969-11-22,16268,16268,Female,German
16269,1965-09-23,16269,16269,Prefer not to say,Portuguese
16270,1998-12-21,16270,16270,Non-binary,Korean
16271,1977-06-18,16271,16271,Prefer not to say,Vietnamese
16272,1970-02-21,16272,16272,Prefer not to say,Greek
16273,1976-03-19,16273,16273,Prefer not to say,Korean
16274,1967-08-02,16274,16274,Female,Turkish
16275,1977-02-16,16275,16275,Non-binary,Spanish
16276,1979-12-23,16276,16276,Male,Portuguese
16277,2000-08-24,16277,16277,Male,Russian
16278,1965-07-27,16278,16278,Non-binary,Japanese
16279,1978-01-08,16279,16279,Non-binary,Portuguese
16280,1988-01-16,16280,16280,Prefer not to say,Polish
16281,1975-08-09,16281,16281,Female,French
16282,1979-02-09,16282,16282,Prefer not to say,Russian
16283,1972-11-28,16283,16283,Male,Mandarin
16284,1981-12-28,16284,16284,Prefer not to say,English
16285,1989-01-17,16285,16285,Male,Romanian
16286,1991-03-21,16286,16286,Female,English
16287,1976-11-18,16287,16287,Non-binary,Japanese
16288,1964-08-19,16288,16288,Prefer not to say,Korean
16289,1986-11-28,16289,16289,Prefer not to say,French
16290,1979-01-27,16290,16290,Male,Thai
16291,1976-10-26,16291,16291,Non-binary,Spanish
16292,1994-09-24,16292,16292,Prefer not to say,Turkish
16293,1962-03-03,16293,16293,Non-binary,Dutch
16294,1978-01-11,16294,16294,Female,Swedish
16295,1983-12-15,16295,16295,Non-binary,German
16296,1990-07-09,16296,16296,Female,Portuguese
16297,1982-03-10,16297,16297,Female,Arabic
16298,1969-03-22,16298,16298,Male,Korean
16299,1970-01-20,16299,16299,Non-binary,Dutch
16300,1982-05-28,16300,16300,Female,Polish
16301,1963-09-09,16301,16301,Prefer not to say,French
16302,1970-02-25,16302,16302,Male,Swedish
16303,1991-07-25,16303,16303,Male,Greek
16304,1984-09-30,16304,16304,Prefer not to say,English
16305,1986-07-12,16305,16305,Male,Mandarin
16306,1989-12-20,16306,16306,Non-binary,Russian
16307,1962-12-15,16307,16307,Non-binary,Mandarin
16308,1964-02-14,16308,16308,Prefer not to say,Dutch
16309,1966-05-27,16309,16309,Male,Hindi
16310,1969-08-16,16310,16310,Prefer not to say,Vietnamese
16311,1961-02-27,16311,16311,Female,Turkish
16312,1980-09-08,16312,16312,Prefer not to say,Russian
16313,1960-06-21,16313,16313,Male,Spanish
16314,1988-08-25,16314,16314,Non-binary,Greek
16315,1994-06-01,16315,16315,Male,French
16316,1987-09-27,16316,16316,Female,Thai
16317,1964-12-16,16317,16317,Prefer not to say,Japanese
16318,1997-01-29,16318,16318,Male,English
16319,1985-05-15,16319,16319,Female,English
16320,1974-04-30,16320,16320,Non-binary,French
16321,1986-03-07,16321,16321,Male,French
16322,1962-01-30,16322,16322,Prefer not to say,Korean
16323,1974-09-17,16323,16323,Prefer not to say,Polish
16324,1976-04-30,16324,16324,Male,Italian
16325,1967-12-20,16325,16325,Male,Greek
16326,1976-07-20,16326,16326,Non-binary,Greek
16327,1969-08-03,16327,16327,Female,English
16328,1981-06-06,16328,16328,Non-binary,Polish
16329,1967-12-02,16329,16329,Female,Hindi
16330,1988-06-08,16330,16330,Non-binary,Hindi
16331,1988-05-29,16331,16331,Non-binary,French
16332,1965-04-02,16332,16332,Female,Russian
16333,1969-11-06,16333,16333,Non-binary,Russian
16334,1969-03-17,16334,16334,Male,Portuguese
16335,1983-03-25,16335,16335,Male,Polish
16336,1968-06-24,16336,16336,Non-binary,Greek
16337,1999-10-19,16337,16337,Non-binary,Polish
16338,1982-10-23,16338,16338,Non-binary,Swedish
16339,1996-01-28,16339,16339,Prefer not to say,Mandarin
16340,1977-12-01,16340,16340,Prefer not to say,Thai
16341,1981-05-28,16341,16341,Male,Thai
16342,1985-02-19,16342,16342,Non-binary,Arabic
16343,1962-02-03,16343,16343,Prefer not to say,Greek
16344,1996-11-29,16344,16344,Prefer not to say,German
16345,1993-08-13,16345,16345,Non-binary,Mandarin
16346,1964-02-04,16346,16346,Male,Dutch
16347,1969-02-02,16347,16347,Non-binary,German
16348,1966-03-30,16348,16348,Non-binary,Vietnamese
16349,1988-12-25,16349,16349,Prefer not to say,Thai
16350,1970-05-08,16350,16350,Non-binary,Thai
16351,1976-08-14,16351,16351,Female,Italian
16352,1984-07-10,16352,16352,Non-binary,Turkish
16353,1976-11-29,16353,16353,Non-binary,Portuguese
16354,1964-06-30,16354,16354,Prefer not to say,Arabic
16355,1984-03-07,16355,16355,Male,French
16356,1974-01-22,16356,16356,Female,Hindi
16357,1969-03-06,16357,16357,Prefer not to say,Portuguese
16358,1989-11-17,16358,16358,Female,Arabic
16359,1963-07-13,16359,16359,Prefer not to say,Hindi
16360,1965-04-07,16360,16360,Female,Portuguese
16361,1965-04-12,16361,16361,Female,Vietnamese
16362,1979-09-24,16362,16362,Prefer not to say,Arabic
16363,1997-10-07,16363,16363,Female,Thai
16364,1993-06-23,16364,16364,Male,Russian
16365,1976-10-06,16365,16365,Non-binary,Turkish
16366,1961-10-11,16366,16366,Male,Thai
16367,1978-05-21,16367,16367,Prefer not to say,Swedish
16368,1999-01-29,16368,16368,Prefer not to say,Mandarin
16369,1991-11-07,16369,16369,Non-binary,Italian
16370,1971-04-12,16370,16370,Prefer not to say,Vietnamese
16371,1995-08-07,16371,16371,Non-binary,Arabic
16372,1990-07-16,16372,16372,Non-binary,Russian
16373,1967-09-13,16373,16373,Non-binary,French
16374,1968-01-16,16374,16374,Female,Vietnamese
16375,1963-04-09,16375,16375,Non-binary,Japanese
16376,1976-03-13,16376,16376,Non-binary,Italian
16377,1989-10-13,16377,16377,Prefer not to say,Korean
16378,1996-11-15,16378,16378,Prefer not to say,Romanian
16379,1989-02-06,16379,16379,Non-binary,Polish
16380,1996-10-26,16380,16380,Male,Swedish
16381,1983-03-08,16381,16381,Non-binary,Vietnamese
16382,1987-06-28,16382,16382,Non-binary,Russian
16383,1979-10-10,16383,16383,Female,German
16384,1994-02-06,16384,16384,Prefer not to say,Vietnamese
16385,1992-01-17,16385,16385,Male,Swedish
16386,1998-02-11,16386,16386,Male,Arabic
16387,1978-12-10,16387,16387,Prefer not to say,Hindi
16388,1980-04-25,16388,16388,Male,Thai
16389,1966-12-12,16389,16389,Prefer not to say,Arabic
16390,1985-12-26,16390,16390,Male,Italian
16391,1960-07-01,16391,16391,Male,Vietnamese
16392,1965-10-04,16392,16392,Non-binary,French
16393,1978-10-22,16393,16393,Prefer not to say,Korean
16394,1975-08-18,16394,16394,Prefer not to say,English
16395,1995-10-13,16395,16395,Prefer not to say,Hindi
16396,1986-11-28,16396,16396,Non-binary,Mandarin
16397,1984-10-15,16397,16397,Male,Romanian
16398,1974-03-12,16398,16398,Male,Arabic
16399,1993-03-08,16399,16399,Female,Japanese
16400,1996-07-26,16400,16400,Non-binary,Korean
16401,1991-09-15,16401,16401,Non-binary,Japanese
16402,1977-04-04,16402,16402,Female,Arabic
16403,1988-01-30,16403,16403,Male,French
16404,1971-05-09,16404,16404,Male,Hindi
16405,1984-11-05,16405,16405,Non-binary,Japanese
16406,1976-10-26,16406,16406,Prefer not to say,Vietnamese
16407,2000-09-16,16407,16407,Prefer not to say,Swedish
16408,1992-10-12,16408,16408,Prefer not to say,Thai
16409,1983-09-17,16409,16409,Prefer not to say,Vietnamese
16410,1996-07-05,16410,16410,Male,Italian
16411,1973-07-30,16411,16411,Prefer not to say,Japanese
16412,1985-10-13,16412,16412,Female,Spanish
16413,1974-09-13,16413,16413,Female,Turkish
16414,1982-07-28,16414,16414,Male,Arabic
16415,1988-01-18,16415,16415,Non-binary,Portuguese
16416,1982-05-24,16416,16416,Non-binary,Dutch
16417,1971-07-12,16417,16417,Non-binary,Swedish
16418,1985-12-27,16418,16418,Non-binary,Russian
16419,1975-11-24,16419,16419,Non-binary,Polish
16420,1995-01-15,16420,16420,Non-binary,Spanish
16421,1985-04-09,16421,16421,Female,Russian
16422,1983-01-28,16422,16422,Prefer not to say,Portuguese
16423,1970-12-28,16423,16423,Prefer not to say,Arabic
16424,1987-11-21,16424,16424,Male,English
16425,1985-04-18,16425,16425,Male,Thai
16426,1978-12-19,16426,16426,Female,Spanish
16427,1966-02-20,16427,16427,Prefer not to say,Dutch
16428,1980-06-04,16428,16428,Male,Italian
16429,1992-08-08,16429,16429,Non-binary,Turkish
16430,1964-05-25,16430,16430,Prefer not to say,Polish
16431,1973-06-20,16431,16431,Female,Arabic
16432,1990-12-10,16432,16432,Female,Arabic
16433,1992-07-31,16433,16433,Non-binary,Mandarin
16434,1966-05-17,16434,16434,Non-binary,Hindi
16435,1987-04-07,16435,16435,Female,Korean
16436,1997-07-09,16436,16436,Prefer not to say,Korean
16437,1982-08-17,16437,16437,Female,Romanian
16438,1996-06-02,16438,16438,Female,Swedish
16439,1966-04-15,16439,16439,Non-binary,Swedish
16440,1960-08-04,16440,16440,Prefer not to say,Russian
16441,1967-12-01,16441,16441,Prefer not to say,Japanese
16442,1987-02-12,16442,16442,Non-binary,Korean
16443,1966-07-27,16443,16443,Male,French
16444,1986-04-16,16444,16444,Prefer not to say,Hindi
16445,1988-04-07,16445,16445,Prefer not to say,Hindi
16446,1993-08-22,16446,16446,Female,Greek
16447,1988-09-14,16447,16447,Prefer not to say,Turkish
16448,1982-10-28,16448,16448,Non-binary,Greek
16449,1972-04-15,16449,16449,Prefer not to say,French
16450,1985-08-23,16450,16450,Non-binary,Polish
16451,1993-02-20,16451,16451,Non-binary,Thai
16452,1988-03-16,16452,16452,Prefer not to say,Polish
16453,1997-02-25,16453,16453,Prefer not to say,English
16454,1960-01-21,16454,16454,Male,Dutch
16455,1981-04-07,16455,16455,Female,Arabic
16456,1961-11-03,16456,16456,Non-binary,Portuguese
16457,1969-12-20,16457,16457,Male,Turkish
16458,1985-04-03,16458,16458,Non-binary,French
16459,1990-12-12,16459,16459,Male,Mandarin
16460,1991-11-28,16460,16460,Non-binary,Hindi
16461,2000-05-21,16461,16461,Prefer not to say,Japanese
16462,1999-11-02,16462,16462,Prefer not to say,Greek
16463,1988-03-15,16463,16463,Female,Arabic
16464,1990-01-07,16464,16464,Non-binary,Turkish
16465,1984-03-02,16465,16465,Female,Polish
16466,1965-09-26,16466,16466,Prefer not to say,Portuguese
16467,1976-05-03,16467,16467,Prefer not to say,Mandarin
16468,1976-02-18,16468,16468,Female,Swedish
16469,1960-10-02,16469,16469,Non-binary,Polish
16470,1980-08-17,16470,16470,Female,Spanish
16471,1977-07-16,16471,16471,Female,Dutch
16472,1961-11-14,16472,16472,Non-binary,English
16473,1990-02-01,16473,16473,Male,Swedish
16474,1979-06-02,16474,16474,Male,Dutch
16475,1999-01-01,16475,16475,Non-binary,Russian
16476,1991-01-16,16476,16476,Female,Mandarin
16477,1993-02-22,16477,16477,Prefer not to say,Turkish
16478,1964-06-21,16478,16478,Prefer not to say,Spanish
16479,1993-09-16,16479,16479,Male,Swedish
16480,1975-05-27,16480,16480,Male,Greek
16481,1983-07-27,16481,16481,Non-binary,French
16482,1975-06-13,16482,16482,Female,Portuguese
16483,1962-04-26,16483,16483,Female,Italian
16484,1970-04-25,16484,16484,Male,Japanese
16485,1987-03-28,16485,16485,Prefer not to say,Italian
16486,1973-09-07,16486,16486,Non-binary,Dutch
16487,1965-04-09,16487,16487,Female,English
16488,1977-04-28,16488,16488,Male,Swedish
16489,1967-01-05,16489,16489,Prefer not to say,Swedish
16490,1975-11-28,16490,16490,Non-binary,Japanese
16491,1988-06-29,16491,16491,Female,Turkish
16492,1961-11-07,16492,16492,Non-binary,Italian
16493,1962-01-04,16493,16493,Non-binary,German
16494,1986-07-24,16494,16494,Male,Portuguese
16495,1980-01-06,16495,16495,Non-binary,Romanian
16496,2000-08-28,16496,16496,Prefer not to say,Portuguese
16497,2000-01-26,16497,16497,Male,Portuguese
16498,1978-05-04,16498,16498,Female,English
16499,1989-08-14,16499,16499,Female,Vietnamese
16500,1970-05-20,16500,16500,Non-binary,Italian
16501,1994-11-07,16501,16501,Female,Korean
16502,1993-02-28,16502,16502,Non-binary,Romanian
16503,1981-09-18,16503,16503,Prefer not to say,Portuguese
16504,2000-10-27,16504,16504,Male,Portuguese
16505,1960-10-08,16505,16505,Female,Japanese
16506,1969-12-15,16506,16506,Non-binary,French
16507,1990-04-26,16507,16507,Female,Italian
16508,1971-11-04,16508,16508,Female,Korean
16509,1978-08-28,16509,16509,Prefer not to say,Thai
16510,1971-08-09,16510,16510,Prefer not to say,English
16511,1981-11-06,16511,16511,Non-binary,Italian
16512,1967-10-06,16512,16512,Male,German
16513,1991-12-31,16513,16513,Female,Romanian
16514,1963-02-06,16514,16514,Male,English
16515,1970-05-05,16515,16515,Male,Turkish
16516,1990-04-13,16516,16516,Female,Vietnamese
16517,1981-05-26,16517,16517,Prefer not to say,Thai
16518,1993-01-24,16518,16518,Non-binary,Vietnamese
16519,1981-11-30,16519,16519,Non-binary,English
16520,1991-11-19,16520,16520,Female,Italian
16521,1968-11-10,16521,16521,Non-binary,Portuguese
16522,1984-05-06,16522,16522,Female,Spanish
16523,1968-10-01,16523,16523,Non-binary,German
16524,1963-02-18,16524,16524,Prefer not to say,Polish
16525,1970-08-13,16525,16525,Prefer not to say,Vietnamese
16526,1989-03-29,16526,16526,Prefer not to say,English
16527,1974-05-17,16527,16527,Female,Russian
16528,1996-05-17,16528,16528,Female,German
16529,1984-04-16,16529,16529,Non-binary,English
16530,1960-07-30,16530,16530,Male,German
16531,1986-09-27,16531,16531,Prefer not to say,Arabic
16532,1973-03-18,16532,16532,Female,Arabic
16533,1995-03-30,16533,16533,Male,Portuguese
16534,1990-06-03,16534,16534,Prefer not to say,Greek
16535,1964-01-26,16535,16535,Prefer not to say,Dutch
16536,1961-05-01,16536,16536,Prefer not to say,Thai
16537,1996-02-05,16537,16537,Male,Thai
16538,1967-07-15,16538,16538,Male,Russian
16539,2000-01-09,16539,16539,Female,Korean
16540,1971-01-20,16540,16540,Non-binary,Arabic
16541,1990-08-23,16541,16541,Prefer not to say,Thai
16542,1975-03-23,16542,16542,Prefer not to say,Italian
16543,1984-09-13,16543,16543,Male,German
16544,1983-08-13,16544,16544,Non-binary,Hindi
16545,1972-11-08,16545,16545,Prefer not to say,Spanish
16546,1967-05-29,16546,16546,Male,Polish
16547,1988-08-09,16547,16547,Female,French
16548,1975-05-17,16548,16548,Prefer not to say,Swedish
16549,1980-10-27,16549,16549,Prefer not to say,French
16550,1976-08-17,16550,16550,Prefer not to say,Vietnamese
16551,1961-10-25,16551,16551,Female,Turkish
16552,1963-11-20,16552,16552,Non-binary,Thai
16553,1975-09-07,16553,16553,Female,Mandarin
16554,1968-01-25,16554,16554,Male,Arabic
16555,1965-05-03,16555,16555,Male,Russian
16556,1989-01-02,16556,16556,Male,Romanian
16557,1986-08-23,16557,16557,Non-binary,Romanian
16558,1975-08-25,16558,16558,Prefer not to say,Polish
16559,1970-06-08,16559,16559,Female,Swedish
16560,1993-09-22,16560,16560,Male,Spanish
16561,1981-09-23,16561,16561,Prefer not to say,Greek
16562,1975-12-13,16562,16562,Female,Hindi
16563,1982-05-25,16563,16563,Non-binary,Arabic
16564,1981-07-13,16564,16564,Male,Romanian
16565,1973-08-17,16565,16565,Non-binary,English
16566,2000-04-06,16566,16566,Prefer not to say,Polish
16567,1963-09-19,16567,16567,Prefer not to say,Turkish
16568,1971-10-25,16568,16568,Non-binary,Romanian
16569,1961-07-02,16569,16569,Non-binary,English
16570,2000-05-11,16570,16570,Non-binary,Portuguese
16571,1994-12-24,16571,16571,Female,Romanian
16572,1979-12-07,16572,16572,Prefer not to say,Romanian
16573,1989-10-02,16573,16573,Male,Portuguese
16574,1965-10-24,16574,16574,Female,Arabic
16575,1985-02-20,16575,16575,Non-binary,Portuguese
16576,1989-04-13,16576,16576,Non-binary,Dutch
16577,1973-05-22,16577,16577,Male,Greek
16578,1982-01-18,16578,16578,Prefer not to say,Swedish
16579,1985-04-04,16579,16579,Prefer not to say,English
16580,1961-10-26,16580,16580,Prefer not to say,Spanish
16581,1986-01-09,16581,16581,Prefer not to say,Korean
16582,1984-01-19,16582,16582,Prefer not to say,Swedish
16583,1968-02-24,16583,16583,Prefer not to say,Italian
16584,1961-07-22,16584,16584,Male,Portuguese
16585,1972-07-26,16585,16585,Male,Polish
16586,1990-01-28,16586,16586,Male,Mandarin
16587,1985-07-04,16587,16587,Female,Vietnamese
16588,1979-05-21,16588,16588,Non-binary,German
16589,1970-04-09,16589,16589,Non-binary,French
16590,1995-11-12,16590,16590,Female,Polish
16591,1964-07-05,16591,16591,Prefer not to say,German
16592,1998-08-10,16592,16592,Female,Spanish
16593,1997-07-31,16593,16593,Prefer not to say,Romanian
16594,1963-06-17,16594,16594,Non-binary,German
16595,1968-12-25,16595,16595,Prefer not to say,Turkish
16596,1991-12-21,16596,16596,Non-binary,Italian
16597,1983-05-09,16597,16597,Non-binary,French
16598,1964-02-18,16598,16598,Prefer not to say,Korean
16599,1982-09-13,16599,16599,Prefer not to say,Thai
16600,1999-03-26,16600,16600,Non-binary,Arabic
16601,1982-02-21,16601,16601,Non-binary,Portuguese
16602,1968-01-30,16602,16602,Male,Dutch
16603,1995-03-29,16603,16603,Non-binary,Swedish
16604,1999-03-30,16604,16604,Male,French
16605,1972-07-29,16605,16605,Non-binary,French
16606,1984-02-09,16606,16606,Female,English
16607,1982-11-02,16607,16607,Female,Turkish
16608,1973-07-30,16608,16608,Prefer not to say,Dutch
16609,1971-10-30,16609,16609,Male,Vietnamese
16610,1978-12-20,16610,16610,Prefer not to say,Arabic
16611,1971-11-19,16611,16611,Female,Portuguese
16612,1996-02-10,16612,16612,Prefer not to say,Japanese
16613,1992-09-23,16613,16613,Female,Vietnamese
16614,1986-01-12,16614,16614,Prefer not to say,Russian
16615,1968-08-24,16615,16615,Prefer not to say,Thai
16616,1967-12-12,16616,16616,Female,Japanese
16617,1969-01-23,16617,16617,Prefer not to say,French
16618,1994-10-30,16618,16618,Prefer not to say,Italian
16619,1965-09-16,16619,16619,Female,Thai
16620,1980-12-27,16620,16620,Prefer not to say,Polish
16621,1975-11-11,16621,16621,Male,Hindi
16622,1980-11-21,16622,16622,Female,Portuguese
16623,1998-06-25,16623,16623,Non-binary,Turkish
16624,1986-08-29,16624,16624,Male,Vietnamese
16625,1983-12-28,16625,16625,Non-binary,Dutch
16626,1982-01-11,16626,16626,Male,Arabic
16627,1996-12-29,16627,16627,Female,Russian
16628,1992-12-01,16628,16628,Female,Arabic
16629,1987-02-17,16629,16629,Non-binary,Hindi
16630,1969-05-15,16630,16630,Female,Italian
16631,1985-12-25,16631,16631,Female,German
16632,1997-06-13,16632,16632,Male,Thai
16633,1988-07-23,16633,16633,Female,Thai
16634,1976-08-23,16634,16634,Female,Turkish
16635,1985-07-02,16635,16635,Prefer not to say,Mandarin
16636,1995-09-02,16636,16636,Prefer not to say,Italian
16637,1977-08-01,16637,16637,Prefer not to say,Spanish
16638,1961-03-01,16638,16638,Female,Swedish
16639,1998-04-29,16639,16639,Non-binary,Turkish
16640,1990-08-24,16640,16640,Non-binary,Polish
16641,1974-04-30,16641,16641,Male,Italian
16642,1960-09-04,16642,16642,Prefer not to say,Portuguese
16643,1960-12-18,16643,16643,Male,Thai
16644,1987-04-07,16644,16644,Female,Dutch
16645,1968-10-06,16645,16645,Male,Mandarin
16646,1991-08-11,16646,16646,Female,Vietnamese
16647,1988-07-21,16647,16647,Female,Turkish
16648,1963-12-08,16648,16648,Prefer not to say,Russian
16649,1982-10-05,16649,16649,Non-binary,Thai
16650,2000-01-11,16650,16650,Prefer not to say,English
16651,1962-12-05,16651,16651,Prefer not to say,Portuguese
16652,1973-01-11,16652,16652,Non-binary,Turkish
16653,1973-06-01,16653,16653,Non-binary,German
16654,1966-03-27,16654,16654,Non-binary,Hindi
16655,1963-12-30,16655,16655,Prefer not to say,Hindi
16656,1962-12-29,16656,16656,Non-binary,Hindi
16657,1985-10-16,16657,16657,Male,Italian
16658,1982-11-15,16658,16658,Male,German
16659,1964-05-05,16659,16659,Non-binary,Greek
16660,1985-03-18,16660,16660,Non-binary,Vietnamese
16661,1984-01-02,16661,16661,Non-binary,Greek
16662,1981-07-21,16662,16662,Male,Portuguese
16663,1976-02-07,16663,16663,Non-binary,English
16664,1981-09-11,16664,16664,Prefer not to say,English
16665,1965-04-12,16665,16665,Non-binary,German
16666,1963-02-23,16666,16666,Male,Dutch
16667,1997-03-17,16667,16667,Prefer not to say,French
16668,1961-01-14,16668,16668,Male,German
16669,1970-12-08,16669,16669,Prefer not to say,Japanese
16670,1980-07-26,16670,16670,Female,German
16671,1965-08-01,16671,16671,Prefer not to say,Turkish
16672,1968-01-18,16672,16672,Prefer not to say,Turkish
16673,1964-06-09,16673,16673,Prefer not to say,Spanish
16674,1995-09-11,16674,16674,Male,Japanese
16675,1991-04-28,16675,16675,Non-binary,French
16676,1977-07-05,16676,16676,Prefer not to say,Vietnamese
16677,1972-02-28,16677,16677,Male,Spanish
16678,2000-09-30,16678,16678,Female,English
16679,1997-05-12,16679,16679,Non-binary,Swedish
16680,1975-01-06,16680,16680,Female,Korean
16681,1991-12-07,16681,16681,Female,Mandarin
16682,1972-10-17,16682,16682,Male,Turkish
16683,1963-08-14,16683,16683,Male,Vietnamese
16684,1997-01-25,16684,16684,Male,Turkish
16685,1991-12-09,16685,16685,Non-binary,Italian
16686,1972-08-21,16686,16686,Non-binary,Vietnamese
16687,1989-07-23,16687,16687,Non-binary,Swedish
16688,1994-11-05,16688,16688,Female,Korean
16689,1971-07-05,16689,16689,Female,Polish
16690,1994-06-22,16690,16690,Prefer not to say,Turkish
16691,1975-03-07,16691,16691,Female,Japanese
16692,1966-10-14,16692,16692,Non-binary,Hindi
16693,1988-11-18,16693,16693,Male,Portuguese
16694,1982-12-31,16694,16694,Non-binary,Russian
16695,1979-03-31,16695,16695,Female,English
16696,1989-08-02,16696,16696,Female,French
16697,1978-03-09,16697,16697,Male,Romanian
16698,1989-12-29,16698,16698,Female,Russian
16699,1992-07-26,16699,16699,Female,German
16700,1961-07-23,16700,16700,Male,Thai
16701,1965-07-09,16701,16701,Female,Spanish
16702,1964-07-06,16702,16702,Non-binary,Thai
16703,1987-11-19,16703,16703,Female,Romanian
16704,1970-07-12,16704,16704,Female,Russian
16705,1998-05-10,16705,16705,Male,Turkish
16706,1986-02-11,16706,16706,Prefer not to say,German
16707,1962-06-06,16707,16707,Male,Arabic
16708,1979-11-06,16708,16708,Male,Dutch
16709,1974-11-11,16709,16709,Male,Vietnamese
16710,1960-10-23,16710,16710,Non-binary,German
16711,1967-11-16,16711,16711,Prefer not to say,German
16712,1985-05-30,16712,16712,Non-binary,Hindi
16713,1988-06-19,16713,16713,Prefer not to say,Turkish
16714,1985-08-25,16714,16714,Prefer not to say,Greek
16715,1994-06-09,16715,16715,Prefer not to say,Romanian
16716,1972-08-25,16716,16716,Non-binary,Romanian
16717,1982-05-24,16717,16717,Male,Vietnamese
16718,1971-04-12,16718,16718,Female,Swedish
16719,1986-06-25,16719,16719,Male,Spanish
16720,1993-10-26,16720,16720,Non-binary,Hindi
16721,1973-05-12,16721,16721,Male,Russian
16722,1985-09-05,16722,16722,Prefer not to say,German
16723,1960-10-28,16723,16723,Prefer not to say,Turkish
16724,1969-04-17,16724,16724,Male,Mandarin
16725,1983-07-18,16725,16725,Female,Thai
16726,1993-11-06,16726,16726,Prefer not to say,French
16727,1996-08-19,16727,16727,Male,Dutch
16728,1997-09-03,16728,16728,Female,Romanian
16729,1969-07-10,16729,16729,Non-binary,Thai
16730,1999-11-24,16730,16730,Prefer not to say,Portuguese
16731,2000-01-24,16731,16731,Non-binary,Polish
16732,1993-11-11,16732,16732,Non-binary,Dutch
16733,1992-01-03,16733,16733,Non-binary,Italian
16734,1977-07-04,16734,16734,Male,Spanish
16735,1983-10-02,16735,16735,Female,Hindi
16736,1979-04-09,16736,16736,Female,Greek
16737,1960-03-11,16737,16737,Prefer not to say,Greek
16738,1983-01-29,16738,16738,Male,Polish
16739,1990-03-18,16739,16739,Non-binary,Polish
16740,1973-02-01,16740,16740,Non-binary,Italian
16741,2000-05-05,16741,16741,Female,Portuguese
16742,1994-05-28,16742,16742,Male,Thai
16743,1985-04-20,16743,16743,Non-binary,English
16744,1963-12-02,16744,16744,Female,Mandarin
16745,1978-06-15,16745,16745,Non-binary,Polish
16746,2000-01-24,16746,16746,Prefer not to say,Thai
16747,2000-06-13,16747,16747,Female,English
16748,1964-01-03,16748,16748,Prefer not to say,Vietnamese
16749,1961-09-09,16749,16749,Prefer not to say,Polish
16750,1983-01-22,16750,16750,Male,Spanish
16751,1982-06-06,16751,16751,Female,Swedish
16752,1967-09-10,16752,16752,Female,Polish
16753,1988-01-16,16753,16753,Male,Greek
16754,1997-03-28,16754,16754,Male,Portuguese
16755,1979-07-03,16755,16755,Female,Russian
16756,1987-08-04,16756,16756,Male,Japanese
16757,2000-04-08,16757,16757,Non-binary,Spanish
16758,1975-11-26,16758,16758,Non-binary,Hindi
16759,1977-09-20,16759,16759,Male,German
16760,1965-12-19,16760,16760,Male,French
16761,1966-04-06,16761,16761,Prefer not to say,Japanese
16762,1979-06-15,16762,16762,Non-binary,Polish
16763,1961-10-19,16763,16763,Male,Portuguese
16764,1967-11-27,16764,16764,Female,Mandarin
16765,1994-05-30,16765,16765,Prefer not to say,Portuguese
16766,1960-12-23,16766,16766,Prefer not to say,Thai
16767,1994-08-24,16767,16767,Non-binary,Greek
16768,1991-08-07,16768,16768,Non-binary,Romanian
16769,1984-12-30,16769,16769,Non-binary,Romanian
16770,1985-04-22,16770,16770,Female,French
16771,1977-08-17,16771,16771,Prefer not to say,Japanese
16772,1982-05-08,16772,16772,Non-binary,Portuguese
16773,1980-08-13,16773,16773,Female,Portuguese
16774,1999-02-23,16774,16774,Male,Swedish
16775,1961-04-07,16775,16775,Male,Swedish
16776,1982-09-16,16776,16776,Non-binary,Turkish
16777,1982-08-27,16777,16777,Non-binary,Dutch
16778,1961-11-20,16778,16778,Female,Romanian
16779,1974-02-05,16779,16779,Prefer not to say,Arabic
16780,1964-02-09,16780,16780,Prefer not to say,French
16781,1986-09-29,16781,16781,Prefer not to say,Vietnamese
16782,1964-08-22,16782,16782,Prefer not to say,Thai
16783,1984-11-09,16783,16783,Prefer not to say,Japanese
16784,1983-06-17,16784,16784,Non-binary,Swedish
16785,1986-08-08,16785,16785,Male,Romanian
16786,1977-11-26,16786,16786,Male,Polish
16787,1978-07-17,16787,16787,Non-binary,Thai
16788,1992-12-09,16788,16788,Prefer not to say,Thai
16789,1981-10-28,16789,16789,Male,Spanish
16790,1981-10-12,16790,16790,Male,French
16791,1969-11-22,16791,16791,Female,Polish
16792,1970-06-29,16792,16792,Female,Japanese
16793,1970-11-02,16793,16793,Female,Dutch
16794,1989-06-12,16794,16794,Non-binary,Arabic
16795,1968-09-28,16795,16795,Female,Dutch
16796,1971-12-24,16796,16796,Non-binary,English
16797,1976-12-13,16797,16797,Female,Italian
16798,1985-01-03,16798,16798,Female,Greek
16799,1966-05-08,16799,16799,Female,German
16800,1997-11-27,16800,16800,Prefer not to say,Russian
16801,1961-10-03,16801,16801,Prefer not to say,Turkish
16802,1991-12-21,16802,16802,Prefer not to say,Hindi
16803,1978-04-24,16803,16803,Male,Polish
16804,1969-03-27,16804,16804,Prefer not to say,Hindi
16805,1987-07-21,16805,16805,Non-binary,Vietnamese
16806,1996-01-20,16806,16806,Prefer not to say,Dutch
16807,1994-04-23,16807,16807,Non-binary,Arabic
16808,1977-12-01,16808,16808,Prefer not to say,Greek
16809,1976-12-16,16809,16809,Male,Mandarin
16810,1987-03-30,16810,16810,Non-binary,German
16811,1966-01-28,16811,16811,Female,English
16812,1993-04-21,16812,16812,Non-binary,Thai
16813,1984-08-19,16813,16813,Prefer not to say,Vietnamese
16814,1993-01-11,16814,16814,Female,Japanese
16815,1974-05-10,16815,16815,Male,English
16816,1995-11-19,16816,16816,Female,Arabic
16817,1969-05-30,16817,16817,Male,Turkish
16818,1972-07-02,16818,16818,Non-binary,Turkish
16819,1994-01-28,16819,16819,Male,Arabic
16820,1977-03-15,16820,16820,Non-binary,Arabic
16821,1981-03-26,16821,16821,Male,Greek
16822,1978-04-09,16822,16822,Male,Greek
16823,1971-01-24,16823,16823,Prefer not to say,Romanian
16824,1978-12-15,16824,16824,Female,Russian
16825,1979-01-13,16825,16825,Male,Spanish
16826,1974-08-28,16826,16826,Male,French
16827,1991-01-16,16827,16827,Female,Vietnamese
16828,1985-02-15,16828,16828,Prefer not to say,German
16829,1991-02-08,16829,16829,Male,Vietnamese
16830,1966-04-03,16830,16830,Male,Russian
16831,1971-10-17,16831,16831,Prefer not to say,Greek
16832,1988-02-22,16832,16832,Female,Russian
16833,1970-05-06,16833,16833,Male,Polish
16834,1981-02-17,16834,16834,Female,Thai
16835,1996-10-25,16835,16835,Prefer not to say,Russian
16836,1988-12-21,16836,16836,Non-binary,French
16837,1984-07-17,16837,16837,Female,Polish
16838,1983-09-26,16838,16838,Female,Japanese
16839,1978-03-15,16839,16839,Female,French
16840,1989-08-03,16840,16840,Prefer not to say,Thai
16841,1994-10-23,16841,16841,Non-binary,Portuguese
16842,1960-08-29,16842,16842,Prefer not to say,Thai
16843,1980-04-12,16843,16843,Prefer not to say,Italian
16844,1983-12-25,16844,16844,Female,Russian
16845,1961-02-26,16845,16845,Non-binary,German
16846,1976-09-22,16846,16846,Female,Russian
16847,1966-12-04,16847,16847,Non-binary,Greek
16848,1963-02-05,16848,16848,Non-binary,German
16849,1989-05-13,16849,16849,Female,Arabic
16850,1970-03-22,16850,16850,Prefer not to say,Mandarin
16851,1983-11-14,16851,16851,Male,Thai
16852,1999-01-19,16852,16852,Male,Portuguese
16853,1990-02-06,16853,16853,Female,Russian
16854,1963-06-19,16854,16854,Male,French
16855,1961-06-11,16855,16855,Female,Japanese
16856,1983-11-04,16856,16856,Non-binary,Swedish
16857,1981-08-14,16857,16857,Female,Thai
16858,1985-12-21,16858,16858,Female,Dutch
16859,1971-04-06,16859,16859,Female,Russian
16860,1988-02-22,16860,16860,Non-binary,Dutch
16861,1984-07-02,16861,16861,Male,Spanish
16862,1990-02-17,16862,16862,Prefer not to say,Korean
16863,1982-11-10,16863,16863,Prefer not to say,Korean
16864,1994-06-18,16864,16864,Male,Turkish
16865,1964-10-26,16865,16865,Male,Arabic
16866,1980-06-26,16866,16866,Non-binary,Romanian
16867,1975-01-23,16867,16867,Male,Swedish
16868,1992-11-24,16868,16868,Female,Russian
16869,1984-03-13,16869,16869,Non-binary,Thai
16870,1963-04-17,16870,16870,Prefer not to say,Dutch
16871,1987-11-28,16871,16871,Male,Dutch
16872,1991-05-10,16872,16872,Prefer not to say,Arabic
16873,1971-12-19,16873,16873,Female,Vietnamese
16874,1962-10-11,16874,16874,Non-binary,Greek
16875,1969-08-20,16875,16875,Female,Spanish
16876,1979-06-22,16876,16876,Male,Hindi
16877,1992-02-02,16877,16877,Prefer not to say,Mandarin
16878,1977-05-29,16878,16878,Female,Dutch
16879,1960-11-09,16879,16879,Prefer not to say,Greek
16880,1970-09-30,16880,16880,Prefer not to say,Italian
16881,1983-05-11,16881,16881,Prefer not to say,Turkish
16882,1966-11-02,16882,16882,Prefer not to say,Japanese
16883,1970-12-20,16883,16883,Male,Italian
16884,1986-01-20,16884,16884,Female,Arabic
16885,1989-10-05,16885,16885,Prefer not to say,French
16886,1969-12-19,16886,16886,Non-binary,Greek
16887,1989-05-26,16887,16887,Male,Polish
16888,1994-02-27,16888,16888,Female,Korean
16889,1996-06-22,16889,16889,Non-binary,Spanish
16890,1990-08-18,16890,16890,Male,Japanese
16891,1960-04-27,16891,16891,Female,Thai
16892,1970-11-19,16892,16892,Female,Thai
16893,1982-05-28,16893,16893,Female,Polish
16894,1992-09-19,16894,16894,Prefer not to say,Portuguese
16895,1962-03-19,16895,16895,Non-binary,Japanese
16896,1964-02-03,16896,16896,Non-binary,Japanese
16897,1967-08-02,16897,16897,Non-binary,Italian
16898,1991-01-04,16898,16898,Prefer not to say,Romanian
16899,1996-04-26,16899,16899,Male,Russian
16900,1985-04-01,16900,16900,Prefer not to say,Japanese
16901,1993-08-18,16901,16901,Female,Greek
16902,1964-10-25,16902,16902,Prefer not to say,Arabic
16903,1972-01-27,16903,16903,Non-binary,Romanian
16904,1979-11-26,16904,16904,Female,Thai
16905,1964-05-17,16905,16905,Non-binary,Polish
16906,1982-09-23,16906,16906,Prefer not to say,Korean
16907,1985-07-14,16907,16907,Non-binary,German
16908,2000-05-27,16908,16908,Prefer not to say,Polish
16909,1997-11-27,16909,16909,Prefer not to say,Thai
16910,1973-08-19,16910,16910,Non-binary,Portuguese
16911,1975-09-20,16911,16911,Female,Swedish
16912,1998-12-30,16912,16912,Female,Greek
16913,1968-01-11,16913,16913,Non-binary,Russian
16914,1984-08-17,16914,16914,Male,Dutch
16915,1992-01-02,16915,16915,Female,Arabic
16916,1988-12-01,16916,16916,Male,Polish
16917,1988-11-29,16917,16917,Male,Spanish
16918,1967-02-03,16918,16918,Prefer not to say,German
16919,1978-03-29,16919,16919,Female,Romanian
16920,1963-01-05,16920,16920,Prefer not to say,French
16921,1997-02-20,16921,16921,Non-binary,Korean
16922,1985-07-28,16922,16922,Female,Turkish
16923,1979-03-19,16923,16923,Male,Arabic
16924,1993-06-14,16924,16924,Prefer not to say,Italian
16925,1995-07-16,16925,16925,Female,Korean
16926,1978-08-05,16926,16926,Male,Hindi
16927,1988-12-15,16927,16927,Non-binary,English
16928,1965-03-01,16928,16928,Non-binary,English
16929,1966-07-15,16929,16929,Non-binary,Swedish
16930,1968-09-02,16930,16930,Non-binary,Russian
16931,1981-08-14,16931,16931,Non-binary,Japanese
16932,1974-08-13,16932,16932,Non-binary,Thai
16933,1971-09-23,16933,16933,Female,Romanian
16934,1964-05-07,16934,16934,Female,Spanish
16935,1992-09-11,16935,16935,Prefer not to say,English
16936,1983-04-22,16936,16936,Male,Japanese
16937,1962-02-11,16937,16937,Prefer not to say,Romanian
16938,1980-03-07,16938,16938,Non-binary,Spanish
16939,1968-07-12,16939,16939,Non-binary,Italian
16940,1987-12-27,16940,16940,Male,Vietnamese
16941,1968-01-12,16941,16941,Male,Korean
16942,1960-10-14,16942,16942,Female,Portuguese
16943,1967-02-20,16943,16943,Non-binary,Spanish
16944,1972-10-11,16944,16944,Prefer not to say,Dutch
16945,1963-03-23,16945,16945,Male,Russian
16946,1989-11-21,16946,16946,Female,Italian
16947,1965-07-08,16947,16947,Non-binary,Russian
16948,1973-01-15,16948,16948,Non-binary,Dutch
16949,1993-06-01,16949,16949,Male,Greek
16950,1992-07-11,16950,16950,Female,Swedish
16951,1994-05-31,16951,16951,Female,Greek
16952,1968-01-20,16952,16952,Male,Dutch
16953,1969-03-23,16953,16953,Non-binary,Japanese
16954,1997-04-10,16954,16954,Non-binary,Mandarin
16955,1985-09-12,16955,16955,Non-binary,Vietnamese
16956,1983-12-22,16956,16956,Non-binary,Portuguese
16957,1967-01-03,16957,16957,Male,Russian
16958,1998-12-01,16958,16958,Female,Turkish
16959,1985-08-06,16959,16959,Male,Arabic
16960,1963-04-17,16960,16960,Non-binary,Vietnamese
16961,1997-04-26,16961,16961,Non-binary,Japanese
16962,1970-08-08,16962,16962,Female,English
16963,1977-08-08,16963,16963,Female,German
16964,1982-09-25,16964,16964,Prefer not to say,Portuguese
16965,1980-08-09,16965,16965,Non-binary,Thai
16966,1995-05-16,16966,16966,Female,Turkish
16967,1965-10-02,16967,16967,Female,Russian
16968,1979-10-03,16968,16968,Prefer not to say,Russian
16969,1977-11-01,16969,16969,Male,Polish
16970,1970-01-19,16970,16970,Prefer not to say,Korean
16971,1979-11-07,16971,16971,Non-binary,Swedish
16972,1966-10-17,16972,16972,Non-binary,Vietnamese
16973,1980-12-03,16973,16973,Non-binary,Hindi
16974,1994-04-05,16974,16974,Non-binary,Dutch
16975,1992-03-27,16975,16975,Non-binary,French
16976,1964-05-01,16976,16976,Female,Spanish
16977,1998-06-12,16977,16977,Prefer not to say,Polish
16978,1960-12-27,16978,16978,Female,Hindi
16979,1967-03-28,16979,16979,Male,Russian
16980,1989-02-23,16980,16980,Non-binary,Japanese
16981,1999-09-11,16981,16981,Non-binary,Turkish
16982,2000-08-04,16982,16982,Non-binary,Arabic
16983,1980-12-22,16983,16983,Male,Swedish
16984,1972-10-19,16984,16984,Female,Japanese
16985,1977-08-29,16985,16985,Non-binary,Italian
16986,1964-02-18,16986,16986,Prefer not to say,English
16987,1999-05-23,16987,16987,Prefer not to say,Vietnamese
16988,1982-11-22,16988,16988,Male,English
16989,1992-06-06,16989,16989,Non-binary,Swedish
16990,1982-05-16,16990,16990,Female,Spanish
16991,1983-04-04,16991,16991,Female,Turkish
16992,1988-12-25,16992,16992,Non-binary,Japanese
16993,1977-10-08,16993,16993,Prefer not to say,Romanian
16994,1996-02-20,16994,16994,Male,Turkish
16995,1983-03-24,16995,16995,Female,Swedish
16996,1979-02-12,16996,16996,Non-binary,English
16997,1989-03-03,16997,16997,Prefer not to say,Portuguese
16998,1994-04-15,16998,16998,Prefer not to say,Vietnamese
16999,1975-07-12,16999,16999,Male,Hindi
17000,1998-10-04,17000,17000,Prefer not to say,Italian
17001,1998-06-08,17001,17001,Non-binary,Swedish
17002,2000-08-24,17002,17002,Female,Vietnamese
17003,1990-01-28,17003,17003,Female,Russian
17004,1995-06-04,17004,17004,Female,Italian
17005,1967-04-12,17005,17005,Non-binary,Greek
17006,1996-03-07,17006,17006,Non-binary,Italian
17007,1971-06-18,17007,17007,Non-binary,Korean
17008,1969-07-30,17008,17008,Male,Arabic
17009,1977-10-25,17009,17009,Female,Greek
17010,1992-01-29,17010,17010,Male,Hindi
17011,1960-01-14,17011,17011,Non-binary,French
17012,1989-07-04,17012,17012,Male,Korean
17013,1961-08-12,17013,17013,Female,French
17014,1981-06-15,17014,17014,Female,Turkish
17015,1975-01-31,17015,17015,Prefer not to say,Japanese
17016,1979-05-01,17016,17016,Female,Korean
17017,1966-05-06,17017,17017,Male,French
17018,1975-09-04,17018,17018,Male,Arabic
17019,1962-08-23,17019,17019,Non-binary,Korean
17020,1968-05-24,17020,17020,Female,Portuguese
17021,1994-10-02,17021,17021,Female,Korean
17022,1998-05-02,17022,17022,Prefer not to say,German
17023,1975-01-21,17023,17023,Male,Korean
17024,1973-09-17,17024,17024,Female,Russian
17025,1980-01-26,17025,17025,Male,French
17026,1996-01-21,17026,17026,Male,Polish
17027,1968-01-20,17027,17027,Male,Greek
17028,1963-09-09,17028,17028,Female,French
17029,1990-01-09,17029,17029,Female,Italian
17030,1999-05-19,17030,17030,Male,French
17031,1976-08-06,17031,17031,Prefer not to say,Dutch
17032,1998-05-26,17032,17032,Female,German
17033,1986-08-09,17033,17033,Female,Hindi
17034,1980-11-22,17034,17034,Male,Dutch
17035,1985-08-27,17035,17035,Non-binary,Portuguese
17036,1992-05-25,17036,17036,Female,Arabic
17037,1998-04-08,17037,17037,Non-binary,Romanian
17038,1994-07-13,17038,17038,Non-binary,Polish
17039,1982-10-30,17039,17039,Female,Dutch
17040,1964-03-26,17040,17040,Prefer not to say,Romanian
17041,1979-10-07,17041,17041,Male,Mandarin
17042,1967-05-26,17042,17042,Female,Dutch
17043,1990-07-24,17043,17043,Prefer not to say,Vietnamese
17044,1994-03-04,17044,17044,Non-binary,Vietnamese
17045,1989-01-08,17045,17045,Male,Romanian
17046,1988-03-15,17046,17046,Prefer not to say,Mandarin
17047,1977-01-11,17047,17047,Female,Mandarin
17048,1991-06-11,17048,17048,Non-binary,Japanese
17049,1983-09-23,17049,17049,Female,Vietnamese
17050,1960-11-10,17050,17050,Male,Mandarin
17051,1968-01-07,17051,17051,Male,Mandarin
17052,1982-12-18,17052,17052,Non-binary,Japanese
17053,1964-08-07,17053,17053,Non-binary,Korean
17054,1962-10-16,17054,17054,Male,Russian
17055,1963-12-31,17055,17055,Male,German
17056,1965-07-24,17056,17056,Non-binary,Arabic
17057,1970-12-22,17057,17057,Prefer not to say,Japanese
17058,1973-10-23,17058,17058,Prefer not to say,English
17059,1979-01-14,17059,17059,Male,Thai
17060,1991-11-22,17060,17060,Male,Mandarin
17061,1999-05-09,17061,17061,Non-binary,Spanish
17062,1971-01-13,17062,17062,Male,Vietnamese
17063,1977-03-18,17063,17063,Male,Vietnamese
17064,1968-11-27,17064,17064,Male,Dutch
17065,1986-09-29,17065,17065,Non-binary,Italian
17066,1996-11-14,17066,17066,Non-binary,Russian
17067,1975-02-23,17067,17067,Male,Spanish
17068,1999-09-29,17068,17068,Male,Portuguese
17069,1964-08-08,17069,17069,Non-binary,German
17070,1978-04-10,17070,17070,Male,Spanish
17071,1989-08-29,17071,17071,Prefer not to say,Romanian
17072,1973-01-29,17072,17072,Prefer not to say,Romanian
17073,1973-04-11,17073,17073,Prefer not to say,Hindi
17074,1973-06-15,17074,17074,Male,Italian
17075,1993-07-05,17075,17075,Male,English
17076,1969-07-11,17076,17076,Non-binary,English
17077,1978-01-12,17077,17077,Non-binary,Vietnamese
17078,1981-07-05,17078,17078,Prefer not to say,Swedish
17079,1980-08-23,17079,17079,Female,Dutch
17080,1991-12-17,17080,17080,Non-binary,Italian
17081,1981-09-09,17081,17081,Male,Korean
17082,1968-08-07,17082,17082,Prefer not to say,Mandarin
17083,1963-02-24,17083,17083,Female,Greek
17084,1974-07-23,17084,17084,Prefer not to say,English
17085,1977-04-30,17085,17085,Female,Thai
17086,1990-09-14,17086,17086,Female,Portuguese
17087,1997-02-10,17087,17087,Male,Arabic
17088,1985-01-11,17088,17088,Non-binary,Korean
17089,1989-01-05,17089,17089,Prefer not to say,Thai
17090,1986-08-30,17090,17090,Male,Polish
17091,1987-03-31,17091,17091,Non-binary,Russian
17092,1993-08-22,17092,17092,Prefer not to say,Korean
17093,1984-02-13,17093,17093,Male,Romanian
17094,2000-04-27,17094,17094,Prefer not to say,Arabic
17095,1996-04-22,17095,17095,Non-binary,Spanish
17096,1966-02-25,17096,17096,Prefer not to say,Japanese
17097,1975-07-11,17097,17097,Non-binary,Spanish
17098,1989-08-10,17098,17098,Male,Spanish
17099,1971-12-15,17099,17099,Prefer not to say,Vietnamese
17100,1965-11-29,17100,17100,Male,Romanian
17101,1988-03-11,17101,17101,Prefer not to say,Korean
17102,1997-09-05,17102,17102,Prefer not to say,Italian
17103,1991-03-22,17103,17103,Male,Dutch
17104,1967-12-25,17104,17104,Prefer not to say,Spanish
17105,1976-07-17,17105,17105,Female,Polish
17106,1973-01-14,17106,17106,Male,Romanian
17107,1964-07-01,17107,17107,Male,Greek
17108,1995-06-13,17108,17108,Female,German
17109,1967-03-20,17109,17109,Prefer not to say,Hindi
17110,1978-12-01,17110,17110,Non-binary,French
17111,1974-01-23,17111,17111,Prefer not to say,Hindi
17112,1998-02-03,17112,17112,Female,Romanian
17113,1971-01-04,17113,17113,Female,Korean
17114,1999-11-26,17114,17114,Prefer not to say,German
17115,1968-06-23,17115,17115,Prefer not to say,Portuguese
17116,1978-06-08,17116,17116,Prefer not to say,Swedish
17117,1982-02-07,17117,17117,Male,French
17118,1999-08-01,17118,17118,Male,Romanian
17119,1975-02-26,17119,17119,Male,Spanish
17120,1993-01-26,17120,17120,Female,Korean
17121,1992-03-02,17121,17121,Female,Swedish
17122,1982-01-20,17122,17122,Male,German
17123,1969-01-25,17123,17123,Female,Russian
17124,1996-11-27,17124,17124,Non-binary,Italian
17125,1973-05-18,17125,17125,Female,German
17126,1988-09-07,17126,17126,Non-binary,Portuguese
17127,1973-06-01,17127,17127,Female,Mandarin
17128,1993-12-13,17128,17128,Female,Korean
17129,1968-02-25,17129,17129,Non-binary,Korean
17130,1983-03-03,17130,17130,Male,Portuguese
17131,1988-04-12,17131,17131,Prefer not to say,Portuguese
17132,1984-10-11,17132,17132,Male,English
17133,1999-08-15,17133,17133,Female,Mandarin
17134,2000-09-25,17134,17134,Male,Arabic
17135,1987-06-21,17135,17135,Female,Italian
17136,1991-11-09,17136,17136,Non-binary,Polish
17137,1987-07-16,17137,17137,Male,Swedish
17138,1988-09-23,17138,17138,Female,Korean
17139,1964-11-24,17139,17139,Non-binary,Greek
17140,1980-03-19,17140,17140,Female,Thai
17141,2000-02-10,17141,17141,Male,Greek
17142,1991-12-18,17142,17142,Prefer not to say,Portuguese
17143,2000-04-29,17143,17143,Female,Russian
17144,1979-05-15,17144,17144,Male,Portuguese
17145,1991-08-18,17145,17145,Non-binary,French
17146,2000-02-17,17146,17146,Male,Romanian
17147,1979-10-14,17147,17147,Male,French
17148,1994-09-12,17148,17148,Non-binary,Italian
17149,1989-05-23,17149,17149,Female,Hindi
17150,1981-03-15,17150,17150,Male,Russian
17151,1965-08-07,17151,17151,Non-binary,English
17152,1994-05-20,17152,17152,Prefer not to say,Swedish
17153,1960-10-12,17153,17153,Non-binary,Swedish
17154,1990-10-24,17154,17154,Non-binary,Greek
17155,1967-01-16,17155,17155,Female,Vietnamese
17156,1981-04-03,17156,17156,Male,Russian
17157,1987-05-05,17157,17157,Prefer not to say,Vietnamese
17158,2000-10-14,17158,17158,Female,Arabic
17159,1975-07-30,17159,17159,Male,Arabic
17160,1968-07-30,17160,17160,Male,Mandarin
17161,1971-06-22,17161,17161,Non-binary,Russian
17162,1961-04-11,17162,17162,Male,French
17163,1990-02-03,17163,17163,Prefer not to say,Hindi
17164,1981-07-30,17164,17164,Male,French
17165,1978-09-18,17165,17165,Female,Spanish
17166,1975-03-03,17166,17166,Male,Russian
17167,1960-12-24,17167,17167,Non-binary,French
17168,1964-03-08,17168,17168,Male,Korean
17169,1984-08-03,17169,17169,Prefer not to say,Swedish
17170,1978-08-07,17170,17170,Prefer not to say,Turkish
17171,1968-09-09,17171,17171,Non-binary,Romanian
17172,1977-08-07,17172,17172,Female,Polish
17173,1968-11-05,17173,17173,Non-binary,Thai
17174,1983-03-16,17174,17174,Non-binary,Thai
17175,2000-09-10,17175,17175,Male,French
17176,1985-11-16,17176,17176,Prefer not to say,Portuguese
17177,1973-10-23,17177,17177,Non-binary,English
17178,1992-11-12,17178,17178,Female,French
17179,1971-11-24,17179,17179,Non-binary,Polish
17180,1994-12-12,17180,17180,Male,German
17181,1979-10-07,17181,17181,Female,Portuguese
17182,1983-01-16,17182,17182,Non-binary,Dutch
17183,1996-03-05,17183,17183,Non-binary,Spanish
17184,1983-01-01,17184,17184,Prefer not to say,English
17185,1991-10-26,17185,17185,Male,Spanish
17186,1965-06-16,17186,17186,Female,Hindi
17187,1984-09-01,17187,17187,Non-binary,Turkish
17188,1969-02-24,17188,17188,Prefer not to say,German
17189,1960-01-21,17189,17189,Non-binary,Romanian
17190,1994-11-29,17190,17190,Non-binary,Spanish
17191,1979-08-16,17191,17191,Non-binary,Portuguese
17192,1984-01-08,17192,17192,Prefer not to say,Arabic
17193,1971-09-29,17193,17193,Prefer not to say,Portuguese
17194,1973-05-13,17194,17194,Prefer not to say,Turkish
17195,1999-01-29,17195,17195,Prefer not to say,Portuguese
17196,1982-12-03,17196,17196,Non-binary,Polish
17197,1984-06-26,17197,17197,Prefer not to say,Japanese
17198,1971-04-03,17198,17198,Non-binary,Korean
17199,1972-11-25,17199,17199,Non-binary,Vietnamese
17200,1963-10-02,17200,17200,Prefer not to say,Portuguese
17201,1991-05-03,17201,17201,Prefer not to say,Swedish
17202,1972-06-27,17202,17202,Non-binary,Thai
17203,1991-07-31,17203,17203,Male,Japanese
17204,1982-08-29,17204,17204,Prefer not to say,Mandarin
17205,1986-08-20,17205,17205,Female,Dutch
17206,1994-11-30,17206,17206,Non-binary,German
17207,1999-06-20,17207,17207,Female,Turkish
17208,1961-02-16,17208,17208,Prefer not to say,English
17209,1984-03-27,17209,17209,Non-binary,Mandarin
17210,1992-09-17,17210,17210,Non-binary,Vietnamese
17211,1971-01-11,17211,17211,Non-binary,Vietnamese
17212,1974-10-07,17212,17212,Prefer not to say,Turkish
17213,1977-11-09,17213,17213,Male,Romanian
17214,1996-01-18,17214,17214,Non-binary,Russian
17215,1965-04-01,17215,17215,Prefer not to say,Vietnamese
17216,1990-06-23,17216,17216,Prefer not to say,Swedish
17217,1977-03-26,17217,17217,Female,Swedish
17218,1992-11-05,17218,17218,Female,Italian
17219,1970-05-14,17219,17219,Male,Mandarin
17220,1990-11-30,17220,17220,Prefer not to say,German
17221,1987-06-23,17221,17221,Male,Vietnamese
17222,1983-07-31,17222,17222,Prefer not to say,Dutch
17223,1990-11-28,17223,17223,Male,Mandarin
17224,1995-05-28,17224,17224,Female,German
17225,1981-05-03,17225,17225,Prefer not to say,Dutch
17226,1983-02-07,17226,17226,Male,Greek
17227,1972-02-18,17227,17227,Male,Thai
17228,1977-11-18,17228,17228,Prefer not to say,English
17229,1962-01-02,17229,17229,Prefer not to say,Mandarin
17230,1971-02-20,17230,17230,Male,Hindi
17231,1989-09-04,17231,17231,Prefer not to say,Arabic
17232,1978-03-11,17232,17232,Non-binary,Korean
17233,1977-11-17,17233,17233,Non-binary,Greek
17234,1993-04-21,17234,17234,Prefer not to say,Russian
17235,1997-06-18,17235,17235,Male,English
17236,1977-05-10,17236,17236,Female,Vietnamese
17237,1960-09-03,17237,17237,Male,German
17238,1977-01-31,17238,17238,Non-binary,Portuguese
17239,1979-09-01,17239,17239,Male,Thai
17240,1983-05-05,17240,17240,Female,Swedish
17241,1980-07-31,17241,17241,Prefer not to say,Russian
17242,1998-04-24,17242,17242,Female,Polish
17243,1983-08-24,17243,17243,Female,German
17244,1986-11-17,17244,17244,Prefer not to say,Italian
17245,1974-06-05,17245,17245,Male,Mandarin
17246,1971-10-08,17246,17246,Male,Vietnamese
17247,1986-07-01,17247,17247,Prefer not to say,Polish
17248,1999-07-12,17248,17248,Male,Turkish
17249,1962-09-10,17249,17249,Non-binary,Portuguese
17250,1986-06-02,17250,17250,Male,Greek
17251,1999-09-21,17251,17251,Female,Japanese
17252,1963-10-31,17252,17252,Non-binary,German
17253,1986-09-02,17253,17253,Male,Portuguese
17254,1961-05-19,17254,17254,Female,Japanese
17255,1967-10-22,17255,17255,Female,Portuguese
17256,1974-08-10,17256,17256,Female,Arabic
17257,1977-06-27,17257,17257,Non-binary,Mandarin
17258,1964-12-07,17258,17258,Non-binary,Thai
17259,1970-01-03,17259,17259,Female,Vietnamese
17260,1966-02-04,17260,17260,Male,Arabic
17261,1963-05-25,17261,17261,Female,German
17262,1982-02-19,17262,17262,Female,Russian
17263,1971-06-10,17263,17263,Prefer not to say,Korean
17264,1969-10-30,17264,17264,Male,Vietnamese
17265,1972-06-10,17265,17265,Prefer not to say,Greek
17266,2000-11-10,17266,17266,Male,English
17267,1978-07-04,17267,17267,Non-binary,English
17268,1986-05-28,17268,17268,Prefer not to say,Russian
17269,1975-10-20,17269,17269,Male,Thai
17270,2000-05-31,17270,17270,Non-binary,Mandarin
17271,1963-10-31,17271,17271,Female,Korean
17272,1963-07-01,17272,17272,Prefer not to say,Russian
17273,1997-10-24,17273,17273,Non-binary,Portuguese
17274,1969-02-11,17274,17274,Female,French
17275,1981-08-30,17275,17275,Prefer not to say,Russian
17276,1962-11-04,17276,17276,Prefer not to say,Portuguese
17277,1988-10-16,17277,17277,Non-binary,Italian
17278,1992-12-28,17278,17278,Female,Romanian
17279,1998-08-23,17279,17279,Female,Dutch
17280,1970-02-26,17280,17280,Prefer not to say,Mandarin
17281,1988-10-28,17281,17281,Prefer not to say,German
17282,1987-04-24,17282,17282,Female,English
17283,1967-08-24,17283,17283,Non-binary,Russian
17284,1979-07-26,17284,17284,Prefer not to say,Russian
17285,1990-02-16,17285,17285,Non-binary,Vietnamese
17286,1986-06-08,17286,17286,Male,Turkish
17287,1974-07-30,17287,17287,Male,Korean
17288,1991-02-21,17288,17288,Non-binary,Vietnamese
17289,1973-09-11,17289,17289,Male,Thai
17290,1965-04-14,17290,17290,Prefer not to say,Korean
17291,1985-02-24,17291,17291,Prefer not to say,Italian
17292,1968-07-08,17292,17292,Prefer not to say,Spanish
17293,1964-03-04,17293,17293,Non-binary,Dutch
17294,1967-11-13,17294,17294,Prefer not to say,Dutch
17295,1992-11-06,17295,17295,Female,Russian
17296,1986-09-14,17296,17296,Female,Greek
17297,1970-04-24,17297,17297,Non-binary,Japanese
17298,1992-03-22,17298,17298,Male,English
17299,1988-06-25,17299,17299,Female,Hindi
17300,1993-01-07,17300,17300,Non-binary,Portuguese
17301,1972-10-19,17301,17301,Female,Turkish
17302,1973-06-15,17302,17302,Female,Turkish
17303,1977-06-17,17303,17303,Non-binary,English
17304,1988-01-11,17304,17304,Prefer not to say,English
17305,1975-01-02,17305,17305,Non-binary,Vietnamese
17306,1993-03-19,17306,17306,Female,Korean
17307,1972-03-04,17307,17307,Male,Italian
17308,1973-10-15,17308,17308,Female,Japanese
17309,1965-07-06,17309,17309,Prefer not to say,Swedish
17310,1964-06-20,17310,17310,Prefer not to say,Swedish
17311,1979-11-18,17311,17311,Male,French
17312,1991-04-21,17312,17312,Female,Russian
17313,1964-01-11,17313,17313,Female,Portuguese
17314,1971-03-20,17314,17314,Prefer not to say,Romanian
17315,1997-05-26,17315,17315,Prefer not to say,Turkish
17316,1974-04-15,17316,17316,Male,Japanese
17317,1978-05-29,17317,17317,Prefer not to say,Swedish
17318,1961-11-10,17318,17318,Male,Korean
17319,1960-02-22,17319,17319,Male,German
17320,1999-03-04,17320,17320,Non-binary,Greek
17321,1968-07-20,17321,17321,Non-binary,Thai
17322,1995-04-23,17322,17322,Male,Russian
17323,1967-10-07,17323,17323,Female,Hindi
17324,1972-07-05,17324,17324,Female,Polish
17325,1961-01-01,17325,17325,Non-binary,Korean
17326,1973-12-17,17326,17326,Prefer not to say,Korean
17327,1986-12-15,17327,17327,Prefer not to say,Italian
17328,1999-01-10,17328,17328,Prefer not to say,French
17329,1991-06-27,17329,17329,Male,Japanese
17330,2000-06-30,17330,17330,Male,Japanese
17331,1995-01-31,17331,17331,Male,Korean
17332,1963-02-14,17332,17332,Female,Korean
17333,1999-08-11,17333,17333,Prefer not to say,Portuguese
17334,1972-05-14,17334,17334,Prefer not to say,French
17335,1973-06-27,17335,17335,Prefer not to say,Turkish
17336,2000-07-12,17336,17336,Male,Spanish
17337,1966-10-01,17337,17337,Non-binary,Dutch
17338,1971-02-27,17338,17338,Female,Greek
17339,1969-12-16,17339,17339,Non-binary,Romanian
17340,1965-02-16,17340,17340,Male,Arabic
17341,1986-07-14,17341,17341,Prefer not to say,Vietnamese
17342,1967-03-16,17342,17342,Non-binary,Japanese
17343,1964-12-13,17343,17343,Prefer not to say,Arabic
17344,1964-01-30,17344,17344,Prefer not to say,German
17345,1992-01-23,17345,17345,Female,Thai
17346,1960-04-05,17346,17346,Non-binary,Dutch
17347,1974-09-09,17347,17347,Prefer not to say,Portuguese
17348,1970-03-12,17348,17348,Female,French
17349,1995-02-20,17349,17349,Male,Japanese
17350,1992-01-27,17350,17350,Non-binary,Italian
17351,1988-10-13,17351,17351,Prefer not to say,Hindi
17352,1969-03-17,17352,17352,Male,Greek
17353,1990-12-23,17353,17353,Female,Turkish
17354,2000-10-10,17354,17354,Prefer not to say,Thai
17355,1968-10-02,17355,17355,Female,Swedish
17356,1977-08-07,17356,17356,Prefer not to say,Spanish
17357,1972-07-21,17357,17357,Male,Greek
17358,1986-08-15,17358,17358,Male,Japanese
17359,1985-07-17,17359,17359,Non-binary,Turkish
17360,1997-10-22,17360,17360,Non-binary,Spanish
17361,1985-07-03,17361,17361,Female,Korean
17362,1970-03-01,17362,17362,Non-binary,Hindi
17363,1983-09-17,17363,17363,Male,Spanish
17364,1968-05-23,17364,17364,Prefer not to say,Japanese
17365,1989-08-08,17365,17365,Female,Japanese
17366,1960-03-26,17366,17366,Female,Thai
17367,1962-09-23,17367,17367,Non-binary,Swedish
17368,1968-05-29,17368,17368,Male,Spanish
17369,1997-06-12,17369,17369,Male,German
17370,1978-05-01,17370,17370,Female,Dutch
17371,1999-03-01,17371,17371,Prefer not to say,Swedish
17372,1996-12-06,17372,17372,Male,Greek
17373,1995-12-12,17373,17373,Male,Hindi
17374,1963-02-15,17374,17374,Non-binary,Portuguese
17375,1960-07-23,17375,17375,Female,English
17376,1978-02-12,17376,17376,Male,Spanish
17377,1974-11-28,17377,17377,Male,Thai
17378,1966-10-25,17378,17378,Female,Italian
17379,1963-04-12,17379,17379,Prefer not to say,Arabic
17380,1976-07-25,17380,17380,Male,Portuguese
17381,2000-02-20,17381,17381,Female,German
17382,1987-11-25,17382,17382,Male,Vietnamese
17383,1963-11-13,17383,17383,Female,Japanese
17384,1974-03-05,17384,17384,Prefer not to say,Swedish
17385,1973-05-20,17385,17385,Female,Italian
17386,1961-05-27,17386,17386,Prefer not to say,Romanian
17387,1983-08-09,17387,17387,Prefer not to say,Greek
17388,1994-01-30,17388,17388,Female,Italian
17389,1984-01-03,17389,17389,Male,French
17390,1981-09-10,17390,17390,Prefer not to say,Vietnamese
17391,1974-09-09,17391,17391,Female,Dutch
17392,1998-12-29,17392,17392,Male,Swedish
17393,1965-01-26,17393,17393,Male,Portuguese
17394,1964-08-20,17394,17394,Prefer not to say,Italian
17395,1984-05-05,17395,17395,Male,Hindi
17396,1971-09-27,17396,17396,Prefer not to say,Korean
17397,1960-05-11,17397,17397,Female,Russian
17398,1982-07-13,17398,17398,Non-binary,English
17399,1997-08-19,17399,17399,Male,Japanese
17400,1961-03-03,17400,17400,Non-binary,Greek
17401,1991-04-24,17401,17401,Male,French
17402,1984-06-02,17402,17402,Female,Mandarin
17403,1964-04-22,17403,17403,Female,French
17404,1961-04-01,17404,17404,Prefer not to say,Thai
17405,1962-05-22,17405,17405,Prefer not to say,French
17406,1974-09-15,17406,17406,Non-binary,German
17407,1990-11-22,17407,17407,Male,Romanian
17408,1989-04-24,17408,17408,Prefer not to say,Portuguese
17409,1968-08-18,17409,17409,Prefer not to say,Hindi
17410,1996-05-29,17410,17410,Prefer not to say,Greek
17411,1988-06-09,17411,17411,Female,Greek
17412,1976-04-01,17412,17412,Female,Italian
17413,1966-07-17,17413,17413,Female,French
17414,1990-02-15,17414,17414,Female,Portuguese
17415,1961-10-29,17415,17415,Prefer not to say,Russian
17416,1982-08-21,17416,17416,Non-binary,Japanese
17417,1960-03-04,17417,17417,Prefer not to say,Turkish
17418,1963-01-10,17418,17418,Male,Korean
17419,1961-05-26,17419,17419,Male,English
17420,1994-09-25,17420,17420,Female,Thai
17421,1963-04-11,17421,17421,Female,Romanian
17422,1979-02-07,17422,17422,Male,Swedish
17423,1973-08-03,17423,17423,Male,Polish
17424,2000-01-22,17424,17424,Male,Italian
17425,1998-11-28,17425,17425,Female,Vietnamese
17426,1994-09-03,17426,17426,Prefer not to say,Vietnamese
17427,1980-05-15,17427,17427,Male,French
17428,1982-11-14,17428,17428,Prefer not to say,French
17429,1983-08-10,17429,17429,Male,Thai
17430,1981-03-05,17430,17430,Prefer not to say,Portuguese
17431,1961-05-25,17431,17431,Female,French
17432,1974-07-24,17432,17432,Prefer not to say,Korean
17433,1973-08-27,17433,17433,Non-binary,Japanese
17434,1982-04-03,17434,17434,Female,Spanish
17435,1996-12-15,17435,17435,Non-binary,Turkish
17436,1980-08-19,17436,17436,Non-binary,Polish
17437,1973-04-02,17437,17437,Prefer not to say,French
17438,1973-07-22,17438,17438,Prefer not to say,Polish
17439,1967-04-28,17439,17439,Non-binary,Swedish
17440,1977-10-27,17440,17440,Female,Spanish
17441,1995-04-14,17441,17441,Non-binary,Swedish
17442,1985-05-07,17442,17442,Female,Russian
17443,1984-06-21,17443,17443,Male,German
17444,1972-02-03,17444,17444,Male,French
17445,1982-09-18,17445,17445,Prefer not to say,Russian
17446,1977-02-25,17446,17446,Prefer not to say,Arabic
17447,1986-06-15,17447,17447,Prefer not to say,Polish
17448,2000-01-28,17448,17448,Female,Japanese
17449,1987-08-30,17449,17449,Male,Turkish
17450,1960-02-07,17450,17450,Non-binary,Turkish
17451,1983-06-07,17451,17451,Male,Italian
17452,1985-02-14,17452,17452,Male,Dutch
17453,1968-08-06,17453,17453,Female,French
17454,1998-08-23,17454,17454,Non-binary,Japanese
17455,1977-05-12,17455,17455,Female,Romanian
17456,1973-12-25,17456,17456,Prefer not to say,Hindi
17457,1971-09-16,17457,17457,Prefer not to say,Polish
17458,1982-12-27,17458,17458,Non-binary,Swedish
17459,1973-03-20,17459,17459,Non-binary,Turkish
17460,2000-08-31,17460,17460,Male,Mandarin
17461,1988-12-01,17461,17461,Female,Polish
17462,1991-08-29,17462,17462,Non-binary,Vietnamese
17463,1996-11-03,17463,17463,Prefer not to say,German
17464,1984-02-12,17464,17464,Male,English
17465,1993-04-01,17465,17465,Male,Italian
17466,1988-12-09,17466,17466,Female,Japanese
17467,1979-01-03,17467,17467,Non-binary,Vietnamese
17468,1985-03-18,17468,17468,Male,Italian
17469,1975-03-09,17469,17469,Male,Polish
17470,1972-09-02,17470,17470,Female,Swedish
17471,1978-07-06,17471,17471,Female,German
17472,1967-09-04,17472,17472,Prefer not to say,Hindi
17473,1983-08-09,17473,17473,Prefer not to say,Mandarin
17474,1979-05-19,17474,17474,Male,Korean
17475,1972-12-08,17475,17475,Prefer not to say,Dutch
17476,1984-05-17,17476,17476,Male,Russian
17477,1987-08-08,17477,17477,Prefer not to say,French
17478,1976-11-18,17478,17478,Male,Spanish
17479,1999-06-15,17479,17479,Female,Russian
17480,1991-07-14,17480,17480,Non-binary,Korean
17481,1980-12-13,17481,17481,Non-binary,Greek
17482,1962-04-29,17482,17482,Non-binary,Polish
17483,1968-01-21,17483,17483,Prefer not to say,Spanish
17484,1990-12-01,17484,17484,Female,Dutch
17485,1992-11-12,17485,17485,Non-binary,Thai
17486,1966-04-06,17486,17486,Non-binary,Swedish
17487,1975-01-03,17487,17487,Female,Polish
17488,1962-02-18,17488,17488,Prefer not to say,Arabic
17489,1987-04-18,17489,17489,Female,Japanese
17490,1999-06-07,17490,17490,Female,Greek
17491,1970-03-03,17491,17491,Female,Vietnamese
17492,1960-01-15,17492,17492,Non-binary,Greek
17493,1980-10-24,17493,17493,Female,Romanian
17494,1995-02-14,17494,17494,Male,Mandarin
17495,1963-08-05,17495,17495,Male,Portuguese
17496,1969-05-26,17496,17496,Male,Thai
17497,1986-11-27,17497,17497,Non-binary,Mandarin
17498,1988-12-09,17498,17498,Male,German
17499,1975-02-26,17499,17499,Female,Polish
17500,1983-02-20,17500,17500,Prefer not to say,Japanese
17501,1989-07-02,17501,17501,Female,Romanian
17502,1988-01-24,17502,17502,Non-binary,Turkish
17503,1993-07-23,17503,17503,Female,Greek
17504,1961-08-05,17504,17504,Male,Turkish
17505,1987-09-16,17505,17505,Male,Greek
17506,1992-05-02,17506,17506,Male,Thai
17507,1981-11-06,17507,17507,Male,German
17508,1962-07-14,17508,17508,Male,Vietnamese
17509,1977-03-05,17509,17509,Male,Turkish
17510,1973-04-29,17510,17510,Non-binary,English
17511,1987-01-31,17511,17511,Prefer not to say,Dutch
17512,1988-09-14,17512,17512,Prefer not to say,Russian
17513,1963-09-28,17513,17513,Male,Thai
17514,1997-09-27,17514,17514,Female,Dutch
17515,1963-12-28,17515,17515,Non-binary,Japanese
17516,1989-09-25,17516,17516,Prefer not to say,Russian
17517,1963-10-23,17517,17517,Non-binary,Vietnamese
17518,1974-03-02,17518,17518,Non-binary,Dutch
17519,1980-11-09,17519,17519,Female,Hindi
17520,1966-10-23,17520,17520,Female,Polish
17521,1967-01-09,17521,17521,Male,Portuguese
17522,1963-11-05,17522,17522,Non-binary,Polish
17523,1976-07-19,17523,17523,Non-binary,Turkish
17524,1962-02-18,17524,17524,Female,Korean
17525,1998-10-16,17525,17525,Prefer not to say,Turkish
17526,1990-05-24,17526,17526,Prefer not to say,Japanese
17527,1977-06-05,17527,17527,Male,Spanish
17528,1977-01-14,17528,17528,Female,Dutch
17529,1968-03-14,17529,17529,Non-binary,German
17530,1999-04-28,17530,17530,Female,English
17531,1977-02-17,17531,17531,Male,Korean
17532,1987-01-27,17532,17532,Prefer not to say,Russian
17533,1964-08-21,17533,17533,Non-binary,Vietnamese
17534,1976-11-17,17534,17534,Male,German
17535,1969-11-08,17535,17535,Female,Portuguese
17536,1995-05-03,17536,17536,Male,Arabic
17537,1978-04-15,17537,17537,Male,Mandarin
17538,1961-01-13,17538,17538,Prefer not to say,English
17539,1974-09-19,17539,17539,Male,Vietnamese
17540,1981-07-12,17540,17540,Female,Spanish
17541,1963-10-07,17541,17541,Female,Thai
17542,1973-12-06,17542,17542,Male,English
17543,1979-10-28,17543,17543,Male,Spanish
17544,1991-11-11,17544,17544,Male,Portuguese
17545,1965-04-25,17545,17545,Prefer not to say,French
17546,1983-05-14,17546,17546,Prefer not to say,Hindi
17547,1976-04-04,17547,17547,Prefer not to say,Korean
17548,1982-12-20,17548,17548,Male,Russian
17549,1962-06-01,17549,17549,Male,Turkish
17550,1994-09-29,17550,17550,Prefer not to say,Dutch
17551,1982-11-08,17551,17551,Female,Portuguese
17552,1967-03-04,17552,17552,Prefer not to say,Italian
17553,1968-08-24,17553,17553,Female,Turkish
17554,1960-09-25,17554,17554,Non-binary,Spanish
17555,1961-07-12,17555,17555,Prefer not to say,Polish
17556,1974-03-25,17556,17556,Non-binary,French
17557,1993-06-09,17557,17557,Non-binary,Arabic
17558,1977-05-27,17558,17558,Male,Polish
17559,1987-01-26,17559,17559,Male,Polish
17560,1980-07-15,17560,17560,Female,Hindi
17561,1997-02-10,17561,17561,Non-binary,Arabic
17562,1977-02-23,17562,17562,Prefer not to say,Portuguese
17563,1989-06-15,17563,17563,Prefer not to say,French
17564,1985-03-12,17564,17564,Male,Japanese
17565,1966-10-20,17565,17565,Male,English
17566,1975-10-16,17566,17566,Prefer not to say,Portuguese
17567,1970-12-15,17567,17567,Female,Spanish
17568,1966-08-11,17568,17568,Female,Spanish
17569,1974-07-09,17569,17569,Prefer not to say,Dutch
17570,1995-08-21,17570,17570,Female,Hindi
17571,1975-12-03,17571,17571,Prefer not to say,Hindi
17572,1981-09-29,17572,17572,Prefer not to say,English
17573,1975-04-26,17573,17573,Female,German
17574,1975-12-11,17574,17574,Male,Polish
17575,1977-06-29,17575,17575,Non-binary,Swedish
17576,1978-01-21,17576,17576,Prefer not to say,Swedish
17577,1991-11-03,17577,17577,Prefer not to say,French
17578,1967-06-06,17578,17578,Prefer not to say,Hindi
17579,1962-04-14,17579,17579,Non-binary,Korean
17580,1984-06-04,17580,17580,Female,Swedish
17581,1984-08-13,17581,17581,Male,Romanian
17582,1986-01-14,17582,17582,Female,Arabic
17583,1968-07-12,17583,17583,Male,Japanese
17584,1960-08-05,17584,17584,Female,Portuguese
17585,1960-05-15,17585,17585,Non-binary,Dutch
17586,1998-10-22,17586,17586,Female,Hindi
17587,1998-08-18,17587,17587,Prefer not to say,Italian
17588,1983-02-02,17588,17588,Male,Italian
17589,1975-03-31,17589,17589,Non-binary,Japanese
17590,1972-11-14,17590,17590,Male,Polish
17591,1976-03-27,17591,17591,Non-binary,Hindi
17592,1961-11-02,17592,17592,Female,French
17593,1967-11-23,17593,17593,Female,Dutch
17594,1967-08-15,17594,17594,Prefer not to say,Spanish
17595,1969-06-05,17595,17595,Female,English
17596,1979-03-31,17596,17596,Prefer not to say,Russian
17597,1964-06-19,17597,17597,Prefer not to say,Hindi
17598,1983-07-05,17598,17598,Male,Japanese
17599,1963-05-29,17599,17599,Prefer not to say,Thai
17600,1974-11-27,17600,17600,Non-binary,Vietnamese
17601,1982-07-13,17601,17601,Male,Greek
17602,1989-01-15,17602,17602,Female,Mandarin
17603,1981-10-18,17603,17603,Prefer not to say,Japanese
17604,1992-10-20,17604,17604,Non-binary,Italian
17605,1972-11-04,17605,17605,Prefer not to say,Hindi
17606,1960-06-18,17606,17606,Female,Spanish
17607,1995-09-21,17607,17607,Female,Japanese
17608,1966-09-01,17608,17608,Prefer not to say,Mandarin
17609,1997-04-13,17609,17609,Female,Thai
17610,1981-09-13,17610,17610,Non-binary,Turkish
17611,1986-06-16,17611,17611,Prefer not to say,German
17612,1967-11-23,17612,17612,Prefer not to say,German
17613,1966-01-03,17613,17613,Prefer not to say,Portuguese
17614,1973-05-21,17614,17614,Non-binary,English
17615,1970-09-10,17615,17615,Female,Italian
17616,1967-02-12,17616,17616,Female,Polish
17617,1975-02-15,17617,17617,Non-binary,Japanese
17618,1976-08-10,17618,17618,Prefer not to say,English
17619,1995-10-06,17619,17619,Prefer not to say,Romanian
17620,1995-06-26,17620,17620,Non-binary,Russian
17621,1985-08-27,17621,17621,Male,Turkish
17622,1996-09-14,17622,17622,Non-binary,Dutch
17623,1982-03-15,17623,17623,Non-binary,Polish
17624,1977-10-20,17624,17624,Female,Swedish
17625,1971-10-20,17625,17625,Male,German
17626,1965-12-06,17626,17626,Prefer not to say,Greek
17627,1966-03-14,17627,17627,Male,Hindi
17628,1978-10-01,17628,17628,Non-binary,Italian
17629,1989-02-24,17629,17629,Male,Hindi
17630,1996-04-04,17630,17630,Female,Portuguese
17631,1962-10-30,17631,17631,Female,Portuguese
17632,1996-01-17,17632,17632,Prefer not to say,English
17633,1965-07-23,17633,17633,Prefer not to say,Turkish
17634,1975-05-16,17634,17634,Non-binary,Spanish
17635,1991-10-29,17635,17635,Prefer not to say,French
17636,1973-07-11,17636,17636,Prefer not to say,Greek
17637,1965-06-05,17637,17637,Female,Dutch
17638,1970-05-30,17638,17638,Male,Russian
17639,1982-06-18,17639,17639,Prefer not to say,Korean
17640,1975-04-07,17640,17640,Female,Portuguese
17641,1997-08-07,17641,17641,Female,English
17642,1974-09-28,17642,17642,Prefer not to say,Russian
17643,1968-03-05,17643,17643,Male,Portuguese
17644,1984-08-13,17644,17644,Prefer not to say,English
17645,1978-12-21,17645,17645,Male,Italian
17646,1981-10-03,17646,17646,Prefer not to say,Hindi
17647,1994-04-06,17647,17647,Prefer not to say,Vietnamese
17648,1980-07-21,17648,17648,Female,Hindi
17649,1967-02-01,17649,17649,Prefer not to say,Portuguese
17650,1960-12-29,17650,17650,Male,Mandarin
17651,1975-03-22,17651,17651,Non-binary,Polish
17652,1964-11-13,17652,17652,Prefer not to say,Japanese
17653,1974-12-30,17653,17653,Non-binary,Korean
17654,1961-09-18,17654,17654,Male,Romanian
17655,1993-08-02,17655,17655,Non-binary,English
17656,1965-12-25,17656,17656,Non-binary,Mandarin
17657,1997-02-05,17657,17657,Non-binary,Hindi
17658,1966-08-06,17658,17658,Female,Portuguese
17659,1991-08-24,17659,17659,Male,French
17660,1969-06-16,17660,17660,Male,Spanish
17661,1993-05-28,17661,17661,Non-binary,Swedish
17662,1964-09-19,17662,17662,Prefer not to say,Swedish
17663,1993-05-18,17663,17663,Prefer not to say,Greek
17664,1974-11-16,17664,17664,Prefer not to say,Polish
17665,1973-11-20,17665,17665,Prefer not to say,Greek
17666,1984-04-03,17666,17666,Male,Romanian
17667,1997-12-23,17667,17667,Male,Greek
17668,1999-06-22,17668,17668,Female,French
17669,2000-07-06,17669,17669,Non-binary,French
17670,1980-10-02,17670,17670,Non-binary,English
17671,1986-07-15,17671,17671,Prefer not to say,English
17672,1983-11-25,17672,17672,Prefer not to say,Portuguese
17673,1961-02-08,17673,17673,Female,Mandarin
17674,1986-06-02,17674,17674,Prefer not to say,Japanese
17675,1983-07-22,17675,17675,Non-binary,Portuguese
17676,1988-10-06,17676,17676,Non-binary,Dutch
17677,1981-04-07,17677,17677,Female,Japanese
17678,1990-05-24,17678,17678,Non-binary,Turkish
17679,1997-07-15,17679,17679,Male,Mandarin
17680,1987-03-04,17680,17680,Male,Greek
17681,1984-01-21,17681,17681,Prefer not to say,English
17682,1993-04-02,17682,17682,Male,Arabic
17683,1976-01-30,17683,17683,Non-binary,Swedish
17684,1984-02-22,17684,17684,Female,Thai
17685,1975-09-06,17685,17685,Non-binary,Portuguese
17686,1990-08-15,17686,17686,Prefer not to say,French
17687,1993-08-12,17687,17687,Female,Russian
17688,1974-09-14,17688,17688,Prefer not to say,French
17689,1987-06-22,17689,17689,Male,Turkish
17690,1964-12-26,17690,17690,Male,Japanese
17691,1998-12-24,17691,17691,Prefer not to say,Romanian
17692,1995-04-16,17692,17692,Male,Korean
17693,1996-08-03,17693,17693,Female,Portuguese
17694,1980-09-07,17694,17694,Non-binary,Portuguese
17695,1981-12-30,17695,17695,Male,Russian
17696,1964-12-14,17696,17696,Female,German
17697,1984-04-05,17697,17697,Non-binary,Arabic
17698,1995-12-06,17698,17698,Prefer not to say,Russian
17699,1987-07-17,17699,17699,Male,Korean
17700,1971-04-19,17700,17700,Prefer not to say,Turkish
17701,1978-03-13,17701,17701,Prefer not to say,Korean
17702,1980-01-23,17702,17702,Non-binary,Turkish
17703,1993-09-14,17703,17703,Female,Hindi
17704,1967-09-20,17704,17704,Non-binary,Spanish
17705,1961-10-02,17705,17705,Female,German
17706,1986-10-25,17706,17706,Male,Polish
17707,1968-06-12,17707,17707,Female,Russian
17708,1989-04-09,17708,17708,Male,Hindi
17709,1987-06-12,17709,17709,Prefer not to say,Thai
17710,1988-01-01,17710,17710,Male,Spanish
17711,1997-03-30,17711,17711,Male,Dutch
17712,1983-08-07,17712,17712,Prefer not to say,Romanian
17713,1986-09-28,17713,17713,Female,Hindi
17714,1963-11-10,17714,17714,Female,Hindi
17715,1962-06-04,17715,17715,Male,Spanish
17716,1978-10-09,17716,17716,Female,Thai
17717,1970-03-22,17717,17717,Non-binary,Portuguese
17718,1993-10-12,17718,17718,Non-binary,Russian
17719,1981-02-22,17719,17719,Female,Vietnamese
17720,1977-08-14,17720,17720,Prefer not to say,Italian
17721,1964-07-22,17721,17721,Prefer not to say,Spanish
17722,1996-02-23,17722,17722,Non-binary,Italian
17723,1987-10-02,17723,17723,Female,Spanish
17724,1994-03-01,17724,17724,Prefer not to say,Dutch
17725,1995-05-31,17725,17725,Male,Hindi
17726,1992-05-30,17726,17726,Non-binary,Arabic
17727,1965-10-20,17727,17727,Female,Spanish
17728,1998-09-09,17728,17728,Non-binary,English
17729,1969-10-14,17729,17729,Non-binary,German
17730,1968-11-02,17730,17730,Male,French
17731,1965-04-24,17731,17731,Prefer not to say,Japanese
17732,1987-04-09,17732,17732,Male,Romanian
17733,1963-02-27,17733,17733,Prefer not to say,Spanish
17734,1992-06-03,17734,17734,Female,Thai
17735,1986-02-11,17735,17735,Prefer not to say,Hindi
17736,1993-06-20,17736,17736,Male,Polish
17737,1971-07-14,17737,17737,Prefer not to say,Italian
17738,1963-05-30,17738,17738,Male,English
17739,1986-06-03,17739,17739,Female,Polish
17740,1962-08-18,17740,17740,Prefer not to say,Russian
17741,1986-01-03,17741,17741,Non-binary,Greek
17742,1975-07-18,17742,17742,Female,Polish
17743,1960-09-12,17743,17743,Non-binary,Turkish
17744,1971-08-22,17744,17744,Female,English
17745,1982-04-20,17745,17745,Non-binary,Korean
17746,1964-11-09,17746,17746,Non-binary,Turkish
17747,1960-06-07,17747,17747,Non-binary,French
17748,1961-01-15,17748,17748,Non-binary,Vietnamese
17749,1980-06-01,17749,17749,Female,Romanian
17750,1964-02-10,17750,17750,Female,Polish
17751,1962-10-08,17751,17751,Female,Arabic
17752,1987-10-23,17752,17752,Female,Romanian
17753,1997-03-31,17753,17753,Prefer not to say,German
17754,1998-01-10,17754,17754,Male,Japanese
17755,1986-01-13,17755,17755,Male,French
17756,1997-01-23,17756,17756,Non-binary,Italian
17757,1962-12-11,17757,17757,Male,Polish
17758,1968-07-24,17758,17758,Female,German
17759,1987-06-07,17759,17759,Prefer not to say,Swedish
17760,1996-06-08,17760,17760,Female,English
17761,1973-04-12,17761,17761,Non-binary,Korean
17762,1975-12-18,17762,17762,Prefer not to say,Hindi
17763,1996-05-17,17763,17763,Prefer not to say,Romanian
17764,1983-11-28,17764,17764,Male,Arabic
17765,1981-06-16,17765,17765,Non-binary,Spanish
17766,1997-12-06,17766,17766,Non-binary,Greek
17767,1972-06-10,17767,17767,Prefer not to say,German
17768,1961-05-28,17768,17768,Female,Polish
17769,1996-06-16,17769,17769,Male,Korean
17770,1996-05-21,17770,17770,Non-binary,English
17771,1975-09-26,17771,17771,Male,Japanese
17772,1992-12-01,17772,17772,Male,Greek
17773,1990-05-23,17773,17773,Non-binary,Korean
17774,1988-05-20,17774,17774,Prefer not to say,Russian
17775,1976-09-27,17775,17775,Prefer not to say,Greek
17776,1983-11-12,17776,17776,Prefer not to say,Mandarin
17777,1997-01-26,17777,17777,Male,Russian
17778,1976-01-15,17778,17778,Female,Polish
17779,1987-07-16,17779,17779,Prefer not to say,Turkish
17780,1962-07-22,17780,17780,Prefer not to say,Dutch
17781,1994-09-17,17781,17781,Female,Hindi
17782,1978-11-25,17782,17782,Male,Hindi
17783,1989-08-11,17783,17783,Prefer not to say,Polish
17784,1980-09-01,17784,17784,Female,English
17785,1970-07-20,17785,17785,Non-binary,Polish
17786,1961-11-25,17786,17786,Non-binary,Italian
17787,1974-01-17,17787,17787,Female,Vietnamese
17788,1987-02-25,17788,17788,Female,Greek
17789,1960-04-05,17789,17789,Prefer not to say,German
17790,1979-10-24,17790,17790,Prefer not to say,Vietnamese
17791,1996-10-23,17791,17791,Male,Polish
17792,1978-12-18,17792,17792,Non-binary,Italian
17793,1982-11-07,17793,17793,Male,Hindi
17794,1970-05-08,17794,17794,Prefer not to say,Romanian
17795,1997-03-31,17795,17795,Prefer not to say,Portuguese
17796,1991-12-31,17796,17796,Female,Vietnamese
17797,1997-10-20,17797,17797,Male,French
17798,1976-04-06,17798,17798,Prefer not to say,Arabic
17799,1993-01-30,17799,17799,Non-binary,German
17800,1992-03-31,17800,17800,Female,Vietnamese
17801,1977-04-08,17801,17801,Prefer not to say,English
17802,1978-11-25,17802,17802,Prefer not to say,Korean
17803,1963-06-21,17803,17803,Non-binary,Arabic
17804,1972-02-15,17804,17804,Non-binary,Thai
17805,1966-10-30,17805,17805,Male,Greek
17806,1986-10-16,17806,17806,Female,Vietnamese
17807,1983-02-03,17807,17807,Female,Russian
17808,1961-12-10,17808,17808,Male,Swedish
17809,1991-02-08,17809,17809,Female,Romanian
17810,1975-05-13,17810,17810,Male,Turkish
17811,1981-09-02,17811,17811,Male,German
17812,1998-11-22,17812,17812,Female,Russian
17813,1989-03-29,17813,17813,Prefer not to say,French
17814,1987-12-31,17814,17814,Non-binary,Spanish
17815,1976-07-01,17815,17815,Female,Polish
17816,1970-04-26,17816,17816,Female,French
17817,1974-12-10,17817,17817,Male,Arabic
17818,1995-08-18,17818,17818,Non-binary,Portuguese
17819,1971-11-14,17819,17819,Female,Vietnamese
17820,1999-12-12,17820,17820,Female,Vietnamese
17821,1990-11-19,17821,17821,Male,Vietnamese
17822,1997-03-09,17822,17822,Non-binary,French
17823,1992-03-29,17823,17823,Female,French
17824,1974-06-02,17824,17824,Prefer not to say,Korean
17825,1984-09-12,17825,17825,Non-binary,Italian
17826,1999-07-02,17826,17826,Non-binary,Mandarin
17827,1970-03-18,17827,17827,Non-binary,Hindi
17828,1980-06-03,17828,17828,Prefer not to say,English
17829,1982-05-16,17829,17829,Prefer not to say,Hindi
17830,1985-07-01,17830,17830,Male,Greek
17831,1965-06-13,17831,17831,Non-binary,Swedish
17832,1962-03-27,17832,17832,Prefer not to say,Polish
17833,1973-12-13,17833,17833,Female,Italian
17834,1988-02-05,17834,17834,Non-binary,Mandarin
17835,1964-05-25,17835,17835,Male,Spanish
17836,1994-12-12,17836,17836,Non-binary,Thai
17837,1996-06-26,17837,17837,Male,Dutch
17838,1996-01-09,17838,17838,Prefer not to say,Italian
17839,1989-06-22,17839,17839,Prefer not to say,Portuguese
17840,1997-05-25,17840,17840,Non-binary,German
17841,1968-08-30,17841,17841,Non-binary,Dutch
17842,1995-04-24,17842,17842,Non-binary,Greek
17843,1993-08-19,17843,17843,Non-binary,Russian
17844,1974-02-25,17844,17844,Non-binary,Mandarin
17845,1995-06-24,17845,17845,Female,Japanese
17846,1969-01-11,17846,17846,Prefer not to say,Romanian
17847,1990-09-14,17847,17847,Non-binary,Mandarin
17848,1985-01-10,17848,17848,Female,Dutch
17849,1975-12-13,17849,17849,Male,Dutch
17850,1966-02-14,17850,17850,Female,Russian
17851,1981-02-10,17851,17851,Male,English
17852,1972-07-20,17852,17852,Prefer not to say,German
17853,1979-04-22,17853,17853,Prefer not to say,Swedish
17854,1986-07-14,17854,17854,Female,Italian
17855,1972-05-03,17855,17855,Male,Vietnamese
17856,1982-02-01,17856,17856,Female,English
17857,1966-08-01,17857,17857,Non-binary,Thai
17858,2000-06-22,17858,17858,Prefer not to say,Swedish
17859,1985-05-14,17859,17859,Non-binary,Arabic
17860,1982-02-21,17860,17860,Prefer not to say,Vietnamese
17861,1991-06-19,17861,17861,Female,French
17862,1993-06-21,17862,17862,Male,Hindi
17863,2000-05-23,17863,17863,Prefer not to say,Japanese
17864,1998-11-10,17864,17864,Prefer not to say,Japanese
17865,1963-05-27,17865,17865,Non-binary,Turkish
17866,1967-11-03,17866,17866,Non-binary,Thai
17867,1962-04-03,17867,17867,Female,French
17868,1981-07-19,17868,17868,Female,Swedish
17869,1989-06-05,17869,17869,Non-binary,Swedish
17870,1968-04-09,17870,17870,Prefer not to say,Italian
17871,1994-07-16,17871,17871,Non-binary,Vietnamese
17872,1992-03-22,17872,17872,Non-binary,Spanish
17873,1996-11-08,17873,17873,Female,Arabic
17874,1990-10-14,17874,17874,Non-binary,Polish
17875,1964-07-16,17875,17875,Female,Greek
17876,1988-11-12,17876,17876,Female,Russian
17877,1971-09-11,17877,17877,Non-binary,Spanish
17878,1994-05-04,17878,17878,Prefer not to say,Hindi
17879,1980-11-29,17879,17879,Male,Russian
17880,1975-05-03,17880,17880,Female,Italian
17881,1997-07-19,17881,17881,Non-binary,Arabic
17882,1966-11-14,17882,17882,Prefer not to say,Swedish
17883,1976-12-28,17883,17883,Female,Vietnamese
17884,1972-10-24,17884,17884,Non-binary,Portuguese
17885,1980-12-12,17885,17885,Prefer not to say,Mandarin
17886,1997-12-15,17886,17886,Prefer not to say,Polish
17887,1996-06-01,17887,17887,Prefer not to say,Mandarin
17888,1980-07-15,17888,17888,Non-binary,French
17889,1999-09-02,17889,17889,Male,German
17890,1985-09-06,17890,17890,Male,Mandarin
17891,1992-12-06,17891,17891,Female,Spanish
17892,1982-12-28,17892,17892,Non-binary,Vietnamese
17893,1991-08-07,17893,17893,Prefer not to say,Greek
17894,1972-06-02,17894,17894,Non-binary,Hindi
17895,1981-08-20,17895,17895,Prefer not to say,Turkish
17896,1968-08-11,17896,17896,Male,German
17897,1981-10-05,17897,17897,Female,Mandarin
17898,1971-11-15,17898,17898,Male,Hindi
17899,1993-08-31,17899,17899,Prefer not to say,Thai
17900,1992-02-18,17900,17900,Male,Greek
17901,1973-02-08,17901,17901,Non-binary,Dutch
17902,1960-08-03,17902,17902,Male,Italian
17903,1979-07-29,17903,17903,Prefer not to say,Romanian
17904,2000-08-23,17904,17904,Prefer not to say,Greek
17905,1995-06-01,17905,17905,Male,French
17906,1960-10-23,17906,17906,Prefer not to say,Italian
17907,1966-07-09,17907,17907,Female,Japanese
17908,1994-02-25,17908,17908,Male,Dutch
17909,2000-07-09,17909,17909,Female,Turkish
17910,1988-02-13,17910,17910,Prefer not to say,Japanese
17911,1965-02-04,17911,17911,Non-binary,Romanian
17912,1980-08-27,17912,17912,Prefer not to say,Korean
17913,1988-04-24,17913,17913,Female,French
17914,1990-09-06,17914,17914,Male,Korean
17915,1984-10-01,17915,17915,Prefer not to say,English
17916,1999-08-09,17916,17916,Female,Greek
17917,1993-06-10,17917,17917,Prefer not to say,Thai
17918,1994-07-19,17918,17918,Prefer not to say,English
17919,1961-06-15,17919,17919,Female,Spanish
17920,1974-01-20,17920,17920,Female,Mandarin
17921,1995-05-29,17921,17921,Non-binary,Japanese
17922,1967-05-08,17922,17922,Non-binary,Portuguese
17923,1968-03-05,17923,17923,Non-binary,Hindi
17924,1987-05-09,17924,17924,Prefer not to say,Russian
17925,1961-10-19,17925,17925,Prefer not to say,Russian
17926,1984-02-14,17926,17926,Male,Greek
17927,1969-04-21,17927,17927,Female,Spanish
17928,1985-08-02,17928,17928,Male,English
17929,1987-02-09,17929,17929,Prefer not to say,French
17930,1987-02-13,17930,17930,Male,Italian
17931,1976-12-11,17931,17931,Male,Portuguese
17932,1962-11-25,17932,17932,Non-binary,Arabic
17933,1973-12-04,17933,17933,Non-binary,Polish
17934,1993-02-18,17934,17934,Non-binary,Russian
17935,1995-07-03,17935,17935,Prefer not to say,Mandarin
17936,1981-06-11,17936,17936,Male,French
17937,1996-03-08,17937,17937,Prefer not to say,Turkish
17938,1993-11-12,17938,17938,Prefer not to say,Turkish
17939,1980-03-26,17939,17939,Prefer not to say,Hindi
17940,1978-02-25,17940,17940,Male,Arabic
17941,1980-01-08,17941,17941,Prefer not to say,Mandarin
17942,2000-05-14,17942,17942,Non-binary,Japanese
17943,1978-11-10,17943,17943,Non-binary,French
17944,1961-11-02,17944,17944,Prefer not to say,Swedish
17945,1997-12-02,17945,17945,Non-binary,Spanish
17946,1984-12-29,17946,17946,Female,Japanese
17947,1974-01-01,17947,17947,Male,Thai
17948,1962-02-02,17948,17948,Male,Dutch
17949,2000-04-09,17949,17949,Non-binary,English
17950,1987-10-19,17950,17950,Male,French
17951,1983-08-22,17951,17951,Female,Italian
17952,2000-12-09,17952,17952,Female,Greek
17953,1982-07-17,17953,17953,Prefer not to say,Turkish
17954,1979-05-14,17954,17954,Female,Russian
17955,1971-01-17,17955,17955,Prefer not to say,Mandarin
17956,1963-04-18,17956,17956,Prefer not to say,Greek
17957,2000-02-02,17957,17957,Prefer not to say,Vietnamese
17958,1991-03-17,17958,17958,Prefer not to say,Italian
17959,1979-01-14,17959,17959,Male,Dutch
17960,1978-12-07,17960,17960,Female,Russian
17961,1972-04-02,17961,17961,Male,Turkish
17962,1984-09-22,17962,17962,Non-binary,Korean
17963,1970-04-27,17963,17963,Female,Turkish
17964,1978-10-02,17964,17964,Non-binary,Portuguese
17965,1977-12-05,17965,17965,Prefer not to say,Swedish
17966,1999-12-19,17966,17966,Non-binary,Hindi
17967,1994-12-06,17967,17967,Prefer not to say,Portuguese
17968,1970-04-22,17968,17968,Male,Turkish
17969,1962-06-16,17969,17969,Non-binary,Turkish
17970,1973-07-24,17970,17970,Male,Romanian
17971,1960-05-12,17971,17971,Female,German
17972,1993-01-07,17972,17972,Male,Mandarin
17973,1966-01-19,17973,17973,Prefer not to say,Portuguese
17974,1994-07-29,17974,17974,Non-binary,Dutch
17975,1980-07-17,17975,17975,Female,Arabic
17976,1974-07-27,17976,17976,Non-binary,Mandarin
17977,1967-04-23,17977,17977,Prefer not to say,English
17978,1990-06-01,17978,17978,Non-binary,Thai
17979,1966-09-18,17979,17979,Female,German
17980,1986-06-13,17980,17980,Male,Greek
17981,1972-11-10,17981,17981,Female,Swedish
17982,1977-07-24,17982,17982,Non-binary,Russian
17983,1985-07-02,17983,17983,Male,German
17984,2000-01-11,17984,17984,Male,Portuguese
17985,1965-07-27,17985,17985,Male,Portuguese
17986,1961-03-07,17986,17986,Prefer not to say,Japanese
17987,1973-09-03,17987,17987,Prefer not to say,Swedish
17988,1964-03-31,17988,17988,Prefer not to say,English
17989,1978-09-12,17989,17989,Prefer not to say,Italian
17990,1960-03-12,17990,17990,Male,English
17991,1999-08-25,17991,17991,Prefer not to say,Polish
17992,1987-10-17,17992,17992,Prefer not to say,Dutch
17993,1971-09-23,17993,17993,Non-binary,English
17994,1986-03-02,17994,17994,Non-binary,Dutch
17995,1999-01-22,17995,17995,Male,Polish
17996,1982-05-08,17996,17996,Non-binary,Hindi
17997,1981-09-07,17997,17997,Female,German
17998,1991-01-08,17998,17998,Prefer not to say,Romanian
17999,1980-11-05,17999,17999,Non-binary,Greek
18000,1973-07-20,18000,18000,Prefer not to say,Spanish
18001,1996-10-14,18001,18001,Non-binary,Thai
18002,1973-04-10,18002,18002,Non-binary,English
18003,1976-10-16,18003,18003,Prefer not to say,Dutch
18004,1985-09-08,18004,18004,Female,Thai
18005,1977-04-24,18005,18005,Prefer not to say,Romanian
18006,1976-08-31,18006,18006,Non-binary,Mandarin
18007,1970-12-15,18007,18007,Male,English
18008,1967-09-04,18008,18008,Prefer not to say,Korean
18009,1968-03-17,18009,18009,Prefer not to say,Hindi
18010,1987-09-18,18010,18010,Female,Hindi
18011,1996-04-15,18011,18011,Female,French
18012,1962-03-08,18012,18012,Male,Romanian
18013,1998-05-15,18013,18013,Female,Dutch
18014,1973-01-24,18014,18014,Male,Swedish
18015,1967-09-22,18015,18015,Male,Korean
18016,1983-10-05,18016,18016,Non-binary,Korean
18017,1981-11-24,18017,18017,Female,Russian
18018,1961-07-15,18018,18018,Female,Italian
18019,1981-01-05,18019,18019,Prefer not to say,Russian
18020,1962-09-22,18020,18020,Prefer not to say,Polish
18021,1992-08-20,18021,18021,Male,Polish
18022,1973-04-30,18022,18022,Female,Vietnamese
18023,1964-07-11,18023,18023,Prefer not to say,Thai
18024,1992-01-16,18024,18024,Prefer not to say,German
18025,1984-09-13,18025,18025,Non-binary,Polish
18026,1991-06-20,18026,18026,Male,Italian
18027,1996-02-13,18027,18027,Male,Mandarin
18028,1962-09-22,18028,18028,Male,Japanese
18029,1983-03-07,18029,18029,Female,Romanian
18030,1964-08-07,18030,18030,Non-binary,Thai
18031,1997-09-29,18031,18031,Prefer not to say,German
18032,1962-08-02,18032,18032,Prefer not to say,Greek
18033,1973-12-05,18033,18033,Non-binary,Mandarin
18034,1967-12-14,18034,18034,Non-binary,Italian
18035,1987-07-08,18035,18035,Male,Turkish
18036,1988-07-02,18036,18036,Male,Mandarin
18037,1976-08-04,18037,18037,Female,Vietnamese
18038,1994-08-22,18038,18038,Prefer not to say,Dutch
18039,1983-01-04,18039,18039,Male,Hindi
18040,1982-04-15,18040,18040,Non-binary,Japanese
18041,1967-09-27,18041,18041,Prefer not to say,Spanish
18042,1974-07-23,18042,18042,Prefer not to say,Swedish
18043,1969-11-26,18043,18043,Male,Swedish
18044,1964-08-02,18044,18044,Prefer not to say,Italian
18045,1989-08-17,18045,18045,Prefer not to say,Spanish
18046,1967-06-12,18046,18046,Male,Hindi
18047,1969-04-21,18047,18047,Male,Portuguese
18048,1978-10-01,18048,18048,Male,German
18049,1998-05-12,18049,18049,Male,Polish
18050,2000-01-08,18050,18050,Female,German
18051,1997-11-05,18051,18051,Prefer not to say,Hindi
18052,1993-04-19,18052,18052,Female,Romanian
18053,1983-11-10,18053,18053,Non-binary,Turkish
18054,1971-10-19,18054,18054,Non-binary,Mandarin
18055,1994-07-28,18055,18055,Male,Japanese
18056,1966-07-20,18056,18056,Female,Russian
18057,1984-06-06,18057,18057,Female,Arabic
18058,1981-08-31,18058,18058,Prefer not to say,Russian
18059,1964-09-09,18059,18059,Prefer not to say,Polish
18060,1974-11-14,18060,18060,Male,Vietnamese
18061,1967-03-22,18061,18061,Prefer not to say,Turkish
18062,1985-09-05,18062,18062,Female,Korean
18063,1990-08-06,18063,18063,Non-binary,Swedish
18064,1988-12-14,18064,18064,Female,Portuguese
18065,1993-09-28,18065,18065,Prefer not to say,Russian
18066,1972-06-16,18066,18066,Prefer not to say,English
18067,1979-06-23,18067,18067,Non-binary,Polish
18068,1985-12-04,18068,18068,Female,Korean
18069,1992-05-09,18069,18069,Prefer not to say,Dutch
18070,1967-11-13,18070,18070,Non-binary,Thai
18071,1970-02-12,18071,18071,Prefer not to say,Thai
18072,1998-04-04,18072,18072,Female,Greek
18073,1964-02-29,18073,18073,Prefer not to say,Greek
18074,1969-02-14,18074,18074,Non-binary,Romanian
18075,1986-05-17,18075,18075,Male,Italian
18076,1986-12-16,18076,18076,Non-binary,Greek
18077,1987-03-16,18077,18077,Male,Japanese
18078,1995-09-01,18078,18078,Female,German
18079,1977-12-23,18079,18079,Female,Japanese
18080,1984-01-08,18080,18080,Male,Romanian
18081,1967-07-20,18081,18081,Non-binary,German
18082,1976-05-15,18082,18082,Prefer not to say,English
18083,1971-02-13,18083,18083,Male,Greek
18084,1973-12-12,18084,18084,Female,Arabic
18085,1965-02-23,18085,18085,Female,Mandarin
18086,1988-06-20,18086,18086,Male,Dutch
18087,1974-04-27,18087,18087,Male,Swedish
18088,1994-06-23,18088,18088,Male,Polish
18089,1964-10-23,18089,18089,Female,Korean
18090,1999-10-01,18090,18090,Male,Italian
18091,1988-10-05,18091,18091,Female,Romanian
18092,1976-01-30,18092,18092,Prefer not to say,Vietnamese
18093,1973-09-29,18093,18093,Prefer not to say,Dutch
18094,1986-12-10,18094,18094,Female,Romanian
18095,1978-06-16,18095,18095,Prefer not to say,Swedish
18096,1981-08-04,18096,18096,Prefer not to say,Portuguese
18097,1971-06-04,18097,18097,Prefer not to say,German
18098,1982-07-17,18098,18098,Prefer not to say,Thai
18099,1977-12-14,18099,18099,Non-binary,Swedish
18100,1984-08-14,18100,18100,Non-binary,Polish
18101,1964-10-12,18101,18101,Prefer not to say,Portuguese
18102,1979-04-01,18102,18102,Prefer not to say,Greek
18103,1964-12-12,18103,18103,Female,French
18104,1973-10-17,18104,18104,Non-binary,Portuguese
18105,1969-09-06,18105,18105,Male,Spanish
18106,1972-12-26,18106,18106,Female,Arabic
18107,1996-01-07,18107,18107,Male,Polish
18108,1961-01-03,18108,18108,Non-binary,French
18109,1984-04-15,18109,18109,Male,Dutch
18110,1975-05-11,18110,18110,Non-binary,Vietnamese
18111,1969-05-09,18111,18111,Female,Mandarin
18112,1975-10-05,18112,18112,Non-binary,Spanish
18113,1989-05-10,18113,18113,Non-binary,Korean
18114,1971-02-10,18114,18114,Male,Arabic
18115,1970-09-01,18115,18115,Non-binary,French
18116,1994-09-15,18116,18116,Prefer not to say,Spanish
18117,1975-03-15,18117,18117,Male,Polish
18118,1977-12-25,18118,18118,Prefer not to say,Hindi
18119,1996-02-02,18119,18119,Female,Polish
18120,1996-08-07,18120,18120,Male,Portuguese
18121,1983-12-11,18121,18121,Male,Vietnamese
18122,1991-02-21,18122,18122,Prefer not to say,Romanian
18123,1982-01-17,18123,18123,Male,Hindi
18124,1967-12-21,18124,18124,Prefer not to say,German
18125,1966-03-30,18125,18125,Non-binary,Russian
18126,1988-05-29,18126,18126,Male,Spanish
18127,2000-12-01,18127,18127,Prefer not to say,Italian
18128,1963-02-06,18128,18128,Prefer not to say,Vietnamese
18129,1981-06-07,18129,18129,Non-binary,Russian
18130,1997-05-07,18130,18130,Male,Korean
18131,1979-03-24,18131,18131,Prefer not to say,Spanish
18132,1991-12-26,18132,18132,Prefer not to say,Dutch
18133,1960-01-03,18133,18133,Female,Russian
18134,1980-07-26,18134,18134,Non-binary,Vietnamese
18135,1998-11-13,18135,18135,Male,Thai
18136,1988-09-12,18136,18136,Male,Hindi
18137,1982-06-19,18137,18137,Prefer not to say,Romanian
18138,1960-05-02,18138,18138,Male,Portuguese
18139,1962-03-25,18139,18139,Non-binary,Swedish
18140,1979-11-12,18140,18140,Male,Thai
18141,2000-09-20,18141,18141,Non-binary,Dutch
18142,1971-04-26,18142,18142,Male,Portuguese
18143,1981-05-10,18143,18143,Female,Italian
18144,1972-12-22,18144,18144,Female,Italian
18145,1968-06-21,18145,18145,Male,Portuguese
18146,1974-03-20,18146,18146,Female,French
18147,1998-03-31,18147,18147,Non-binary,Korean
18148,1995-10-26,18148,18148,Prefer not to say,Vietnamese
18149,1988-03-24,18149,18149,Female,Vietnamese
18150,1964-12-31,18150,18150,Non-binary,Korean
18151,1983-07-19,18151,18151,Female,Polish
18152,1986-02-15,18152,18152,Male,Japanese
18153,1965-01-22,18153,18153,Male,English
18154,1970-06-22,18154,18154,Female,Vietnamese
18155,1993-01-01,18155,18155,Prefer not to say,Swedish
18156,1974-10-20,18156,18156,Male,Korean
18157,1961-02-14,18157,18157,Female,Greek
18158,1977-06-14,18158,18158,Male,Thai
18159,1964-08-07,18159,18159,Female,Korean
18160,1974-12-21,18160,18160,Male,Dutch
18161,1974-07-22,18161,18161,Prefer not to say,German
18162,1987-12-27,18162,18162,Female,Mandarin
18163,1994-07-18,18163,18163,Male,Polish
18164,1993-01-06,18164,18164,Non-binary,Swedish
18165,1985-03-29,18165,18165,Male,Japanese
18166,1965-04-22,18166,18166,Female,Mandarin
18167,1970-07-31,18167,18167,Female,Russian
18168,1966-06-06,18168,18168,Prefer not to say,Russian
18169,1980-07-05,18169,18169,Non-binary,Korean
18170,1976-09-24,18170,18170,Female,German
18171,1969-04-03,18171,18171,Non-binary,Greek
18172,1980-05-06,18172,18172,Female,Korean
18173,1985-04-15,18173,18173,Male,Italian
18174,1989-09-28,18174,18174,Non-binary,Dutch
18175,1968-04-25,18175,18175,Prefer not to say,Hindi
18176,1968-05-15,18176,18176,Female,Arabic
18177,1960-01-17,18177,18177,Female,Italian
18178,1976-04-13,18178,18178,Non-binary,Dutch
18179,1974-07-08,18179,18179,Male,Thai
18180,1975-06-13,18180,18180,Prefer not to say,Thai
18181,1983-07-03,18181,18181,Female,Vietnamese
18182,1994-01-13,18182,18182,Non-binary,Russian
18183,1996-01-31,18183,18183,Female,Hindi
18184,1970-02-15,18184,18184,Non-binary,Swedish
18185,1995-11-30,18185,18185,Non-binary,Portuguese
18186,1980-02-05,18186,18186,Non-binary,Vietnamese
18187,1995-06-04,18187,18187,Non-binary,Romanian
18188,1962-08-29,18188,18188,Female,Japanese
18189,1984-03-26,18189,18189,Non-binary,Russian
18190,1975-05-13,18190,18190,Female,Romanian
18191,1966-01-31,18191,18191,Non-binary,German
18192,2000-09-09,18192,18192,Prefer not to say,Korean
18193,1970-05-05,18193,18193,Male,Portuguese
18194,1990-07-18,18194,18194,Female,Swedish
18195,1976-05-07,18195,18195,Male,Japanese
18196,1999-01-26,18196,18196,Male,Turkish
18197,1982-03-30,18197,18197,Female,English
18198,1979-04-18,18198,18198,Non-binary,Hindi
18199,1990-02-27,18199,18199,Male,Hindi
18200,1975-11-30,18200,18200,Non-binary,Japanese
18201,1996-09-30,18201,18201,Prefer not to say,Mandarin
18202,1967-05-30,18202,18202,Non-binary,Vietnamese
18203,1970-09-14,18203,18203,Male,Japanese
18204,1970-08-31,18204,18204,Prefer not to say,Vietnamese
18205,1981-08-02,18205,18205,Male,Japanese
18206,1984-12-09,18206,18206,Female,Dutch
18207,1960-09-01,18207,18207,Non-binary,German
18208,1997-03-10,18208,18208,Prefer not to say,Arabic
18209,1983-07-22,18209,18209,Male,Greek
18210,1994-05-22,18210,18210,Male,French
18211,1976-03-01,18211,18211,Non-binary,English
18212,1993-12-03,18212,18212,Female,Italian
18213,1974-11-05,18213,18213,Male,Greek
18214,1993-12-03,18214,18214,Male,French
18215,1970-12-24,18215,18215,Prefer not to say,English
18216,1985-02-12,18216,18216,Male,Russian
18217,1964-11-25,18217,18217,Male,Turkish
18218,1988-03-13,18218,18218,Male,Hindi
18219,1997-10-12,18219,18219,Prefer not to say,Swedish
18220,1973-06-06,18220,18220,Non-binary,Russian
18221,1977-02-15,18221,18221,Prefer not to say,Dutch
18222,1980-08-31,18222,18222,Prefer not to say,Vietnamese
18223,1994-04-04,18223,18223,Prefer not to say,Japanese
18224,1984-08-14,18224,18224,Male,English
18225,1971-11-21,18225,18225,Prefer not to say,Swedish
18226,1972-09-23,18226,18226,Non-binary,Hindi
18227,1973-10-23,18227,18227,Female,Vietnamese
18228,1996-07-01,18228,18228,Non-binary,Swedish
18229,1986-04-23,18229,18229,Female,Arabic
18230,1981-08-02,18230,18230,Male,Spanish
18231,1980-06-30,18231,18231,Female,Russian
18232,1971-03-22,18232,18232,Female,Spanish
18233,1962-03-17,18233,18233,Non-binary,Spanish
18234,2000-03-28,18234,18234,Female,Arabic
18235,1985-03-12,18235,18235,Prefer not to say,Hindi
18236,2000-12-22,18236,18236,Prefer not to say,Italian
18237,1969-04-21,18237,18237,Prefer not to say,Romanian
18238,1996-12-23,18238,18238,Male,Japanese
18239,1963-03-28,18239,18239,Non-binary,Arabic
18240,1984-09-27,18240,18240,Non-binary,Swedish
18241,1996-03-29,18241,18241,Non-binary,Turkish
18242,1961-04-13,18242,18242,Male,Japanese
18243,1980-08-27,18243,18243,Male,Polish
18244,1976-09-16,18244,18244,Non-binary,Hindi
18245,1989-04-24,18245,18245,Female,Arabic
18246,1975-08-22,18246,18246,Non-binary,Thai
18247,1967-12-27,18247,18247,Prefer not to say,Swedish
18248,1984-02-03,18248,18248,Non-binary,Portuguese
18249,1979-04-03,18249,18249,Non-binary,Romanian
18250,1961-04-13,18250,18250,Non-binary,Japanese
18251,1992-12-26,18251,18251,Male,Vietnamese
18252,1979-12-11,18252,18252,Prefer not to say,Thai
18253,1965-12-31,18253,18253,Female,Thai
18254,1979-06-19,18254,18254,Prefer not to say,Arabic
18255,1990-10-07,18255,18255,Female,German
18256,1967-10-22,18256,18256,Female,Turkish
18257,1971-08-14,18257,18257,Female,Dutch
18258,1975-06-17,18258,18258,Female,Dutch
18259,1974-02-27,18259,18259,Prefer not to say,Swedish
18260,1989-12-11,18260,18260,Female,German
18261,1991-08-29,18261,18261,Male,Korean
18262,1984-11-09,18262,18262,Prefer not to say,Japanese
18263,1980-12-16,18263,18263,Male,Russian
18264,1990-11-28,18264,18264,Prefer not to say,Thai
18265,1986-10-04,18265,18265,Prefer not to say,Hindi
18266,1963-07-02,18266,18266,Non-binary,Polish
18267,1976-10-22,18267,18267,Female,Polish
18268,1992-05-07,18268,18268,Non-binary,Hindi
18269,1976-01-12,18269,18269,Non-binary,Spanish
18270,1977-08-24,18270,18270,Female,Portuguese
18271,1963-04-25,18271,18271,Prefer not to say,French
18272,1993-07-02,18272,18272,Prefer not to say,Mandarin
18273,1968-10-31,18273,18273,Prefer not to say,Japanese
18274,1985-03-08,18274,18274,Prefer not to say,Russian
18275,1979-11-01,18275,18275,Prefer not to say,Arabic
18276,1993-01-22,18276,18276,Prefer not to say,Mandarin
18277,1971-07-05,18277,18277,Male,Greek
18278,1980-08-25,18278,18278,Male,Hindi
18279,1972-04-12,18279,18279,Male,Hindi
18280,1993-05-06,18280,18280,Female,Greek
18281,1993-11-11,18281,18281,Prefer not to say,Greek
18282,1998-12-19,18282,18282,Prefer not to say,Polish
18283,1992-10-29,18283,18283,Non-binary,Romanian
18284,1962-05-02,18284,18284,Non-binary,English
18285,2000-05-30,18285,18285,Non-binary,Swedish
18286,1989-07-09,18286,18286,Prefer not to say,English
18287,1991-05-05,18287,18287,Male,Greek
18288,1986-12-19,18288,18288,Non-binary,French
18289,1971-12-07,18289,18289,Male,Greek
18290,1981-12-09,18290,18290,Prefer not to say,Portuguese
18291,1968-11-26,18291,18291,Female,Arabic
18292,1967-03-20,18292,18292,Female,Japanese
18293,1998-10-11,18293,18293,Female,Korean
18294,1966-10-02,18294,18294,Prefer not to say,Turkish
18295,2000-07-19,18295,18295,Non-binary,Arabic
18296,1991-10-21,18296,18296,Non-binary,Swedish
18297,1984-03-01,18297,18297,Male,Italian
18298,1995-07-12,18298,18298,Male,French
18299,1993-02-15,18299,18299,Non-binary,Mandarin
18300,1969-02-05,18300,18300,Female,Polish
18301,1972-03-02,18301,18301,Male,Arabic
18302,1992-01-27,18302,18302,Prefer not to say,French
18303,1970-02-08,18303,18303,Non-binary,Turkish
18304,1991-11-22,18304,18304,Male,Portuguese
18305,1970-08-11,18305,18305,Male,Mandarin
18306,1983-02-18,18306,18306,Male,Swedish
18307,1971-01-09,18307,18307,Non-binary,Italian
18308,1960-12-13,18308,18308,Non-binary,Romanian
18309,1963-05-11,18309,18309,Prefer not to say,Japanese
18310,1991-02-19,18310,18310,Prefer not to say,Polish
18311,1980-03-25,18311,18311,Female,Thai
18312,1980-06-28,18312,18312,Male,Japanese
18313,1977-01-19,18313,18313,Non-binary,English
18314,1985-01-12,18314,18314,Prefer not to say,Polish
18315,1992-09-27,18315,18315,Female,Korean
18316,1973-03-21,18316,18316,Female,Thai
18317,1968-03-22,18317,18317,Non-binary,French
18318,1988-04-17,18318,18318,Prefer not to say,Arabic
18319,1972-07-13,18319,18319,Male,Spanish
18320,1995-01-03,18320,18320,Prefer not to say,Italian
18321,1981-11-11,18321,18321,Prefer not to say,Swedish
18322,1986-05-16,18322,18322,Female,Mandarin
18323,1983-01-07,18323,18323,Male,Japanese
18324,1988-01-21,18324,18324,Prefer not to say,Arabic
18325,1988-01-08,18325,18325,Female,German
18326,1982-01-14,18326,18326,Non-binary,Turkish
18327,1980-12-19,18327,18327,Non-binary,Mandarin
18328,1967-11-14,18328,18328,Female,English
18329,1978-03-09,18329,18329,Female,Turkish
18330,1991-10-31,18330,18330,Female,Dutch
18331,1977-02-02,18331,18331,Male,French
18332,1964-03-23,18332,18332,Non-binary,Turkish
18333,1976-01-28,18333,18333,Male,English
18334,1998-04-29,18334,18334,Prefer not to say,Korean
18335,1978-09-05,18335,18335,Non-binary,Hindi
18336,1975-09-21,18336,18336,Prefer not to say,Spanish
18337,1989-11-22,18337,18337,Male,Russian
18338,1962-10-29,18338,18338,Non-binary,Dutch
18339,1996-06-17,18339,18339,Prefer not to say,German
18340,1975-12-31,18340,18340,Female,Dutch
18341,1965-06-13,18341,18341,Female,Romanian
18342,1967-08-24,18342,18342,Female,Dutch
18343,1969-03-30,18343,18343,Non-binary,Spanish
18344,1966-09-10,18344,18344,Non-binary,Greek
18345,1976-06-07,18345,18345,Male,English
18346,2000-01-18,18346,18346,Female,Hindi
18347,2000-03-21,18347,18347,Female,English
18348,1968-11-20,18348,18348,Male,Italian
18349,1966-07-29,18349,18349,Prefer not to say,Spanish
18350,1997-08-01,18350,18350,Non-binary,German
18351,1970-07-14,18351,18351,Prefer not to say,Portuguese
18352,1991-08-19,18352,18352,Male,Japanese
18353,1994-04-08,18353,18353,Female,Hindi
18354,1976-03-17,18354,18354,Non-binary,Romanian
18355,1970-09-17,18355,18355,Prefer not to say,English
18356,1960-08-23,18356,18356,Male,Swedish
18357,1986-03-14,18357,18357,Male,Romanian
18358,1976-08-01,18358,18358,Male,Japanese
18359,1976-11-24,18359,18359,Non-binary,Greek
18360,1966-01-14,18360,18360,Non-binary,Romanian
18361,1963-01-21,18361,18361,Prefer not to say,French
18362,1986-03-09,18362,18362,Prefer not to say,German
18363,1981-03-18,18363,18363,Female,English
18364,1987-07-08,18364,18364,Prefer not to say,Japanese
18365,1984-06-02,18365,18365,Male,Italian
18366,1964-11-09,18366,18366,Female,Russian
18367,1972-09-26,18367,18367,Prefer not to say,Turkish
18368,1966-07-05,18368,18368,Non-binary,German
18369,1995-02-07,18369,18369,Female,Romanian
18370,1991-12-26,18370,18370,Non-binary,Hindi
18371,1967-09-09,18371,18371,Prefer not to say,German
18372,1985-01-16,18372,18372,Prefer not to say,English
18373,1988-06-13,18373,18373,Male,Greek
18374,1989-02-25,18374,18374,Male,English
18375,1988-10-03,18375,18375,Prefer not to say,Vietnamese
18376,1999-04-22,18376,18376,Female,Japanese
18377,1973-03-24,18377,18377,Male,Romanian
18378,1985-04-20,18378,18378,Male,Vietnamese
18379,1963-11-09,18379,18379,Prefer not to say,Turkish
18380,1993-09-18,18380,18380,Male,German
18381,1974-08-22,18381,18381,Female,Mandarin
18382,1979-01-26,18382,18382,Prefer not to say,Greek
18383,1984-01-07,18383,18383,Non-binary,French
18384,1989-09-22,18384,18384,Prefer not to say,Dutch
18385,1990-05-27,18385,18385,Male,Vietnamese
18386,1991-11-05,18386,18386,Female,Mandarin
18387,1999-09-17,18387,18387,Male,Polish
18388,1973-11-24,18388,18388,Prefer not to say,Italian
18389,1983-07-26,18389,18389,Non-binary,Polish
18390,1976-02-21,18390,18390,Female,English
18391,1995-04-02,18391,18391,Non-binary,Turkish
18392,1984-05-07,18392,18392,Prefer not to say,Hindi
18393,1970-09-28,18393,18393,Prefer not to say,Polish
18394,1979-08-27,18394,18394,Female,Romanian
18395,1995-05-18,18395,18395,Female,Russian
18396,1986-04-23,18396,18396,Male,Turkish
18397,1971-06-11,18397,18397,Female,Vietnamese
18398,1972-05-21,18398,18398,Non-binary,Dutch
18399,1978-04-13,18399,18399,Prefer not to say,French
18400,1982-04-21,18400,18400,Non-binary,English
18401,1966-02-03,18401,18401,Male,German
18402,1966-08-30,18402,18402,Prefer not to say,German
18403,1978-02-06,18403,18403,Male,Turkish
18404,1986-02-19,18404,18404,Female,Spanish
18405,1999-11-13,18405,18405,Non-binary,Mandarin
18406,1999-09-14,18406,18406,Female,Greek
18407,1986-11-27,18407,18407,Female,Dutch
18408,1968-08-10,18408,18408,Male,Hindi
18409,2000-12-09,18409,18409,Male,Greek
18410,1980-02-12,18410,18410,Prefer not to say,Greek
18411,1967-12-27,18411,18411,Male,Hindi
18412,1963-08-04,18412,18412,Female,Swedish
18413,1998-04-17,18413,18413,Non-binary,Polish
18414,1966-07-03,18414,18414,Non-binary,Japanese
18415,1962-05-17,18415,18415,Male,Korean
18416,1995-01-26,18416,18416,Non-binary,Korean
18417,1976-07-16,18417,18417,Female,Japanese
18418,1992-03-23,18418,18418,Prefer not to say,Polish
18419,1981-12-11,18419,18419,Female,English
18420,1977-06-08,18420,18420,Female,Russian
18421,1993-09-05,18421,18421,Non-binary,Thai
18422,1995-10-19,18422,18422,Male,English
18423,1967-11-03,18423,18423,Prefer not to say,Portuguese
18424,1988-02-25,18424,18424,Prefer not to say,Thai
18425,1983-08-26,18425,18425,Male,Vietnamese
18426,1961-04-14,18426,18426,Male,Mandarin
18427,1985-01-10,18427,18427,Female,Italian
18428,1989-06-09,18428,18428,Male,Arabic
18429,1985-08-24,18429,18429,Female,Romanian
18430,1970-07-13,18430,18430,Female,Hindi
18431,1977-02-24,18431,18431,Prefer not to say,German
18432,1991-03-09,18432,18432,Male,Vietnamese
18433,1983-06-12,18433,18433,Male,Mandarin
18434,1967-12-13,18434,18434,Non-binary,French
18435,1995-10-05,18435,18435,Non-binary,Swedish
18436,1978-05-17,18436,18436,Female,Dutch
18437,1980-08-12,18437,18437,Non-binary,Portuguese
18438,1981-09-28,18438,18438,Female,Greek
18439,1991-05-06,18439,18439,Non-binary,Dutch
18440,1965-09-12,18440,18440,Prefer not to say,Portuguese
18441,1962-03-06,18441,18441,Female,Swedish
18442,1995-01-17,18442,18442,Female,Romanian
18443,1996-01-16,18443,18443,Prefer not to say,Italian
18444,1965-01-27,18444,18444,Male,Korean
18445,1988-11-26,18445,18445,Prefer not to say,German
18446,1999-07-16,18446,18446,Female,German
18447,1999-01-31,18447,18447,Male,Romanian
18448,1976-08-02,18448,18448,Female,Greek
18449,1994-12-27,18449,18449,Non-binary,Arabic
18450,1972-09-24,18450,18450,Prefer not to say,Dutch
18451,1962-03-25,18451,18451,Male,French
18452,1973-09-11,18452,18452,Prefer not to say,Portuguese
18453,1965-05-26,18453,18453,Female,Italian
18454,1963-12-18,18454,18454,Prefer not to say,Mandarin
18455,2000-05-20,18455,18455,Female,Thai
18456,1983-01-18,18456,18456,Female,German
18457,1978-01-17,18457,18457,Female,Polish
18458,1975-11-07,18458,18458,Male,Romanian
18459,1982-05-27,18459,18459,Female,Spanish
18460,1965-07-19,18460,18460,Non-binary,Russian
18461,1993-11-24,18461,18461,Female,Arabic
18462,1978-12-24,18462,18462,Prefer not to say,Hindi
18463,1977-10-11,18463,18463,Prefer not to say,Thai
18464,1975-11-02,18464,18464,Non-binary,Japanese
18465,1979-04-23,18465,18465,Non-binary,Turkish
18466,1967-07-25,18466,18466,Male,Greek
18467,1980-05-27,18467,18467,Female,French
18468,1996-09-10,18468,18468,Prefer not to say,Arabic
18469,1978-05-15,18469,18469,Male,Turkish
18470,1984-04-06,18470,18470,Male,Russian
18471,1992-01-18,18471,18471,Male,Arabic
18472,1991-10-20,18472,18472,Non-binary,Portuguese
18473,1980-05-09,18473,18473,Non-binary,Dutch
18474,1962-11-26,18474,18474,Non-binary,Portuguese
18475,1967-11-09,18475,18475,Male,Arabic
18476,1978-08-17,18476,18476,Prefer not to say,Vietnamese
18477,1966-10-08,18477,18477,Non-binary,Hindi
18478,1963-04-15,18478,18478,Non-binary,Spanish
18479,1999-02-04,18479,18479,Non-binary,French
18480,1989-01-01,18480,18480,Male,Romanian
18481,1987-09-27,18481,18481,Non-binary,Polish
18482,1960-02-10,18482,18482,Female,French
18483,1998-04-10,18483,18483,Prefer not to say,Mandarin
18484,1976-06-25,18484,18484,Female,Japanese
18485,1977-07-09,18485,18485,Male,Romanian
18486,1995-02-21,18486,18486,Male,Polish
18487,1988-10-29,18487,18487,Female,Dutch
18488,1991-11-25,18488,18488,Prefer not to say,Dutch
18489,1994-09-06,18489,18489,Male,Spanish
18490,1969-10-15,18490,18490,Prefer not to say,Dutch
18491,1986-06-29,18491,18491,Non-binary,English
18492,1976-04-21,18492,18492,Non-binary,Portuguese
18493,1996-01-02,18493,18493,Female,Portuguese
18494,1963-11-06,18494,18494,Non-binary,German
18495,1985-05-24,18495,18495,Prefer not to say,Romanian
18496,1981-11-14,18496,18496,Non-binary,Romanian
18497,1961-01-09,18497,18497,Female,Thai
18498,1999-07-13,18498,18498,Prefer not to say,French
18499,1997-01-12,18499,18499,Female,English
18500,1995-09-25,18500,18500,Female,Mandarin
18501,1968-08-21,18501,18501,Prefer not to say,Japanese
18502,1960-04-01,18502,18502,Prefer not to say,Portuguese
18503,1987-06-12,18503,18503,Male,Polish
18504,1991-04-13,18504,18504,Prefer not to say,Mandarin
18505,1975-10-25,18505,18505,Female,Italian
18506,1967-10-26,18506,18506,Male,Arabic
18507,1981-11-23,18507,18507,Non-binary,French
18508,1998-01-12,18508,18508,Prefer not to say,Mandarin
18509,1965-05-16,18509,18509,Female,Spanish
18510,1995-12-27,18510,18510,Prefer not to say,Hindi
18511,1966-08-24,18511,18511,Female,Portuguese
18512,1982-09-08,18512,18512,Prefer not to say,Swedish
18513,1973-08-21,18513,18513,Male,Polish
18514,1978-08-30,18514,18514,Non-binary,Turkish
18515,1986-01-30,18515,18515,Prefer not to say,Romanian
18516,1974-07-26,18516,18516,Prefer not to say,Portuguese
18517,2000-08-28,18517,18517,Male,Korean
18518,1970-04-25,18518,18518,Female,French
18519,1968-12-25,18519,18519,Prefer not to say,Thai
18520,1977-05-10,18520,18520,Non-binary,Turkish
18521,1991-11-02,18521,18521,Male,Russian
18522,1990-10-06,18522,18522,Male,Dutch
18523,1998-12-11,18523,18523,Prefer not to say,Romanian
18524,2000-03-14,18524,18524,Female,Japanese
18525,2000-04-26,18525,18525,Prefer not to say,Portuguese
18526,1986-12-20,18526,18526,Prefer not to say,French
18527,1977-03-17,18527,18527,Non-binary,Hindi
18528,1995-02-18,18528,18528,Female,Japanese
18529,1964-05-13,18529,18529,Non-binary,French
18530,1962-09-07,18530,18530,Male,Vietnamese
18531,1962-03-10,18531,18531,Female,English
18532,1991-02-10,18532,18532,Non-binary,Turkish
18533,1998-08-09,18533,18533,Non-binary,French
18534,1980-04-17,18534,18534,Prefer not to say,Korean
18535,1968-12-16,18535,18535,Male,Dutch
18536,1965-06-22,18536,18536,Non-binary,Mandarin
18537,2000-08-14,18537,18537,Non-binary,Mandarin
18538,1972-08-08,18538,18538,Male,Korean
18539,1985-12-15,18539,18539,Male,Italian
18540,1997-04-22,18540,18540,Prefer not to say,Arabic
18541,1987-04-09,18541,18541,Male,English
18542,1967-06-06,18542,18542,Male,Korean
18543,1970-08-08,18543,18543,Prefer not to say,Arabic
18544,1986-06-10,18544,18544,Female,Dutch
18545,1965-09-22,18545,18545,Non-binary,Spanish
18546,1992-06-28,18546,18546,Female,Italian
18547,1990-04-11,18547,18547,Prefer not to say,German
18548,1981-01-04,18548,18548,Male,Romanian
18549,1980-01-31,18549,18549,Male,Swedish
18550,1991-04-28,18550,18550,Female,Swedish
18551,1978-12-02,18551,18551,Non-binary,Swedish
18552,1961-09-02,18552,18552,Male,French
18553,1991-12-18,18553,18553,Female,Polish
18554,1983-05-30,18554,18554,Female,Greek
18555,2000-10-27,18555,18555,Prefer not to say,English
18556,1970-12-26,18556,18556,Female,German
18557,1993-12-28,18557,18557,Male,Russian
18558,1978-06-04,18558,18558,Female,Italian
18559,1982-11-08,18559,18559,Male,Turkish
18560,1968-05-30,18560,18560,Prefer not to say,English
18561,1971-07-24,18561,18561,Male,French
18562,1970-11-24,18562,18562,Non-binary,Greek
18563,1994-03-12,18563,18563,Prefer not to say,Mandarin
18564,1974-10-19,18564,18564,Prefer not to say,Mandarin
18565,1976-11-28,18565,18565,Non-binary,Thai
18566,1978-07-26,18566,18566,Prefer not to say,Italian
18567,1986-01-08,18567,18567,Female,Romanian
18568,1996-01-17,18568,18568,Prefer not to say,Greek
18569,1967-11-19,18569,18569,Male,Romanian
18570,1985-06-22,18570,18570,Prefer not to say,Japanese
18571,1981-02-06,18571,18571,Non-binary,Spanish
18572,1994-05-02,18572,18572,Non-binary,Turkish
18573,1986-09-16,18573,18573,Female,Swedish
18574,1977-10-31,18574,18574,Male,French
18575,1967-01-27,18575,18575,Female,Polish
18576,1975-12-13,18576,18576,Non-binary,Polish
18577,2000-12-22,18577,18577,Prefer not to say,French
18578,1966-08-18,18578,18578,Male,German
18579,1983-12-13,18579,18579,Prefer not to say,French
18580,1973-10-08,18580,18580,Male,Swedish
18581,1977-12-17,18581,18581,Non-binary,Thai
18582,1993-09-01,18582,18582,Female,Dutch
18583,1992-05-13,18583,18583,Female,German
18584,1997-02-10,18584,18584,Non-binary,Mandarin
18585,1964-03-23,18585,18585,Non-binary,Hindi
18586,1964-02-06,18586,18586,Female,Hindi
18587,1978-05-31,18587,18587,Male,Turkish
18588,1989-06-22,18588,18588,Female,Greek
18589,1984-04-06,18589,18589,Female,Romanian
18590,1968-12-23,18590,18590,Non-binary,Hindi
18591,1968-04-05,18591,18591,Male,French
18592,1976-03-05,18592,18592,Male,Japanese
18593,1964-11-22,18593,18593,Non-binary,Vietnamese
18594,1982-04-10,18594,18594,Male,German
18595,1999-12-01,18595,18595,Non-binary,Romanian
18596,1963-07-06,18596,18596,Prefer not to say,Thai
18597,1997-11-03,18597,18597,Female,Italian
18598,1993-05-06,18598,18598,Female,Russian
18599,1991-02-05,18599,18599,Male,Swedish
18600,1984-09-02,18600,18600,Male,Japanese
18601,1974-04-10,18601,18601,Female,English
18602,1983-01-25,18602,18602,Male,Arabic
18603,1988-10-28,18603,18603,Male,Arabic
18604,1972-10-08,18604,18604,Non-binary,Vietnamese
18605,1991-01-25,18605,18605,Female,Swedish
18606,1960-07-03,18606,18606,Prefer not to say,Korean
18607,1977-12-09,18607,18607,Male,Spanish
18608,1980-03-29,18608,18608,Non-binary,Spanish
18609,1975-10-16,18609,18609,Non-binary,Russian
18610,1985-01-11,18610,18610,Male,Romanian
18611,1984-12-14,18611,18611,Prefer not to say,Hindi
18612,1963-05-05,18612,18612,Non-binary,Portuguese
18613,1966-11-21,18613,18613,Female,Swedish
18614,1970-05-22,18614,18614,Prefer not to say,Russian
18615,1989-09-04,18615,18615,Non-binary,Spanish
18616,1960-07-10,18616,18616,Female,Dutch
18617,1967-02-22,18617,18617,Male,Greek
18618,1985-09-14,18618,18618,Male,German
18619,1987-01-09,18619,18619,Female,Hindi
18620,1999-08-21,18620,18620,Non-binary,Greek
18621,1964-04-09,18621,18621,Female,Arabic
18622,1973-06-06,18622,18622,Non-binary,Mandarin
18623,1976-05-19,18623,18623,Male,Mandarin
18624,1994-01-19,18624,18624,Non-binary,Greek
18625,1982-01-24,18625,18625,Non-binary,Japanese
18626,1961-06-01,18626,18626,Female,Arabic
18627,1991-11-29,18627,18627,Prefer not to say,German
18628,1974-12-04,18628,18628,Male,Spanish
18629,1991-01-29,18629,18629,Female,German
18630,1977-03-05,18630,18630,Male,Korean
18631,1983-06-07,18631,18631,Prefer not to say,Russian
18632,1980-07-26,18632,18632,Prefer not to say,Portuguese
18633,1996-11-27,18633,18633,Non-binary,Turkish
18634,1993-08-24,18634,18634,Female,English
18635,1990-04-26,18635,18635,Female,Russian
18636,1980-10-07,18636,18636,Prefer not to say,Portuguese
18637,1961-12-04,18637,18637,Female,Polish
18638,1966-11-21,18638,18638,Female,French
18639,1991-11-19,18639,18639,Prefer not to say,Romanian
18640,1978-01-27,18640,18640,Female,French
18641,1979-07-27,18641,18641,Male,Hindi
18642,1962-05-09,18642,18642,Female,Greek
18643,1961-06-21,18643,18643,Male,Arabic
18644,1979-11-07,18644,18644,Male,Italian
18645,1972-03-21,18645,18645,Male,German
18646,1988-12-29,18646,18646,Female,Polish
18647,1967-02-24,18647,18647,Prefer not to say,Russian
18648,1995-06-17,18648,18648,Male,Mandarin
18649,1976-08-01,18649,18649,Prefer not to say,Korean
18650,1973-02-25,18650,18650,Non-binary,Italian
18651,1964-10-25,18651,18651,Female,Vietnamese
18652,1971-08-13,18652,18652,Female,Vietnamese
18653,1965-02-01,18653,18653,Female,Greek
18654,1974-04-16,18654,18654,Male,Italian
18655,1981-10-04,18655,18655,Prefer not to say,Italian
18656,1982-03-09,18656,18656,Male,Russian
18657,1992-12-06,18657,18657,Male,English
18658,1968-03-05,18658,18658,Prefer not to say,Polish
18659,1983-08-04,18659,18659,Prefer not to say,Hindi
18660,2000-04-18,18660,18660,Male,Spanish
18661,1984-02-18,18661,18661,Male,German
18662,1967-05-13,18662,18662,Female,Greek
18663,1969-04-05,18663,18663,Non-binary,Mandarin
18664,2000-08-14,18664,18664,Male,Dutch
18665,1974-04-13,18665,18665,Male,Swedish
18666,1977-11-14,18666,18666,Female,Portuguese
18667,1965-05-13,18667,18667,Non-binary,Russian
18668,1967-04-19,18668,18668,Non-binary,Japanese
18669,1980-04-07,18669,18669,Prefer not to say,Mandarin
18670,1997-08-09,18670,18670,Prefer not to say,Vietnamese
18671,1990-02-18,18671,18671,Female,Dutch
18672,1978-09-07,18672,18672,Female,Polish
18673,1967-03-21,18673,18673,Male,Russian
18674,1972-04-26,18674,18674,Non-binary,Vietnamese
18675,1977-11-09,18675,18675,Female,Portuguese
18676,1992-10-21,18676,18676,Prefer not to say,Hindi
18677,1973-03-28,18677,18677,Male,Spanish
18678,1985-12-22,18678,18678,Female,Vietnamese
18679,1970-08-31,18679,18679,Prefer not to say,Mandarin
18680,1990-12-25,18680,18680,Male,Greek
18681,1996-11-04,18681,18681,Male,Spanish
18682,1996-08-22,18682,18682,Prefer not to say,German
18683,1977-05-01,18683,18683,Male,English
18684,1992-04-11,18684,18684,Male,Spanish
18685,1964-09-05,18685,18685,Prefer not to say,Spanish
18686,1961-10-02,18686,18686,Non-binary,Russian
18687,1965-03-02,18687,18687,Female,Vietnamese
18688,1994-10-10,18688,18688,Prefer not to say,Russian
18689,1988-07-07,18689,18689,Female,Romanian
18690,1971-07-16,18690,18690,Male,Japanese
18691,1972-07-12,18691,18691,Prefer not to say,Vietnamese
18692,1978-12-24,18692,18692,Prefer not to say,Swedish
18693,1986-11-21,18693,18693,Male,French
18694,1960-02-23,18694,18694,Male,Portuguese
18695,1993-03-25,18695,18695,Male,Vietnamese
18696,2000-02-02,18696,18696,Prefer not to say,Russian
18697,1998-03-12,18697,18697,Male,Japanese
18698,1971-10-26,18698,18698,Prefer not to say,Portuguese
18699,1978-10-17,18699,18699,Female,Russian
18700,1981-04-04,18700,18700,Male,Spanish
18701,1973-07-03,18701,18701,Male,Hindi
18702,1976-07-18,18702,18702,Non-binary,Arabic
18703,1961-10-02,18703,18703,Non-binary,Russian
18704,1989-03-26,18704,18704,Non-binary,Italian
18705,1981-12-23,18705,18705,Male,Turkish
18706,1965-09-12,18706,18706,Male,Mandarin
18707,1973-10-17,18707,18707,Female,Korean
18708,1972-01-06,18708,18708,Female,Arabic
18709,1976-04-13,18709,18709,Non-binary,Greek
18710,1964-02-06,18710,18710,Prefer not to say,Mandarin
18711,1984-04-22,18711,18711,Prefer not to say,Swedish
18712,1986-01-30,18712,18712,Female,Greek
18713,1981-03-08,18713,18713,Female,Japanese
18714,1989-09-04,18714,18714,Prefer not to say,Turkish
18715,1963-02-03,18715,18715,Male,Japanese
18716,1982-06-08,18716,18716,Non-binary,Polish
18717,1983-01-27,18717,18717,Female,Thai
18718,1994-12-01,18718,18718,Male,Japanese
18719,1990-10-19,18719,18719,Male,Thai
18720,1960-10-16,18720,18720,Male,Romanian
18721,1972-11-02,18721,18721,Non-binary,Portuguese
18722,1997-12-04,18722,18722,Male,Arabic
18723,1966-08-14,18723,18723,Female,Arabic
18724,1965-05-01,18724,18724,Non-binary,Korean
18725,1981-05-16,18725,18725,Female,Dutch
18726,1975-08-04,18726,18726,Non-binary,Romanian
18727,1965-11-22,18727,18727,Male,Mandarin
18728,1986-06-24,18728,18728,Prefer not to say,Italian
18729,1967-10-23,18729,18729,Non-binary,Korean
18730,1999-03-04,18730,18730,Male,Swedish
18731,1978-10-17,18731,18731,Female,Romanian
18732,1964-12-03,18732,18732,Prefer not to say,Swedish
18733,1980-01-04,18733,18733,Prefer not to say,Arabic
18734,1990-07-30,18734,18734,Female,Swedish
18735,1998-08-06,18735,18735,Male,Dutch
18736,1963-01-01,18736,18736,Prefer not to say,Polish
18737,1964-11-30,18737,18737,Female,Russian
18738,1997-08-07,18738,18738,Female,Spanish
18739,1983-12-12,18739,18739,Prefer not to say,Russian
18740,1975-08-19,18740,18740,Female,Russian
18741,1976-10-12,18741,18741,Female,Spanish
18742,1975-03-04,18742,18742,Male,Hindi
18743,1985-10-27,18743,18743,Prefer not to say,Russian
18744,1994-01-03,18744,18744,Female,Mandarin
18745,1974-05-21,18745,18745,Female,Russian
18746,1965-09-15,18746,18746,Female,Romanian
18747,1986-01-12,18747,18747,Prefer not to say,Arabic
18748,1969-11-27,18748,18748,Prefer not to say,Swedish
18749,1964-12-01,18749,18749,Female,French
18750,1999-10-28,18750,18750,Female,Japanese
18751,1980-06-24,18751,18751,Non-binary,Japanese
18752,1973-10-17,18752,18752,Male,Italian
18753,1997-10-16,18753,18753,Male,German
18754,1960-07-24,18754,18754,Male,English
18755,1985-06-18,18755,18755,Female,Dutch
18756,1973-02-20,18756,18756,Prefer not to say,Portuguese
18757,1980-04-28,18757,18757,Prefer not to say,Spanish
18758,2000-01-26,18758,18758,Male,Mandarin
18759,1998-02-02,18759,18759,Male,Korean
18760,1986-03-04,18760,18760,Male,Arabic
18761,1970-06-02,18761,18761,Non-binary,Mandarin
18762,1962-03-09,18762,18762,Female,English
18763,1970-05-19,18763,18763,Female,Hindi
18764,1983-10-04,18764,18764,Prefer not to say,Mandarin
18765,1966-11-02,18765,18765,Male,German
18766,1966-05-26,18766,18766,Male,Spanish
18767,1960-09-14,18767,18767,Male,Portuguese
18768,1968-07-04,18768,18768,Prefer not to say,Hindi
18769,1973-05-08,18769,18769,Male,Japanese
18770,1994-05-27,18770,18770,Prefer not to say,Polish
18771,2000-06-19,18771,18771,Prefer not to say,Hindi
18772,1988-11-14,18772,18772,Female,Greek
18773,1987-08-18,18773,18773,Female,Russian
18774,1970-08-01,18774,18774,Non-binary,Mandarin
18775,1997-02-02,18775,18775,Prefer not to say,Mandarin
18776,1968-11-27,18776,18776,Prefer not to say,Russian
18777,1964-04-04,18777,18777,Prefer not to say,Spanish
18778,1982-09-01,18778,18778,Male,English
18779,1989-09-26,18779,18779,Male,Hindi
18780,1977-06-15,18780,18780,Male,Thai
18781,1999-09-05,18781,18781,Male,Polish
18782,1965-07-21,18782,18782,Non-binary,Mandarin
18783,1981-03-15,18783,18783,Male,Japanese
18784,1994-08-23,18784,18784,Prefer not to say,Romanian
18785,1961-01-25,18785,18785,Female,Spanish
18786,1993-04-04,18786,18786,Male,Italian
18787,1992-12-17,18787,18787,Non-binary,Spanish
18788,1980-02-05,18788,18788,Prefer not to say,Thai
18789,1962-03-29,18789,18789,Male,English
18790,1991-02-06,18790,18790,Female,Italian
18791,1975-02-24,18791,18791,Prefer not to say,Mandarin
18792,1978-07-31,18792,18792,Prefer not to say,Greek
18793,1998-05-20,18793,18793,Prefer not to say,Arabic
18794,1965-12-02,18794,18794,Male,French
18795,1975-12-03,18795,18795,Female,English
18796,1967-12-24,18796,18796,Prefer not to say,Arabic
18797,1976-10-03,18797,18797,Prefer not to say,Swedish
18798,2000-12-26,18798,18798,Non-binary,Swedish
18799,1977-10-10,18799,18799,Female,Vietnamese
18800,1963-02-07,18800,18800,Female,Portuguese
18801,1991-02-10,18801,18801,Non-binary,Russian
18802,1977-06-10,18802,18802,Non-binary,Mandarin
18803,1967-05-10,18803,18803,Male,Arabic
18804,1973-08-18,18804,18804,Female,Hindi
18805,1991-11-18,18805,18805,Male,Vietnamese
18806,1988-07-08,18806,18806,Prefer not to say,Portuguese
18807,1993-12-20,18807,18807,Female,Arabic
18808,1979-06-17,18808,18808,Prefer not to say,English
18809,1981-08-16,18809,18809,Non-binary,Russian
18810,1967-05-26,18810,18810,Male,Swedish
18811,1968-07-03,18811,18811,Female,Japanese
18812,1963-04-17,18812,18812,Prefer not to say,Russian
18813,1971-01-08,18813,18813,Female,Turkish
18814,1980-02-28,18814,18814,Prefer not to say,Russian
18815,1998-08-20,18815,18815,Prefer not to say,Polish
18816,1994-09-19,18816,18816,Female,Italian
18817,1981-03-09,18817,18817,Prefer not to say,Italian
18818,1993-09-01,18818,18818,Female,Korean
18819,1990-08-25,18819,18819,Female,Hindi
18820,1988-06-28,18820,18820,Male,Thai
18821,1980-11-22,18821,18821,Non-binary,Portuguese
18822,1982-04-27,18822,18822,Prefer not to say,Swedish
18823,1963-08-01,18823,18823,Female,German
18824,1970-01-24,18824,18824,Male,Japanese
18825,1981-11-02,18825,18825,Female,Greek
18826,1990-02-07,18826,18826,Prefer not to say,Hindi
18827,1987-01-18,18827,18827,Male,Thai
18828,1971-06-29,18828,18828,Prefer not to say,English
18829,1980-11-25,18829,18829,Male,Vietnamese
18830,1977-10-05,18830,18830,Male,Italian
18831,1967-06-20,18831,18831,Male,Russian
18832,1979-08-30,18832,18832,Male,Russian
18833,1977-01-14,18833,18833,Female,Portuguese
18834,1983-05-02,18834,18834,Non-binary,Spanish
18835,1969-03-07,18835,18835,Prefer not to say,French
18836,1986-11-21,18836,18836,Female,Vietnamese
18837,1977-06-25,18837,18837,Prefer not to say,German
18838,1995-08-08,18838,18838,Prefer not to say,Hindi
18839,1998-04-25,18839,18839,Male,Japanese
18840,1972-06-04,18840,18840,Prefer not to say,Romanian
18841,1990-06-04,18841,18841,Non-binary,Russian
18842,1977-07-06,18842,18842,Male,Italian
18843,1966-12-01,18843,18843,Male,Spanish
18844,1989-10-01,18844,18844,Non-binary,Russian
18845,1971-07-14,18845,18845,Male,Hindi
18846,1972-10-17,18846,18846,Male,Arabic
18847,1990-03-13,18847,18847,Female,French
18848,1970-08-12,18848,18848,Male,Mandarin
18849,1996-06-29,18849,18849,Non-binary,Turkish
18850,1991-12-18,18850,18850,Male,English
18851,1994-12-12,18851,18851,Non-binary,Turkish
18852,1970-06-06,18852,18852,Prefer not to say,English
18853,1990-06-23,18853,18853,Female,Portuguese
18854,1963-11-05,18854,18854,Non-binary,Polish
18855,1983-05-25,18855,18855,Prefer not to say,German
18856,1988-10-13,18856,18856,Female,Portuguese
18857,1989-11-29,18857,18857,Male,Thai
18858,1998-02-14,18858,18858,Female,German
18859,1990-11-27,18859,18859,Male,Greek
18860,1976-09-15,18860,18860,Prefer not to say,Polish
18861,1964-07-08,18861,18861,Prefer not to say,Spanish
18862,1984-05-05,18862,18862,Prefer not to say,Russian
18863,1967-12-24,18863,18863,Female,Hindi
18864,1961-03-09,18864,18864,Female,Hindi
18865,1963-08-22,18865,18865,Male,Greek
18866,1966-08-01,18866,18866,Male,Polish
18867,1972-05-09,18867,18867,Prefer not to say,Hindi
18868,1973-10-29,18868,18868,Female,German
18869,1992-02-03,18869,18869,Non-binary,Korean
18870,1991-08-20,18870,18870,Non-binary,Romanian
18871,1986-03-28,18871,18871,Prefer not to say,Hindi
18872,1992-01-12,18872,18872,Male,French
18873,1972-12-21,18873,18873,Female,German
18874,1974-08-16,18874,18874,Female,Mandarin
18875,1980-04-09,18875,18875,Prefer not to say,Arabic
18876,1969-12-13,18876,18876,Prefer not to say,Swedish
18877,1975-08-08,18877,18877,Prefer not to say,Greek
18878,1968-12-29,18878,18878,Male,Polish
18879,1992-01-21,18879,18879,Male,Russian
18880,1974-04-09,18880,18880,Female,German
18881,1982-09-29,18881,18881,Male,Greek
18882,1977-11-26,18882,18882,Female,Polish
18883,1986-06-25,18883,18883,Female,Thai
18884,1972-03-10,18884,18884,Female,Mandarin
18885,1999-06-26,18885,18885,Female,Korean
18886,1974-03-14,18886,18886,Non-binary,Spanish
18887,1966-07-05,18887,18887,Non-binary,German
18888,1981-03-02,18888,18888,Female,Russian
18889,1998-03-16,18889,18889,Non-binary,Romanian
18890,1963-12-15,18890,18890,Female,Vietnamese
18891,1976-08-18,18891,18891,Prefer not to say,Spanish
18892,1960-11-05,18892,18892,Non-binary,Italian
18893,1983-04-17,18893,18893,Male,German
18894,1970-10-17,18894,18894,Non-binary,Hindi
18895,1985-09-11,18895,18895,Male,Russian
18896,1998-10-24,18896,18896,Female,Greek
18897,1988-07-25,18897,18897,Female,Turkish
18898,1992-08-04,18898,18898,Non-binary,Russian
18899,1970-10-16,18899,18899,Prefer not to say,Spanish
18900,1963-10-06,18900,18900,Non-binary,Dutch
18901,1965-12-16,18901,18901,Male,Arabic
18902,1983-08-31,18902,18902,Male,Greek
18903,1996-08-31,18903,18903,Male,Turkish
18904,1995-11-24,18904,18904,Female,English
18905,1973-04-19,18905,18905,Male,Dutch
18906,1962-04-01,18906,18906,Female,Arabic
18907,1989-11-24,18907,18907,Female,Vietnamese
18908,1982-05-15,18908,18908,Prefer not to say,Polish
18909,1991-03-21,18909,18909,Non-binary,Polish
18910,1978-07-21,18910,18910,Female,Greek
18911,1980-06-14,18911,18911,Non-binary,Arabic
18912,1989-11-19,18912,18912,Non-binary,Italian
18913,1964-08-19,18913,18913,Prefer not to say,Arabic
18914,1972-07-17,18914,18914,Non-binary,Portuguese
18915,1991-03-05,18915,18915,Male,Turkish
18916,1999-07-23,18916,18916,Female,Portuguese
18917,1999-10-01,18917,18917,Non-binary,English
18918,1990-06-02,18918,18918,Prefer not to say,Greek
18919,1961-12-20,18919,18919,Male,Turkish
18920,1990-02-06,18920,18920,Male,Greek
18921,1982-03-02,18921,18921,Prefer not to say,English
18922,1996-04-05,18922,18922,Non-binary,Korean
18923,1986-11-03,18923,18923,Male,Italian
18924,1994-06-22,18924,18924,Non-binary,Portuguese
18925,1968-04-30,18925,18925,Female,Italian
18926,1962-05-29,18926,18926,Female,English
18927,1970-07-22,18927,18927,Female,Hindi
18928,1976-10-06,18928,18928,Non-binary,Thai
18929,1961-09-24,18929,18929,Prefer not to say,French
18930,1961-12-24,18930,18930,Female,Russian
18931,1961-11-21,18931,18931,Female,Polish
18932,1968-05-04,18932,18932,Prefer not to say,Russian
18933,1995-10-13,18933,18933,Female,Japanese
18934,1996-02-13,18934,18934,Prefer not to say,Spanish
18935,1997-03-09,18935,18935,Male,Polish
18936,1997-11-07,18936,18936,Female,Turkish
18937,1992-11-14,18937,18937,Male,Greek
18938,1978-03-28,18938,18938,Male,Korean
18939,1986-03-21,18939,18939,Non-binary,German
18940,1976-07-23,18940,18940,Male,Mandarin
18941,1998-09-29,18941,18941,Female,Italian
18942,1978-07-30,18942,18942,Non-binary,Swedish
18943,1971-06-11,18943,18943,Non-binary,English
18944,1960-07-06,18944,18944,Non-binary,Russian
18945,1983-10-26,18945,18945,Non-binary,Polish
18946,1967-09-02,18946,18946,Prefer not to say,Greek
18947,1995-04-27,18947,18947,Female,Hindi
18948,1995-07-20,18948,18948,Prefer not to say,Romanian
18949,1981-01-15,18949,18949,Prefer not to say,Portuguese
18950,1985-08-04,18950,18950,Female,Turkish
18951,1973-12-24,18951,18951,Prefer not to say,German
18952,1997-01-05,18952,18952,Male,Russian
18953,1962-09-29,18953,18953,Prefer not to say,English
18954,1977-07-28,18954,18954,Male,Spanish
18955,1988-07-22,18955,18955,Non-binary,Romanian
18956,1971-10-10,18956,18956,Male,Polish
18957,1994-06-16,18957,18957,Prefer not to say,German
18958,1996-11-17,18958,18958,Female,Italian
18959,1977-06-03,18959,18959,Female,English
18960,1972-11-11,18960,18960,Male,English
18961,1984-03-09,18961,18961,Prefer not to say,French
18962,1987-01-24,18962,18962,Female,Thai
18963,1976-03-07,18963,18963,Female,English
18964,1998-11-04,18964,18964,Non-binary,Spanish
18965,1970-07-29,18965,18965,Non-binary,Greek
18966,1978-08-05,18966,18966,Prefer not to say,Hindi
18967,1984-01-26,18967,18967,Female,Hindi
18968,1970-07-01,18968,18968,Non-binary,Hindi
18969,1985-09-30,18969,18969,Non-binary,Spanish
18970,1989-06-25,18970,18970,Male,Korean
18971,1969-05-10,18971,18971,Male,Polish
18972,1994-08-26,18972,18972,Male,Romanian
18973,1961-11-13,18973,18973,Female,Romanian
18974,1994-08-19,18974,18974,Female,German
18975,1967-08-19,18975,18975,Female,Greek
18976,1963-05-18,18976,18976,Prefer not to say,Thai
18977,1994-06-09,18977,18977,Female,Korean
18978,1994-11-08,18978,18978,Male,Italian
18979,1975-01-15,18979,18979,Non-binary,Swedish
18980,1992-09-01,18980,18980,Male,Dutch
18981,1996-06-23,18981,18981,Female,Turkish
18982,1972-10-04,18982,18982,Prefer not to say,Greek
18983,1973-11-09,18983,18983,Male,German
18984,1967-07-19,18984,18984,Male,Hindi
18985,1965-05-26,18985,18985,Female,Italian
18986,1975-02-23,18986,18986,Prefer not to say,Thai
18987,1983-06-30,18987,18987,Prefer not to say,Dutch
18988,1996-05-28,18988,18988,Non-binary,German
18989,1966-07-01,18989,18989,Female,Korean
18990,1970-03-10,18990,18990,Non-binary,Italian
18991,1992-05-06,18991,18991,Non-binary,Spanish
18992,1967-03-05,18992,18992,Non-binary,Turkish
18993,1963-01-10,18993,18993,Female,Swedish
18994,1993-09-03,18994,18994,Female,French
18995,1982-09-08,18995,18995,Female,Portuguese
18996,1968-04-08,18996,18996,Female,Russian
18997,1977-03-22,18997,18997,Male,Romanian
18998,1993-07-29,18998,18998,Female,English
18999,1995-09-07,18999,18999,Male,Russian
19000,1994-03-08,19000,19000,Female,Greek
19001,1999-09-27,19001,19001,Female,Russian
19002,1996-06-15,19002,19002,Female,Japanese
19003,1977-06-22,19003,19003,Non-binary,Italian
19004,1985-01-21,19004,19004,Prefer not to say,Thai
19005,1977-06-04,19005,19005,Female,Hindi
19006,2000-12-18,19006,19006,Female,Polish
19007,1969-01-13,19007,19007,Female,Japanese
19008,1988-06-08,19008,19008,Prefer not to say,Spanish
19009,1962-01-28,19009,19009,Female,Arabic
19010,1973-05-12,19010,19010,Prefer not to say,Hindi
19011,1996-05-05,19011,19011,Male,French
19012,1992-12-25,19012,19012,Prefer not to say,Portuguese
19013,1990-05-07,19013,19013,Non-binary,French
19014,1974-11-06,19014,19014,Prefer not to say,French
19015,2000-10-29,19015,19015,Non-binary,French
19016,1960-07-26,19016,19016,Prefer not to say,German
19017,1969-10-11,19017,19017,Prefer not to say,Japanese
19018,1962-09-21,19018,19018,Female,Greek
19019,1996-08-29,19019,19019,Prefer not to say,Thai
19020,1976-03-03,19020,19020,Male,German
19021,1995-07-27,19021,19021,Prefer not to say,Greek
19022,1979-04-06,19022,19022,Prefer not to say,Polish
19023,1972-01-27,19023,19023,Non-binary,Italian
19024,1960-02-23,19024,19024,Female,Mandarin
19025,1999-10-11,19025,19025,Prefer not to say,English
19026,1968-12-30,19026,19026,Prefer not to say,Vietnamese
19027,1983-02-02,19027,19027,Male,French
19028,1971-10-16,19028,19028,Non-binary,Dutch
19029,1960-03-17,19029,19029,Female,Thai
19030,1963-02-27,19030,19030,Prefer not to say,Polish
19031,1968-02-06,19031,19031,Prefer not to say,Italian
19032,1978-03-08,19032,19032,Non-binary,Korean
19033,1960-03-15,19033,19033,Prefer not to say,Swedish
19034,1990-04-28,19034,19034,Female,Italian
19035,1970-02-05,19035,19035,Non-binary,Greek
19036,1995-02-09,19036,19036,Prefer not to say,Spanish
19037,1973-03-20,19037,19037,Non-binary,Japanese
19038,1979-03-04,19038,19038,Prefer not to say,Japanese
19039,1979-12-15,19039,19039,Male,German
19040,1975-04-12,19040,19040,Female,Dutch
19041,1996-10-13,19041,19041,Male,Turkish
19042,1979-10-22,19042,19042,Male,English
19043,1993-06-07,19043,19043,Male,English
19044,1986-07-08,19044,19044,Female,German
19045,1976-04-21,19045,19045,Male,Hindi
19046,1977-08-29,19046,19046,Male,Greek
19047,2000-10-02,19047,19047,Female,French
19048,1981-02-01,19048,19048,Female,English
19049,1990-02-16,19049,19049,Non-binary,Spanish
19050,1963-08-19,19050,19050,Female,Portuguese
19051,1999-09-18,19051,19051,Non-binary,Korean
19052,1960-10-20,19052,19052,Prefer not to say,French
19053,1969-09-27,19053,19053,Female,Portuguese
19054,1975-06-15,19054,19054,Non-binary,Vietnamese
19055,1964-08-02,19055,19055,Male,Turkish
19056,1996-07-16,19056,19056,Prefer not to say,Russian
19057,1986-06-13,19057,19057,Non-binary,Polish
19058,1994-06-07,19058,19058,Female,Turkish
19059,1985-10-12,19059,19059,Non-binary,English
19060,1963-01-19,19060,19060,Non-binary,Mandarin
19061,1988-07-15,19061,19061,Non-binary,Vietnamese
19062,1992-01-17,19062,19062,Prefer not to say,Swedish
19063,1982-08-18,19063,19063,Male,Korean
19064,1994-03-05,19064,19064,Female,Turkish
19065,1962-01-07,19065,19065,Female,Polish
19066,1998-11-13,19066,19066,Prefer not to say,Hindi
19067,1991-01-22,19067,19067,Non-binary,Japanese
19068,1977-11-02,19068,19068,Male,Swedish
19069,1974-01-01,19069,19069,Female,English
19070,1969-01-26,19070,19070,Prefer not to say,Portuguese
19071,1972-12-16,19071,19071,Female,Russian
19072,1971-09-06,19072,19072,Non-binary,Swedish
19073,1965-07-17,19073,19073,Female,Hindi
19074,1988-12-13,19074,19074,Female,English
19075,1991-07-28,19075,19075,Non-binary,Swedish
19076,1985-12-24,19076,19076,Non-binary,Portuguese
19077,1972-04-26,19077,19077,Non-binary,Hindi
19078,1960-07-01,19078,19078,Non-binary,Mandarin
19079,1986-06-14,19079,19079,Non-binary,Swedish
19080,1980-08-17,19080,19080,Prefer not to say,Turkish
19081,1998-07-24,19081,19081,Prefer not to say,Turkish
19082,1979-09-20,19082,19082,Non-binary,German
19083,1980-05-14,19083,19083,Female,Vietnamese
19084,1995-03-06,19084,19084,Female,Russian
19085,1975-10-16,19085,19085,Male,Russian
19086,1997-03-19,19086,19086,Non-binary,Swedish
19087,1983-01-01,19087,19087,Non-binary,Japanese
19088,1967-11-22,19088,19088,Male,German
19089,1965-06-15,19089,19089,Non-binary,French
19090,1990-04-27,19090,19090,Female,Turkish
19091,1995-10-28,19091,19091,Male,Turkish
19092,1965-06-04,19092,19092,Prefer not to say,Spanish
19093,1989-11-14,19093,19093,Prefer not to say,Polish
19094,1982-10-15,19094,19094,Non-binary,Turkish
19095,1972-10-26,19095,19095,Male,Turkish
19096,1971-11-02,19096,19096,Prefer not to say,Hindi
19097,1976-02-26,19097,19097,Prefer not to say,Korean
19098,1997-06-20,19098,19098,Male,Polish
19099,1989-01-21,19099,19099,Male,Spanish
19100,1978-08-31,19100,19100,Non-binary,Spanish
19101,1988-04-08,19101,19101,Prefer not to say,English
19102,1977-08-13,19102,19102,Male,Hindi
19103,1963-08-12,19103,19103,Male,French
19104,1969-04-02,19104,19104,Male,Turkish
19105,1993-05-10,19105,19105,Prefer not to say,Greek
19106,1984-03-27,19106,19106,Prefer not to say,Romanian
19107,1998-11-20,19107,19107,Female,Portuguese
19108,1990-11-22,19108,19108,Male,Russian
19109,1996-04-20,19109,19109,Male,Spanish
19110,1996-04-06,19110,19110,Prefer not to say,Russian
19111,1976-10-04,19111,19111,Prefer not to say,Thai
19112,1968-11-23,19112,19112,Non-binary,Polish
19113,1974-12-12,19113,19113,Female,Russian
19114,1971-10-26,19114,19114,Male,Thai
19115,1988-03-24,19115,19115,Male,Thai
19116,1968-05-18,19116,19116,Non-binary,Korean
19117,1988-02-18,19117,19117,Non-binary,Turkish
19118,1979-11-28,19118,19118,Prefer not to say,English
19119,1996-02-17,19119,19119,Male,Turkish
19120,1990-11-16,19120,19120,Female,French
19121,1992-12-05,19121,19121,Prefer not to say,Polish
19122,1992-06-30,19122,19122,Non-binary,Portuguese
19123,1967-12-23,19123,19123,Female,Thai
19124,1966-03-23,19124,19124,Female,French
19125,1973-11-07,19125,19125,Male,Greek
19126,1964-11-07,19126,19126,Female,Portuguese
19127,1982-09-18,19127,19127,Non-binary,German
19128,1972-02-15,19128,19128,Male,Thai
19129,1989-12-20,19129,19129,Prefer not to say,Italian
19130,1995-09-30,19130,19130,Prefer not to say,Thai
19131,1994-09-03,19131,19131,Prefer not to say,French
19132,1983-12-16,19132,19132,Non-binary,German
19133,1964-11-26,19133,19133,Non-binary,French
19134,1970-10-10,19134,19134,Prefer not to say,Arabic
19135,1991-07-25,19135,19135,Male,Japanese
19136,1967-08-07,19136,19136,Non-binary,Portuguese
19137,1964-10-27,19137,19137,Prefer not to say,Italian
19138,2000-08-18,19138,19138,Prefer not to say,Hindi
19139,1977-04-08,19139,19139,Male,Japanese
19140,1985-09-08,19140,19140,Male,Polish
19141,1983-01-12,19141,19141,Male,Romanian
19142,1979-04-01,19142,19142,Male,Vietnamese
19143,1982-01-12,19143,19143,Non-binary,Spanish
19144,1970-09-29,19144,19144,Prefer not to say,Swedish
19145,1984-03-30,19145,19145,Non-binary,Arabic
19146,1960-08-24,19146,19146,Prefer not to say,German
19147,1964-12-11,19147,19147,Male,Hindi
19148,1989-06-01,19148,19148,Male,French
19149,1963-10-31,19149,19149,Non-binary,Romanian
19150,1964-03-16,19150,19150,Prefer not to say,Portuguese
19151,1979-04-22,19151,19151,Female,Vietnamese
19152,1987-09-01,19152,19152,Female,Swedish
19153,1988-09-15,19153,19153,Prefer not to say,French
19154,1961-02-03,19154,19154,Non-binary,Romanian
19155,1962-09-14,19155,19155,Prefer not to say,Portuguese
19156,1969-03-25,19156,19156,Non-binary,Mandarin
19157,1982-09-19,19157,19157,Male,Arabic
19158,1965-12-20,19158,19158,Male,Thai
19159,1974-03-19,19159,19159,Prefer not to say,Turkish
19160,1997-12-11,19160,19160,Non-binary,Japanese
19161,1979-08-17,19161,19161,Non-binary,Italian
19162,1980-06-22,19162,19162,Non-binary,Hindi
19163,1992-08-23,19163,19163,Male,English
19164,1968-11-25,19164,19164,Non-binary,Hindi
19165,1960-03-01,19165,19165,Non-binary,Spanish
19166,1977-07-14,19166,19166,Male,Russian
19167,1979-11-30,19167,19167,Prefer not to say,Portuguese
19168,1984-12-29,19168,19168,Prefer not to say,Portuguese
19169,1997-03-21,19169,19169,Female,Portuguese
19170,1982-02-28,19170,19170,Prefer not to say,Korean
19171,1977-04-15,19171,19171,Non-binary,French
19172,1994-11-24,19172,19172,Male,Korean
19173,1976-07-26,19173,19173,Male,Hindi
19174,1965-08-03,19174,19174,Prefer not to say,French
19175,1999-01-25,19175,19175,Non-binary,Hindi
19176,1979-01-19,19176,19176,Male,Greek
19177,1991-05-03,19177,19177,Male,Polish
19178,1964-09-06,19178,19178,Prefer not to say,Arabic
19179,1977-12-25,19179,19179,Female,French
19180,1999-03-03,19180,19180,Non-binary,Japanese
19181,1977-07-15,19181,19181,Female,Greek
19182,1978-02-18,19182,19182,Non-binary,Romanian
19183,1981-12-14,19183,19183,Female,Dutch
19184,1988-05-04,19184,19184,Female,Hindi
19185,1984-11-22,19185,19185,Non-binary,Mandarin
19186,1992-05-25,19186,19186,Non-binary,Turkish
19187,1981-09-26,19187,19187,Male,Japanese
19188,1986-06-29,19188,19188,Male,Polish
19189,1961-04-27,19189,19189,Non-binary,Korean
19190,1979-11-22,19190,19190,Female,Korean
19191,1973-09-25,19191,19191,Female,Greek
19192,1983-06-13,19192,19192,Prefer not to say,Swedish
19193,1963-04-11,19193,19193,Male,Spanish
19194,1996-12-05,19194,19194,Female,English
19195,1982-05-17,19195,19195,Non-binary,Romanian
19196,1996-11-17,19196,19196,Female,Dutch
19197,1995-03-04,19197,19197,Prefer not to say,Hindi
19198,1978-07-03,19198,19198,Female,Arabic
19199,1990-11-26,19199,19199,Non-binary,Japanese
19200,1980-04-06,19200,19200,Non-binary,Turkish
19201,1969-11-11,19201,19201,Female,Turkish
19202,1991-01-09,19202,19202,Non-binary,English
19203,1966-06-20,19203,19203,Female,Italian
19204,1971-03-15,19204,19204,Non-binary,Arabic
19205,1977-05-29,19205,19205,Prefer not to say,Swedish
19206,2000-07-20,19206,19206,Non-binary,Mandarin
19207,1977-07-21,19207,19207,Male,Japanese
19208,1978-09-14,19208,19208,Male,Mandarin
19209,1986-12-05,19209,19209,Male,Portuguese
19210,1961-09-12,19210,19210,Female,Dutch
19211,1986-01-14,19211,19211,Prefer not to say,Vietnamese
19212,1985-09-19,19212,19212,Male,Hindi
19213,1973-11-06,19213,19213,Male,Russian
19214,1998-05-25,19214,19214,Non-binary,Russian
19215,1969-03-15,19215,19215,Female,Spanish
19216,1976-09-25,19216,19216,Non-binary,Japanese
19217,1972-04-06,19217,19217,Prefer not to say,Portuguese
19218,1963-01-01,19218,19218,Male,Dutch
19219,1999-03-09,19219,19219,Non-binary,Romanian
19220,1985-11-02,19220,19220,Non-binary,Polish
19221,1979-12-17,19221,19221,Non-binary,Hindi
19222,1985-04-05,19222,19222,Male,Thai
19223,1978-02-23,19223,19223,Male,Swedish
19224,1972-08-08,19224,19224,Female,Spanish
19225,1971-05-22,19225,19225,Male,Korean
19226,1983-03-01,19226,19226,Non-binary,Korean
19227,1960-04-29,19227,19227,Male,English
19228,1995-01-18,19228,19228,Prefer not to say,English
19229,1972-08-15,19229,19229,Prefer not to say,Romanian
19230,1997-07-03,19230,19230,Male,Greek
19231,1991-09-01,19231,19231,Prefer not to say,Swedish
19232,1982-10-07,19232,19232,Non-binary,Spanish
19233,1962-04-19,19233,19233,Prefer not to say,Vietnamese
19234,1999-05-08,19234,19234,Female,English
19235,1983-12-13,19235,19235,Non-binary,Dutch
19236,1968-01-12,19236,19236,Prefer not to say,Spanish
19237,1967-04-14,19237,19237,Female,Polish
19238,1970-08-11,19238,19238,Prefer not to say,Portuguese
19239,1970-06-22,19239,19239,Female,Spanish
19240,1979-08-01,19240,19240,Male,Arabic
19241,1992-03-02,19241,19241,Prefer not to say,Polish
19242,1977-05-09,19242,19242,Prefer not to say,Japanese
19243,1972-02-29,19243,19243,Male,Thai
19244,1964-01-17,19244,19244,Non-binary,Japanese
19245,1960-03-26,19245,19245,Non-binary,Mandarin
19246,1974-04-25,19246,19246,Non-binary,Swedish
19247,1971-10-25,19247,19247,Prefer not to say,Vietnamese
19248,1960-04-03,19248,19248,Prefer not to say,Korean
19249,1978-11-03,19249,19249,Male,Hindi
19250,1975-06-17,19250,19250,Non-binary,Polish
19251,1999-03-14,19251,19251,Non-binary,Korean
19252,1978-11-21,19252,19252,Female,Japanese
19253,1980-07-05,19253,19253,Prefer not to say,Japanese
19254,1999-05-04,19254,19254,Non-binary,German
19255,1989-12-12,19255,19255,Prefer not to say,Greek
19256,1963-12-27,19256,19256,Female,English
19257,1992-02-27,19257,19257,Female,Korean
19258,1988-10-06,19258,19258,Prefer not to say,Dutch
19259,1993-06-02,19259,19259,Male,Portuguese
19260,1994-12-23,19260,19260,Non-binary,Japanese
19261,1989-04-18,19261,19261,Male,Russian
19262,1961-04-22,19262,19262,Female,Vietnamese
19263,1993-02-25,19263,19263,Female,Arabic
19264,1981-03-19,19264,19264,Non-binary,Thai
19265,1999-04-21,19265,19265,Non-binary,Dutch
19266,1987-01-01,19266,19266,Non-binary,Greek
19267,1987-01-31,19267,19267,Female,Greek
19268,2000-10-16,19268,19268,Prefer not to say,English
19269,1965-02-02,19269,19269,Male,Italian
19270,1995-05-25,19270,19270,Male,Portuguese
19271,1996-01-09,19271,19271,Prefer not to say,Greek
19272,1997-08-01,19272,19272,Non-binary,Portuguese
19273,1993-02-15,19273,19273,Female,Thai
19274,1968-01-01,19274,19274,Female,Italian
19275,1990-04-27,19275,19275,Non-binary,French
19276,1980-04-13,19276,19276,Male,Polish
19277,1983-06-22,19277,19277,Female,Romanian
19278,1991-10-06,19278,19278,Non-binary,English
19279,1995-01-12,19279,19279,Prefer not to say,Portuguese
19280,1995-12-21,19280,19280,Non-binary,Hindi
19281,1971-07-04,19281,19281,Non-binary,Turkish
19282,1984-04-16,19282,19282,Female,French
19283,1972-06-20,19283,19283,Prefer not to say,Swedish
19284,1999-06-17,19284,19284,Female,Arabic
19285,1976-01-17,19285,19285,Female,German
19286,1974-01-17,19286,19286,Male,Spanish
19287,1976-12-31,19287,19287,Male,Thai
19288,1982-07-25,19288,19288,Non-binary,Spanish
19289,1980-01-22,19289,19289,Non-binary,Arabic
19290,1965-01-23,19290,19290,Non-binary,French
19291,1989-04-26,19291,19291,Male,Spanish
19292,1963-10-09,19292,19292,Non-binary,Dutch
19293,1999-05-05,19293,19293,Prefer not to say,Russian
19294,1989-01-19,19294,19294,Non-binary,Turkish
19295,1987-06-10,19295,19295,Prefer not to say,Italian
19296,1993-05-09,19296,19296,Prefer not to say,French
19297,1993-05-15,19297,19297,Male,Spanish
19298,1989-05-05,19298,19298,Non-binary,Swedish
19299,1988-02-27,19299,19299,Female,French
19300,1998-10-29,19300,19300,Non-binary,Thai
19301,1981-05-27,19301,19301,Female,Vietnamese
19302,1979-08-13,19302,19302,Male,Italian
19303,1966-03-04,19303,19303,Prefer not to say,English
19304,1963-11-21,19304,19304,Female,Polish
19305,1967-07-07,19305,19305,Male,Korean
19306,1983-05-26,19306,19306,Male,Arabic
19307,1997-01-25,19307,19307,Female,Polish
19308,1966-11-20,19308,19308,Male,Greek
19309,1962-01-12,19309,19309,Non-binary,German
19310,1988-08-26,19310,19310,Male,Swedish
19311,1982-04-25,19311,19311,Male,Vietnamese
19312,1997-11-24,19312,19312,Prefer not to say,French
19313,1997-10-29,19313,19313,Non-binary,Vietnamese
19314,1972-01-23,19314,19314,Female,Portuguese
19315,1976-12-09,19315,19315,Male,Portuguese
19316,1995-12-31,19316,19316,Non-binary,Polish
19317,1965-07-15,19317,19317,Non-binary,Korean
19318,1984-09-24,19318,19318,Male,Hindi
19319,1986-08-08,19319,19319,Male,Portuguese
19320,1987-09-06,19320,19320,Non-binary,Mandarin
19321,1983-02-28,19321,19321,Male,Arabic
19322,1990-03-03,19322,19322,Female,Arabic
19323,1971-10-30,19323,19323,Female,Vietnamese
19324,1997-01-24,19324,19324,Prefer not to say,Japanese
19325,1961-09-02,19325,19325,Female,Italian
19326,1972-11-02,19326,19326,Male,Dutch
19327,1970-10-27,19327,19327,Female,Mandarin
19328,1988-10-09,19328,19328,Prefer not to say,Arabic
19329,1960-11-16,19329,19329,Non-binary,Italian
19330,1964-01-13,19330,19330,Non-binary,Korean
19331,1990-01-07,19331,19331,Male,English
19332,1965-09-26,19332,19332,Male,Polish
19333,1988-09-27,19333,19333,Prefer not to say,Romanian
19334,1961-09-12,19334,19334,Female,Swedish
19335,1961-06-27,19335,19335,Female,Turkish
19336,1960-03-23,19336,19336,Male,Korean
19337,1969-07-27,19337,19337,Female,English
19338,1966-12-05,19338,19338,Male,Russian
19339,1966-05-19,19339,19339,Male,Swedish
19340,1964-07-27,19340,19340,Non-binary,Vietnamese
19341,1970-05-04,19341,19341,Female,Dutch
19342,1987-04-19,19342,19342,Non-binary,French
19343,1987-06-17,19343,19343,Female,Hindi
19344,1966-11-08,19344,19344,Male,Swedish
19345,2000-11-17,19345,19345,Prefer not to say,Mandarin
19346,1989-11-20,19346,19346,Prefer not to say,Portuguese
19347,1978-03-18,19347,19347,Non-binary,Polish
19348,1972-01-21,19348,19348,Male,Romanian
19349,1999-11-23,19349,19349,Male,German
19350,1972-05-31,19350,19350,Non-binary,Romanian
19351,1985-10-02,19351,19351,Non-binary,Italian
19352,1992-06-26,19352,19352,Female,Vietnamese
19353,1998-04-09,19353,19353,Prefer not to say,English
19354,1978-02-04,19354,19354,Non-binary,Russian
19355,1991-06-08,19355,19355,Male,Portuguese
19356,1963-01-12,19356,19356,Non-binary,Dutch
19357,1960-10-31,19357,19357,Male,Japanese
19358,1989-09-05,19358,19358,Prefer not to say,Italian
19359,1990-08-15,19359,19359,Male,Hindi
19360,1970-07-21,19360,19360,Male,Portuguese
19361,1983-04-15,19361,19361,Male,Swedish
19362,1987-11-12,19362,19362,Female,Arabic
19363,1984-08-13,19363,19363,Female,Portuguese
19364,1999-07-13,19364,19364,Prefer not to say,Mandarin
19365,1985-09-13,19365,19365,Female,Romanian
19366,1995-09-11,19366,19366,Male,Dutch
19367,1989-10-06,19367,19367,Non-binary,Polish
19368,1986-05-17,19368,19368,Non-binary,Italian
19369,1991-03-25,19369,19369,Male,Japanese
19370,1975-02-05,19370,19370,Female,Portuguese
19371,1998-07-13,19371,19371,Non-binary,Greek
19372,1997-03-24,19372,19372,Prefer not to say,Mandarin
19373,1972-08-26,19373,19373,Prefer not to say,Portuguese
19374,1960-10-22,19374,19374,Male,Polish
19375,1991-09-25,19375,19375,Prefer not to say,Korean
19376,1998-06-22,19376,19376,Non-binary,Portuguese
19377,1985-03-20,19377,19377,Non-binary,Korean
19378,1978-10-27,19378,19378,Male,Polish
19379,1962-12-28,19379,19379,Non-binary,Hindi
19380,1966-10-30,19380,19380,Male,Turkish
19381,1998-05-10,19381,19381,Prefer not to say,Romanian
19382,1977-03-24,19382,19382,Male,Hindi
19383,1993-07-05,19383,19383,Prefer not to say,Greek
19384,1966-08-25,19384,19384,Male,German
19385,1993-07-12,19385,19385,Female,Thai
19386,1991-12-02,19386,19386,Male,French
19387,1972-09-29,19387,19387,Male,French
19388,1972-03-31,19388,19388,Prefer not to say,Russian
19389,1993-10-07,19389,19389,Male,Swedish
19390,1999-11-03,19390,19390,Prefer not to say,Romanian
19391,1961-04-08,19391,19391,Male,Thai
19392,1982-10-01,19392,19392,Non-binary,German
19393,1995-03-17,19393,19393,Male,English
19394,1990-03-22,19394,19394,Prefer not to say,Portuguese
19395,1968-11-07,19395,19395,Non-binary,Mandarin
19396,1960-09-19,19396,19396,Male,Turkish
19397,1985-04-20,19397,19397,Female,Thai
19398,1961-06-01,19398,19398,Non-binary,Greek
19399,1973-09-16,19399,19399,Female,Swedish
19400,1971-03-23,19400,19400,Prefer not to say,Portuguese
19401,1974-09-02,19401,19401,Female,Russian
19402,1981-06-28,19402,19402,Non-binary,Romanian
19403,1964-06-24,19403,19403,Non-binary,Portuguese
19404,1973-11-28,19404,19404,Male,Arabic
19405,1995-04-17,19405,19405,Female,Mandarin
19406,1989-04-27,19406,19406,Non-binary,Vietnamese
19407,1987-02-02,19407,19407,Female,Thai
19408,1961-02-09,19408,19408,Male,Greek
19409,1978-11-21,19409,19409,Non-binary,Arabic
19410,1965-11-05,19410,19410,Male,German
19411,1992-09-03,19411,19411,Non-binary,Dutch
19412,1965-03-09,19412,19412,Male,Swedish
19413,1970-03-06,19413,19413,Non-binary,Korean
19414,1989-03-06,19414,19414,Female,Italian
19415,1971-08-18,19415,19415,Male,Vietnamese
19416,1977-08-04,19416,19416,Non-binary,Italian
19417,1978-02-23,19417,19417,Male,Vietnamese
19418,2000-08-02,19418,19418,Non-binary,Greek
19419,1961-09-15,19419,19419,Female,Vietnamese
19420,1983-09-04,19420,19420,Non-binary,Greek
19421,1962-08-06,19421,19421,Non-binary,German
19422,1981-05-10,19422,19422,Prefer not to say,Turkish
19423,1974-10-30,19423,19423,Male,Hindi
19424,1967-09-19,19424,19424,Prefer not to say,Swedish
19425,1975-11-10,19425,19425,Prefer not to say,Italian
19426,1991-02-07,19426,19426,Prefer not to say,Greek
19427,1980-06-21,19427,19427,Female,Arabic
19428,1986-03-01,19428,19428,Male,Italian
19429,1996-06-17,19429,19429,Prefer not to say,Italian
19430,1969-07-07,19430,19430,Female,Romanian
19431,1979-02-25,19431,19431,Male,German
19432,1988-07-19,19432,19432,Male,French
19433,1974-05-29,19433,19433,Non-binary,Vietnamese
19434,1982-02-16,19434,19434,Non-binary,French
19435,1977-07-03,19435,19435,Prefer not to say,French
19436,1975-11-15,19436,19436,Non-binary,German
19437,1984-07-14,19437,19437,Prefer not to say,Portuguese
19438,1986-09-03,19438,19438,Non-binary,Dutch
19439,1968-04-11,19439,19439,Male,Arabic
19440,1981-03-02,19440,19440,Male,Spanish
19441,1975-06-28,19441,19441,Non-binary,German
19442,1960-04-28,19442,19442,Male,Vietnamese
19443,1998-01-09,19443,19443,Female,Japanese
19444,1973-01-25,19444,19444,Prefer not to say,Russian
19445,2000-11-23,19445,19445,Prefer not to say,Italian
19446,1989-05-26,19446,19446,Non-binary,Japanese
19447,1973-12-14,19447,19447,Non-binary,Thai
19448,1985-04-08,19448,19448,Female,Hindi
19449,1994-04-30,19449,19449,Non-binary,Japanese
19450,1972-08-31,19450,19450,Non-binary,Vietnamese
19451,1971-04-29,19451,19451,Male,Turkish
19452,1986-07-09,19452,19452,Female,Vietnamese
19453,1995-04-10,19453,19453,Prefer not to say,Thai
19454,1972-10-01,19454,19454,Prefer not to say,Mandarin
19455,1967-08-02,19455,19455,Non-binary,Dutch
19456,1994-02-27,19456,19456,Prefer not to say,Korean
19457,1990-01-13,19457,19457,Male,Russian
19458,1960-05-19,19458,19458,Male,Thai
19459,1992-04-25,19459,19459,Prefer not to say,Russian
19460,1983-12-31,19460,19460,Female,German
19461,1962-05-12,19461,19461,Female,Greek
19462,1989-12-14,19462,19462,Female,Japanese
19463,1997-03-30,19463,19463,Male,Spanish
19464,1993-10-08,19464,19464,Non-binary,Italian
19465,1984-02-28,19465,19465,Female,French
19466,1984-03-11,19466,19466,Female,Polish
19467,1999-03-03,19467,19467,Non-binary,Italian
19468,1974-11-24,19468,19468,Non-binary,Turkish
19469,1987-05-30,19469,19469,Prefer not to say,Greek
19470,1978-08-20,19470,19470,Male,Japanese
19471,1963-04-18,19471,19471,Female,Thai
19472,1967-03-13,19472,19472,Prefer not to say,Hindi
19473,1962-11-25,19473,19473,Non-binary,Spanish
19474,1968-04-04,19474,19474,Female,Romanian
19475,1993-07-07,19475,19475,Non-binary,Thai
19476,1980-05-08,19476,19476,Female,Thai
19477,1985-12-17,19477,19477,Female,Romanian
19478,1994-04-25,19478,19478,Female,Vietnamese
19479,1971-04-09,19479,19479,Male,Japanese
19480,1960-10-23,19480,19480,Male,Vietnamese
19481,1979-05-03,19481,19481,Female,Dutch
19482,1964-01-17,19482,19482,Non-binary,German
19483,1974-01-10,19483,19483,Female,Russian
19484,1983-02-19,19484,19484,Non-binary,Portuguese
19485,1979-07-29,19485,19485,Prefer not to say,Dutch
19486,1979-05-27,19486,19486,Non-binary,Arabic
19487,1969-07-27,19487,19487,Female,Swedish
19488,1973-07-25,19488,19488,Prefer not to say,Portuguese
19489,1975-12-27,19489,19489,Male,Vietnamese
19490,1984-01-23,19490,19490,Non-binary,Japanese
19491,1972-08-01,19491,19491,Prefer not to say,Vietnamese
19492,1980-10-09,19492,19492,Non-binary,Romanian
19493,1964-03-26,19493,19493,Non-binary,Mandarin
19494,1986-05-27,19494,19494,Non-binary,Swedish
19495,1977-05-02,19495,19495,Prefer not to say,Swedish
19496,1960-09-30,19496,19496,Female,Romanian
19497,1998-11-12,19497,19497,Female,Portuguese
19498,1986-06-14,19498,19498,Prefer not to say,Japanese
19499,1988-04-30,19499,19499,Prefer not to say,Korean
19500,1980-09-21,19500,19500,Non-binary,Dutch
19501,1976-04-08,19501,19501,Non-binary,Hindi
19502,2000-02-24,19502,19502,Prefer not to say,Mandarin
19503,1971-12-04,19503,19503,Male,Romanian
19504,1971-04-24,19504,19504,Prefer not to say,Arabic
19505,1976-09-12,19505,19505,Female,Arabic
19506,1964-03-07,19506,19506,Female,Italian
19507,1976-08-10,19507,19507,Non-binary,Thai
19508,1984-12-20,19508,19508,Prefer not to say,Swedish
19509,1966-10-09,19509,19509,Prefer not to say,Swedish
19510,1963-03-23,19510,19510,Prefer not to say,Portuguese
19511,1990-02-17,19511,19511,Male,Mandarin
19512,1975-02-05,19512,19512,Female,Greek
19513,1972-09-01,19513,19513,Non-binary,Thai
19514,1986-04-20,19514,19514,Non-binary,Hindi
19515,1995-07-23,19515,19515,Prefer not to say,English
19516,1983-08-22,19516,19516,Prefer not to say,Polish
19517,1972-10-25,19517,19517,Male,Portuguese
19518,1992-12-02,19518,19518,Prefer not to say,Italian
19519,1990-09-01,19519,19519,Male,Spanish
19520,1978-04-23,19520,19520,Prefer not to say,Turkish
19521,1961-08-09,19521,19521,Non-binary,Greek
19522,1981-02-28,19522,19522,Male,French
19523,1982-07-27,19523,19523,Female,Mandarin
19524,1973-12-03,19524,19524,Male,Dutch
19525,1986-03-23,19525,19525,Male,Polish
19526,1987-01-05,19526,19526,Prefer not to say,Mandarin
19527,1975-01-20,19527,19527,Prefer not to say,Polish
19528,1966-06-25,19528,19528,Non-binary,Russian
19529,1985-11-23,19529,19529,Male,Greek
19530,1975-10-24,19530,19530,Prefer not to say,Mandarin
19531,1983-04-08,19531,19531,Male,English
19532,1978-03-23,19532,19532,Prefer not to say,Polish
19533,1980-04-04,19533,19533,Prefer not to say,French
19534,1986-12-01,19534,19534,Male,English
19535,1996-11-12,19535,19535,Male,Russian
19536,1988-06-12,19536,19536,Female,Swedish
19537,1976-08-15,19537,19537,Prefer not to say,Russian
19538,1962-02-14,19538,19538,Prefer not to say,German
19539,1987-05-18,19539,19539,Prefer not to say,Arabic
19540,1980-02-25,19540,19540,Prefer not to say,Vietnamese
19541,1983-12-07,19541,19541,Female,Thai
19542,1969-02-26,19542,19542,Non-binary,Italian
19543,1975-03-20,19543,19543,Male,Hindi
19544,1977-04-28,19544,19544,Prefer not to say,Portuguese
19545,1965-09-16,19545,19545,Male,Korean
19546,1987-05-26,19546,19546,Non-binary,Hindi
19547,1961-05-13,19547,19547,Prefer not to say,Turkish
19548,1999-03-04,19548,19548,Female,Vietnamese
19549,1970-04-06,19549,19549,Prefer not to say,French
19550,1983-07-30,19550,19550,Male,Swedish
19551,1994-11-02,19551,19551,Male,Polish
19552,1973-03-30,19552,19552,Prefer not to say,Polish
19553,1980-11-07,19553,19553,Prefer not to say,Korean
19554,1965-12-27,19554,19554,Male,French
19555,1982-09-21,19555,19555,Prefer not to say,Swedish
19556,1982-07-02,19556,19556,Prefer not to say,Greek
19557,1962-08-08,19557,19557,Prefer not to say,French
19558,1962-05-15,19558,19558,Male,Mandarin
19559,1997-12-30,19559,19559,Non-binary,French
19560,1976-09-30,19560,19560,Female,Spanish
19561,1977-07-30,19561,19561,Male,Polish
19562,1993-10-17,19562,19562,Female,Polish
19563,1976-07-22,19563,19563,Non-binary,Romanian
19564,1981-09-05,19564,19564,Male,Japanese
19565,1983-07-05,19565,19565,Male,French
19566,1976-08-06,19566,19566,Non-binary,Dutch
19567,1966-01-26,19567,19567,Non-binary,Greek
19568,1971-06-26,19568,19568,Female,Swedish
19569,1991-12-18,19569,19569,Female,Thai
19570,1984-10-12,19570,19570,Male,Russian
19571,1980-04-20,19571,19571,Prefer not to say,Swedish
19572,1993-11-01,19572,19572,Female,Spanish
19573,1978-11-19,19573,19573,Non-binary,Swedish
19574,1993-08-28,19574,19574,Prefer not to say,Portuguese
19575,1997-04-05,19575,19575,Non-binary,Korean
19576,1986-07-15,19576,19576,Female,Polish
19577,1964-01-01,19577,19577,Female,French
19578,1978-05-08,19578,19578,Male,Korean
19579,1986-04-04,19579,19579,Female,Japanese
19580,1992-01-27,19580,19580,Prefer not to say,Italian
19581,1969-12-27,19581,19581,Male,German
19582,1998-05-19,19582,19582,Non-binary,Mandarin
19583,1981-07-17,19583,19583,Male,Turkish
19584,1961-07-09,19584,19584,Male,Russian
19585,1993-02-02,19585,19585,Prefer not to say,Thai
19586,1981-12-20,19586,19586,Prefer not to say,German
19587,1994-01-25,19587,19587,Male,English
19588,1960-05-19,19588,19588,Female,French
19589,1983-07-22,19589,19589,Non-binary,Thai
19590,1968-02-08,19590,19590,Prefer not to say,French
19591,1966-11-16,19591,19591,Prefer not to say,Mandarin
19592,1968-01-08,19592,19592,Female,Japanese
19593,1999-12-19,19593,19593,Non-binary,Vietnamese
19594,1978-09-05,19594,19594,Male,Dutch
19595,1985-11-13,19595,19595,Prefer not to say,Turkish
19596,1984-12-10,19596,19596,Male,Italian
19597,1995-09-08,19597,19597,Female,Turkish
19598,1996-02-20,19598,19598,Prefer not to say,Japanese
19599,1990-01-17,19599,19599,Female,Japanese
19600,1986-06-18,19600,19600,Male,German
19601,1971-07-09,19601,19601,Non-binary,Hindi
19602,1963-06-20,19602,19602,Non-binary,Arabic
19603,1998-12-11,19603,19603,Prefer not to say,Turkish
19604,1990-03-18,19604,19604,Female,Turkish
19605,1977-02-23,19605,19605,Non-binary,Swedish
19606,1981-06-25,19606,19606,Male,Korean
19607,1989-05-17,19607,19607,Female,Arabic
19608,1973-10-17,19608,19608,Male,Italian
19609,1985-07-23,19609,19609,Male,German
19610,1979-12-19,19610,19610,Male,Arabic
19611,1982-12-23,19611,19611,Male,Mandarin
19612,1971-04-18,19612,19612,Male,Swedish
19613,1993-09-18,19613,19613,Non-binary,Portuguese
19614,1962-01-30,19614,19614,Non-binary,Turkish
19615,1987-01-15,19615,19615,Male,German
19616,1965-09-27,19616,19616,Non-binary,Romanian
19617,1978-01-18,19617,19617,Non-binary,English
19618,1971-12-03,19618,19618,Non-binary,Spanish
19619,1969-08-04,19619,19619,Female,Greek
19620,1997-09-07,19620,19620,Non-binary,English
19621,1984-12-09,19621,19621,Non-binary,French
19622,1976-07-10,19622,19622,Female,Dutch
19623,1971-09-08,19623,19623,Male,French
19624,1988-11-17,19624,19624,Female,Hindi
19625,1984-05-26,19625,19625,Non-binary,Turkish
19626,1980-12-10,19626,19626,Female,Thai
19627,1971-05-04,19627,19627,Prefer not to say,Russian
19628,1986-06-26,19628,19628,Non-binary,Dutch
19629,1978-04-21,19629,19629,Non-binary,Turkish
19630,1993-10-02,19630,19630,Non-binary,Greek
19631,1967-02-21,19631,19631,Female,Swedish
19632,1999-11-15,19632,19632,Female,Turkish
19633,1996-05-14,19633,19633,Male,Greek
19634,1996-12-15,19634,19634,Non-binary,Spanish
19635,1996-10-11,19635,19635,Prefer not to say,Romanian
19636,1981-06-11,19636,19636,Female,Portuguese
19637,1979-08-22,19637,19637,Non-binary,English
19638,1984-02-19,19638,19638,Male,Romanian
19639,1990-12-01,19639,19639,Female,Dutch
19640,1961-06-11,19640,19640,Male,Romanian
19641,1990-05-08,19641,19641,Male,Polish
19642,1981-06-10,19642,19642,Non-binary,Swedish
19643,1962-12-21,19643,19643,Male,Italian
19644,1971-08-30,19644,19644,Prefer not to say,Romanian
19645,1973-05-07,19645,19645,Non-binary,Portuguese
19646,1972-09-04,19646,19646,Non-binary,Romanian
19647,1978-11-08,19647,19647,Non-binary,Spanish
19648,1962-05-24,19648,19648,Prefer not to say,Arabic
19649,1984-06-10,19649,19649,Prefer not to say,French
19650,1966-02-17,19650,19650,Non-binary,Korean
19651,1992-01-28,19651,19651,Non-binary,Mandarin
19652,1966-01-06,19652,19652,Female,English
19653,1999-05-22,19653,19653,Non-binary,German
19654,1976-10-03,19654,19654,Non-binary,French
19655,1965-08-17,19655,19655,Female,Dutch
19656,1991-11-25,19656,19656,Male,Hindi
19657,1978-04-17,19657,19657,Male,Thai
19658,1973-04-21,19658,19658,Male,Hindi
19659,1981-01-21,19659,19659,Prefer not to say,English
19660,1985-05-03,19660,19660,Male,English
19661,1960-05-13,19661,19661,Non-binary,French
19662,1976-09-11,19662,19662,Female,Turkish
19663,1967-08-04,19663,19663,Non-binary,Vietnamese
19664,1988-06-09,19664,19664,Non-binary,Dutch
19665,1962-02-07,19665,19665,Male,Japanese
19666,1976-01-09,19666,19666,Non-binary,Spanish
19667,1971-11-04,19667,19667,Non-binary,Korean
19668,1984-07-16,19668,19668,Non-binary,Korean
19669,1972-08-24,19669,19669,Female,Korean
19670,1996-04-07,19670,19670,Female,Spanish
19671,1995-09-08,19671,19671,Prefer not to say,Mandarin
19672,1998-10-19,19672,19672,Female,Greek
19673,1960-03-24,19673,19673,Female,Thai
19674,1981-01-28,19674,19674,Male,Mandarin
19675,1998-06-02,19675,19675,Prefer not to say,Swedish
19676,1988-09-07,19676,19676,Prefer not to say,Spanish
19677,1996-04-21,19677,19677,Male,Turkish
19678,1998-08-09,19678,19678,Female,Arabic
19679,1965-01-20,19679,19679,Male,Polish
19680,1983-11-27,19680,19680,Male,Romanian
19681,1963-12-24,19681,19681,Prefer not to say,German
19682,1999-02-08,19682,19682,Female,Portuguese
19683,1989-06-21,19683,19683,Prefer not to say,Japanese
19684,1981-06-25,19684,19684,Female,Russian
19685,1966-07-12,19685,19685,Prefer not to say,Japanese
19686,1989-07-28,19686,19686,Female,Turkish
19687,1988-10-19,19687,19687,Non-binary,Vietnamese
19688,1999-10-18,19688,19688,Prefer not to say,Russian
19689,1988-09-05,19689,19689,Female,Spanish
19690,1998-08-26,19690,19690,Non-binary,English
19691,1998-11-11,19691,19691,Female,German
19692,1988-04-12,19692,19692,Non-binary,Turkish
19693,1968-08-04,19693,19693,Non-binary,Spanish
19694,1962-05-09,19694,19694,Non-binary,Thai
19695,1965-01-22,19695,19695,Non-binary,Portuguese
19696,1962-07-26,19696,19696,Female,Romanian
19697,1963-11-06,19697,19697,Male,Japanese
19698,1975-02-19,19698,19698,Prefer not to say,Mandarin
19699,1978-04-28,19699,19699,Male,Italian
19700,1973-01-24,19700,19700,Non-binary,Swedish
19701,1989-10-12,19701,19701,Male,Italian
19702,1967-11-19,19702,19702,Non-binary,Russian
19703,1972-01-18,19703,19703,Prefer not to say,Greek
19704,1966-04-22,19704,19704,Prefer not to say,Mandarin
19705,1990-02-28,19705,19705,Non-binary,Polish
19706,1974-10-12,19706,19706,Male,Korean
19707,1969-08-08,19707,19707,Male,Mandarin
19708,1992-08-05,19708,19708,Prefer not to say,Greek
19709,1965-05-08,19709,19709,Female,English
19710,1985-09-23,19710,19710,Non-binary,Swedish
19711,1989-12-12,19711,19711,Prefer not to say,Mandarin
19712,1979-12-13,19712,19712,Male,Japanese
19713,1961-08-20,19713,19713,Non-binary,Mandarin
19714,1986-05-25,19714,19714,Male,English
19715,1971-02-16,19715,19715,Male,English
19716,1978-12-17,19716,19716,Male,Japanese
19717,1973-08-25,19717,19717,Male,Japanese
19718,1988-02-28,19718,19718,Non-binary,Hindi
19719,1980-05-03,19719,19719,Female,Romanian
19720,1971-11-27,19720,19720,Non-binary,Swedish
19721,1977-06-09,19721,19721,Male,English
19722,1961-07-09,19722,19722,Male,Russian
19723,1993-07-04,19723,19723,Male,Swedish
19724,1968-01-21,19724,19724,Male,Hindi
19725,1963-01-24,19725,19725,Prefer not to say,Spanish
19726,1966-04-05,19726,19726,Prefer not to say,Arabic
19727,1997-08-11,19727,19727,Female,German
19728,2000-09-19,19728,19728,Male,Korean
19729,1979-08-19,19729,19729,Prefer not to say,French
19730,1999-08-10,19730,19730,Male,Thai
19731,1961-04-04,19731,19731,Prefer not to say,Italian
19732,1968-04-22,19732,19732,Male,Greek
19733,1977-09-16,19733,19733,Non-binary,Turkish
19734,1962-02-15,19734,19734,Male,Vietnamese
19735,1975-07-19,19735,19735,Female,Spanish
19736,1976-01-03,19736,19736,Female,English
19737,1985-10-23,19737,19737,Non-binary,Hindi
19738,1992-08-30,19738,19738,Prefer not to say,Turkish
19739,1996-12-07,19739,19739,Male,Spanish
19740,1990-09-02,19740,19740,Prefer not to say,Russian
19741,1991-09-29,19741,19741,Male,Vietnamese
19742,1974-08-06,19742,19742,Non-binary,Turkish
19743,1970-06-06,19743,19743,Female,Mandarin
19744,1972-12-23,19744,19744,Female,Japanese
19745,1979-03-28,19745,19745,Female,Portuguese
19746,1999-11-18,19746,19746,Prefer not to say,Polish
19747,1984-10-15,19747,19747,Prefer not to say,Spanish
19748,1978-06-13,19748,19748,Non-binary,Korean
19749,1989-12-22,19749,19749,Prefer not to say,French
19750,1975-08-01,19750,19750,Non-binary,Korean
19751,1991-08-25,19751,19751,Non-binary,Japanese
19752,1965-03-26,19752,19752,Female,Swedish
19753,1960-08-16,19753,19753,Female,Turkish
19754,1986-05-19,19754,19754,Non-binary,Swedish
19755,2000-12-24,19755,19755,Prefer not to say,Spanish
19756,1961-05-04,19756,19756,Prefer not to say,Mandarin
19757,1994-11-08,19757,19757,Non-binary,Mandarin
19758,1996-12-26,19758,19758,Prefer not to say,French
19759,1978-06-18,19759,19759,Female,Dutch
19760,1997-07-24,19760,19760,Female,Polish
19761,1981-11-29,19761,19761,Male,Romanian
19762,1984-01-24,19762,19762,Non-binary,Romanian
19763,1971-04-06,19763,19763,Male,English
19764,1963-01-16,19764,19764,Non-binary,English
19765,1984-12-10,19765,19765,Non-binary,Romanian
19766,1997-01-29,19766,19766,Male,French
19767,1965-01-21,19767,19767,Non-binary,Italian
19768,1988-09-17,19768,19768,Non-binary,English
19769,1969-03-07,19769,19769,Prefer not to say,Dutch
19770,1983-06-07,19770,19770,Male,Greek
19771,1965-03-05,19771,19771,Prefer not to say,Hindi
19772,1973-11-02,19772,19772,Male,French
19773,1973-08-31,19773,19773,Male,Turkish
19774,1992-05-10,19774,19774,Female,French
19775,1989-12-06,19775,19775,Prefer not to say,Arabic
19776,1967-11-16,19776,19776,Male,Portuguese
19777,1981-06-28,19777,19777,Female,English
19778,1980-10-13,19778,19778,Female,Arabic
19779,1967-11-04,19779,19779,Female,Spanish
19780,1990-10-05,19780,19780,Non-binary,Romanian
19781,1971-08-25,19781,19781,Male,Turkish
19782,1970-11-09,19782,19782,Female,Italian
19783,1980-05-16,19783,19783,Female,Russian
19784,1973-01-09,19784,19784,Female,Hindi
19785,1960-10-06,19785,19785,Non-binary,Spanish
19786,1979-02-10,19786,19786,Prefer not to say,Turkish
19787,1961-11-28,19787,19787,Female,German
19788,1990-12-03,19788,19788,Non-binary,Thai
19789,1960-06-19,19789,19789,Male,Hindi
19790,1977-07-26,19790,19790,Female,Vietnamese
19791,1983-12-15,19791,19791,Non-binary,Japanese
19792,1992-09-10,19792,19792,Male,Russian
19793,1976-07-29,19793,19793,Non-binary,Korean
19794,1997-07-27,19794,19794,Prefer not to say,Russian
19795,1971-02-10,19795,19795,Prefer not to say,Vietnamese
19796,1964-06-20,19796,19796,Non-binary,Arabic
19797,1999-10-19,19797,19797,Female,Polish
19798,1961-07-25,19798,19798,Male,Dutch
19799,1970-02-10,19799,19799,Female,English
19800,1961-07-17,19800,19800,Non-binary,Portuguese
19801,1993-03-08,19801,19801,Female,Portuguese
19802,1966-07-25,19802,19802,Male,German
19803,1971-01-19,19803,19803,Prefer not to say,Thai
19804,1979-06-16,19804,19804,Male,Vietnamese
19805,1974-01-31,19805,19805,Male,Turkish
19806,1992-10-03,19806,19806,Female,Polish
19807,1968-08-01,19807,19807,Female,Swedish
19808,1991-11-19,19808,19808,Female,Greek
19809,1996-11-30,19809,19809,Female,Hindi
19810,1995-09-27,19810,19810,Female,Dutch
19811,1987-02-12,19811,19811,Prefer not to say,Mandarin
19812,1997-07-12,19812,19812,Prefer not to say,Italian
19813,1979-12-23,19813,19813,Non-binary,Polish
19814,1978-12-12,19814,19814,Non-binary,Romanian
19815,1979-03-07,19815,19815,Prefer not to say,Mandarin
19816,1997-12-15,19816,19816,Male,Korean
19817,1976-06-29,19817,19817,Prefer not to say,Korean
19818,1960-07-22,19818,19818,Female,Korean
19819,1993-11-20,19819,19819,Male,Turkish
19820,1993-03-20,19820,19820,Non-binary,French
19821,1981-06-06,19821,19821,Non-binary,Turkish
19822,1992-09-14,19822,19822,Male,Vietnamese
19823,1979-10-09,19823,19823,Male,Hindi
19824,1985-10-27,19824,19824,Male,Russian
19825,1972-09-19,19825,19825,Non-binary,Swedish
19826,1985-07-27,19826,19826,Male,Polish
19827,1996-04-17,19827,19827,Prefer not to say,Spanish
19828,1980-01-28,19828,19828,Male,Korean
19829,1963-01-23,19829,19829,Prefer not to say,Romanian
19830,1986-01-14,19830,19830,Non-binary,Swedish
19831,1996-02-24,19831,19831,Female,Spanish
19832,1965-02-19,19832,19832,Non-binary,Japanese
19833,1992-12-13,19833,19833,Non-binary,Russian
19834,1970-09-14,19834,19834,Male,Hindi
19835,1996-04-23,19835,19835,Female,English
19836,1993-11-23,19836,19836,Male,Japanese
19837,1961-05-08,19837,19837,Female,French
19838,1961-08-09,19838,19838,Female,Korean
19839,1993-10-07,19839,19839,Non-binary,Polish
19840,1992-02-06,19840,19840,Male,Portuguese
19841,1983-04-23,19841,19841,Female,English
19842,1990-02-21,19842,19842,Female,Hindi
19843,1977-11-27,19843,19843,Female,German
19844,1978-08-19,19844,19844,Prefer not to say,Arabic
19845,1994-08-26,19845,19845,Prefer not to say,French
19846,1971-12-19,19846,19846,Male,Hindi
19847,2000-12-27,19847,19847,Prefer not to say,Thai
19848,1987-08-08,19848,19848,Non-binary,Greek
19849,1965-01-11,19849,19849,Prefer not to say,Spanish
19850,1974-11-01,19850,19850,Prefer not to say,Korean
19851,1995-04-14,19851,19851,Female,Turkish
19852,1978-02-13,19852,19852,Non-binary,English
19853,1984-08-21,19853,19853,Non-binary,Korean
19854,1997-09-06,19854,19854,Male,Portuguese
19855,1983-04-01,19855,19855,Prefer not to say,Arabic
19856,1980-02-06,19856,19856,Non-binary,Portuguese
19857,1976-07-30,19857,19857,Male,Portuguese
19858,1971-10-13,19858,19858,Female,German
19859,1997-04-26,19859,19859,Non-binary,Portuguese
19860,1971-07-21,19860,19860,Prefer not to say,Russian
19861,1972-10-26,19861,19861,Non-binary,Italian
19862,1994-03-15,19862,19862,Prefer not to say,Greek
19863,1995-12-14,19863,19863,Female,Arabic
19864,1969-03-25,19864,19864,Prefer not to say,Turkish
19865,1977-08-23,19865,19865,Female,Mandarin
19866,1986-02-13,19866,19866,Prefer not to say,Russian
19867,1973-02-14,19867,19867,Non-binary,French
19868,1970-02-05,19868,19868,Non-binary,Korean
19869,1970-07-10,19869,19869,Prefer not to say,Thai
19870,1984-10-06,19870,19870,Female,Turkish
19871,1995-06-04,19871,19871,Female,Swedish
19872,1980-03-12,19872,19872,Female,Italian
19873,1978-04-01,19873,19873,Prefer not to say,Arabic
19874,1989-11-29,19874,19874,Male,Korean
19875,1976-05-01,19875,19875,Non-binary,Italian
19876,1988-06-27,19876,19876,Male,Italian
19877,1989-06-15,19877,19877,Prefer not to say,Polish
19878,1991-12-09,19878,19878,Female,German
19879,1975-07-03,19879,19879,Female,Japanese
19880,1961-06-09,19880,19880,Prefer not to say,Russian
19881,1983-01-09,19881,19881,Male,English
19882,1968-03-24,19882,19882,Prefer not to say,Arabic
19883,1972-03-27,19883,19883,Non-binary,Hindi
19884,1968-10-14,19884,19884,Prefer not to say,Japanese
19885,1997-08-04,19885,19885,Prefer not to say,Russian
19886,1974-12-30,19886,19886,Prefer not to say,Portuguese
19887,1992-09-29,19887,19887,Female,Mandarin
19888,2000-11-02,19888,19888,Non-binary,Portuguese
19889,1987-04-25,19889,19889,Non-binary,Spanish
19890,1985-05-10,19890,19890,Prefer not to say,Swedish
19891,1961-01-22,19891,19891,Male,Hindi
19892,1989-01-04,19892,19892,Prefer not to say,Russian
19893,1975-06-23,19893,19893,Male,Russian
19894,1999-04-16,19894,19894,Male,Russian
19895,1984-07-26,19895,19895,Non-binary,Turkish
19896,1966-09-29,19896,19896,Female,Turkish
19897,1963-08-11,19897,19897,Female,Korean
19898,1985-03-02,19898,19898,Prefer not to say,Japanese
19899,1982-04-21,19899,19899,Prefer not to say,Arabic
19900,1978-01-28,19900,19900,Male,Portuguese
19901,1970-12-02,19901,19901,Female,Swedish
19902,1984-10-06,19902,19902,Male,English
19903,1995-04-01,19903,19903,Prefer not to say,Spanish
19904,1994-09-19,19904,19904,Female,Russian
19905,1990-01-01,19905,19905,Male,French
19906,1997-09-14,19906,19906,Non-binary,Portuguese
19907,1994-01-25,19907,19907,Non-binary,Hindi
19908,1999-05-18,19908,19908,Non-binary,Italian
19909,1986-01-19,19909,19909,Female,Russian
19910,1985-11-22,19910,19910,Female,Russian
19911,1987-03-02,19911,19911,Male,Japanese
19912,1972-01-02,19912,19912,Prefer not to say,Vietnamese
19913,1998-06-08,19913,19913,Non-binary,Hindi
19914,1990-11-10,19914,19914,Prefer not to say,Korean
19915,1987-11-28,19915,19915,Prefer not to say,Polish
19916,1977-12-13,19916,19916,Male,Arabic
19917,1991-02-24,19917,19917,Male,French
19918,1960-08-06,19918,19918,Prefer not to say,Hindi
19919,1995-09-22,19919,19919,Male,Portuguese
19920,1991-10-30,19920,19920,Male,Russian
19921,1982-08-06,19921,19921,Male,Russian
19922,1967-06-21,19922,19922,Prefer not to say,Greek
19923,1986-10-27,19923,19923,Non-binary,Greek
19924,1980-02-24,19924,19924,Male,French
19925,1986-08-11,19925,19925,Non-binary,Russian
19926,1961-03-07,19926,19926,Male,Greek
19927,1998-04-01,19927,19927,Male,Greek
19928,1989-10-03,19928,19928,Female,German
19929,1990-04-09,19929,19929,Non-binary,Thai
19930,1994-11-09,19930,19930,Non-binary,Russian
19931,1963-11-02,19931,19931,Female,Portuguese
19932,1973-04-23,19932,19932,Prefer not to say,Arabic
19933,1981-02-12,19933,19933,Female,French
19934,2000-01-22,19934,19934,Male,Greek
19935,1995-04-15,19935,19935,Male,Thai
19936,1986-01-01,19936,19936,Male,Russian
19937,1973-04-21,19937,19937,Prefer not to say,Mandarin
19938,1963-01-02,19938,19938,Non-binary,Portuguese
19939,1984-08-03,19939,19939,Male,Spanish
19940,1993-08-27,19940,19940,Female,Polish
19941,1979-11-02,19941,19941,Prefer not to say,Italian
19942,1988-10-15,19942,19942,Female,Vietnamese
19943,1974-06-25,19943,19943,Female,Greek
19944,1981-03-02,19944,19944,Prefer not to say,Portuguese
19945,1985-08-07,19945,19945,Female,Japanese
19946,1974-02-15,19946,19946,Prefer not to say,Korean
19947,1992-03-22,19947,19947,Female,Greek
19948,1971-08-08,19948,19948,Male,Swedish
19949,1972-07-13,19949,19949,Prefer not to say,Polish
19950,1979-10-30,19950,19950,Female,Korean
19951,1981-08-20,19951,19951,Non-binary,Swedish
19952,1999-05-19,19952,19952,Prefer not to say,Turkish
19953,1991-06-14,19953,19953,Female,Mandarin
19954,1964-08-20,19954,19954,Female,Arabic
19955,1964-06-12,19955,19955,Male,Greek
19956,1972-08-10,19956,19956,Prefer not to say,Turkish
19957,1971-05-19,19957,19957,Non-binary,Swedish
19958,1981-09-13,19958,19958,Non-binary,Hindi
19959,1971-12-07,19959,19959,Non-binary,English
19960,1970-12-06,19960,19960,Prefer not to say,Spanish
19961,1965-01-25,19961,19961,Prefer not to say,Romanian
19962,1964-05-17,19962,19962,Female,Polish
19963,1999-04-27,19963,19963,Female,Japanese
19964,1979-04-30,19964,19964,Prefer not to say,Portuguese
19965,1975-05-25,19965,19965,Male,German
19966,1984-12-23,19966,19966,Male,Mandarin
19967,1970-03-30,19967,19967,Female,Arabic
19968,1981-11-16,19968,19968,Male,English
19969,1974-05-27,19969,19969,Prefer not to say,French
19970,1990-05-21,19970,19970,Prefer not to say,Italian
19971,1963-04-22,19971,19971,Male,Mandarin
19972,1969-06-20,19972,19972,Male,French
19973,1962-04-14,19973,19973,Non-binary,Dutch
19974,1985-12-28,19974,19974,Female,German
19975,1995-08-31,19975,19975,Prefer not to say,Portuguese
19976,1989-12-17,19976,19976,Non-binary,English
19977,1993-12-31,19977,19977,Prefer not to say,French
19978,1989-04-23,19978,19978,Female,Arabic
19979,1995-07-04,19979,19979,Non-binary,Polish
19980,1961-07-25,19980,19980,Prefer not to say,Turkish
19981,2000-05-19,19981,19981,Non-binary,Mandarin
19982,1964-01-16,19982,19982,Male,Italian
19983,1969-10-04,19983,19983,Female,Turkish
19984,1997-05-03,19984,19984,Female,Portuguese
19985,1981-09-07,19985,19985,Prefer not to say,Vietnamese
19986,1965-01-09,19986,19986,Prefer not to say,Vietnamese
19987,1970-11-18,19987,19987,Non-binary,Portuguese
19988,1969-05-13,19988,19988,Male,Dutch
19989,1988-03-19,19989,19989,Male,Arabic
19990,1972-03-04,19990,19990,Prefer not to say,Japanese
19991,1992-12-22,19991,19991,Non-binary,Arabic
19992,2000-08-16,19992,19992,Female,Thai
19993,1971-12-04,19993,19993,Prefer not to say,Japanese
19994,1997-08-07,19994,19994,Male,Dutch
19995,1961-04-28,19995,19995,Female,Portuguese
19996,1967-09-06,19996,19996,Non-binary,Thai
19997,1960-02-10,19997,19997,Non-binary,Korean
19998,1980-10-13,19998,19998,Prefer not to say,Russian
19999,2000-05-27,19999,19999,Female,Mandarin
20000,1964-08-11,20000,20000,Female,Polish
